class,policy,reward,seed,stage,win,turns,hp,max_hp,hp_spent,hp_restored,cards_drawn,casts,deck_size,timeout
night,planner,skip,10000,0,1,2,22,22,3,3,0,3,20,0
night,planner,skip,10000,1,1,2,19,22,4,8,0,4,20,0
night,planner,skip,10000,2,1,4,10,22,10,14,0,7,20,0
night,planner,skip,10000,3,1,4,13,22,10,23,0,8,20,0
night,planner,skip,10000,4,1,5,12,22,8,35,6,9,20,0
night,planner,skip,10001,0,1,2,22,22,0,0,0,3,20,0
night,planner,skip,10001,1,1,2,13,22,7,5,0,4,20,0
night,planner,skip,10001,2,0,2,0,22,10,2,0,4,20,0
night,planner,skip,10001,3,0,2,0,22,10,2,0,4,20,0
night,planner,skip,10001,4,1,6,14,22,6,45,0,11,20,0
night,planner,skip,10002,0,1,2,19,22,3,4,0,3,20,0
night,planner,skip,10002,1,1,2,19,22,4,8,0,4,20,0
night,planner,skip,10002,2,1,4,10,22,10,14,0,7,20,0
night,planner,skip,10002,3,0,2,0,22,10,2,0,4,20,0
night,planner,skip,10002,4,1,4,18,22,12,28,6,8,20,0
night,planner,skip,10003,0,1,2,20,22,0,2,0,3,20,0
night,planner,skip,10003,1,1,2,13,22,7,5,0,4,20,0
night,planner,skip,10003,2,1,3,9,22,14,9,0,6,20,0
night,planner,skip,10003,3,1,4,9,22,13,18,0,8,20,0
night,planner,skip,10003,4,1,4,16,22,10,28,10,7,20,0
night,planner,skip,10004,0,1,2,19,22,3,0,0,3,20,0
night,planner,skip,10004,1,1,2,19,22,4,8,0,4,20,0
night,planner,skip,10004,2,1,3,18,22,10,14,0,6,20,0
night,planner,skip,10004,3,0,3,0,22,10,9,0,6,20,0
night,planner,skip,10004,4,1,4,3,22,13,19,0,7,20,0
night,planner,skip,10005,0,1,2,22,22,0,0,0,3,20,0
night,planner,skip,10005,1,1,2,19,22,4,8,0,4,20,0
night,planner,skip,10005,2,1,4,10,22,10,14,0,7,20,0
night,planner,skip,10005,3,1,4,9,22,10,17,0,8,20,0
night,planner,skip,10005,4,1,4,7,22,15,27,6,8,20,0
night,planner,skip,10006,0,1,2,20,22,3,5,0,3,20,0
night,planner,skip,10006,1,1,2,13,22,7,4,0,4,20,0
night,planner,skip,10006,2,1,4,7,22,11,12,0,7,20,0
night,planner,skip,10006,3,1,4,17,22,7,20,0,8,20,0
night,planner,skip,10006,4,1,5,22,22,8,41,10,10,20,0
night,planner,skip,10007,0,1,2,22,22,3,3,0,3,20,0
night,planner,skip,10007,1,1,2,19,22,4,8,0,4,20,0
night,planner,skip,10007,2,1,3,18,22,8,12,0,6,20,0
night,planner,skip,10007,3,1,4,15,22,10,23,0,8,20,0
night,planner,skip,10007,4,1,5,19,22,8,39,8,10,20,0
night,planner,skip,10008,0,1,2,22,22,3,3,0,3,20,0
night,planner,skip,10008,1,1,2,19,22,4,8,0,4,20,0
night,planner,skip,10008,2,1,3,7,22,13,6,0,6,20,0
night,planner,skip,10008,3,1,4,21,22,7,26,0,8,20,0
night,planner,skip,10008,4,1,5,20,22,9,39,6,10,20,0
night,planner,skip,10009,0,1,2,22,22,3,3,0,3,20,0
night,planner,skip,10009,1,1,2,19,22,4,8,0,4,20,0
night,planner,skip,10009,2,1,3,7,22,13,6,0,6,20,0
night,planner,skip,10009,3,0,3,0,22,13,6,0,6,20,0
night,planner,skip,10009,4,1,4,16,22,9,34,4,8,20,0
night,planner,skip,10010,0,1,2,19,22,3,4,0,3,20,0
night,planner,skip,10010,1,1,2,14,22,7,6,0,4,20,0
night,planner,skip,10010,2,1,3,15,22,11,12,0,6,20,0
night,planner,skip,10010,3,1,4,16,22,10,22,0,8,20,0
night,planner,skip,10010,4,1,4,19,22,5,36,6,8,20,0
night,planner,skip,10011,0,1,2,22,22,0,0,0,3,20,0
night,planner,skip,10011,1,1,2,7,22,10,2,0,4,20,0
night,planner,skip,10011,2,1,3,18,22,10,14,0,6,20,0
night,planner,skip,10011,3,1,4,22,22,6,28,0,8,20,0
night,planner,skip,10011,4,0,3,0,22,9,11,0,5,20,0
night,planner,skip,10012,0,1,2,19,22,3,0,0,3,20,0
night,planner,skip,10012,1,1,2,10,22,9,4,4,4,20,0
night,planner,skip,10012,2,1,4,13,22,8,15,0,7,20,0
night,planner,skip,10012,3,1,4,17,22,10,23,0,8,20,0
night,planner,skip,10012,4,1,4,22,22,10,27,12,8,20,0
night,planner,skip,10013,0,1,2,22,22,3,3,0,3,20,0
night,planner,skip,10013,1,1,2,19,22,4,8,0,4,20,0
night,planner,skip,10013,2,1,3,10,22,10,14,0,5,20,0
night,planner,skip,10013,3,1,4,15,22,10,23,0,8,20,0
night,planner,skip,10013,4,1,5,19,22,8,43,10,10,20,0
night,planner,skip,10014,0,1,2,21,22,3,4,0,3,20,0
night,planner,skip,10014,1,1,2,19,22,4,8,0,4,20,0
night,planner,skip,10014,2,1,3,21,22,10,17,0,6,20,0
night,planner,skip,10014,3,0,3,0,22,13,6,0,6,20,0
night,planner,skip,10014,4,1,5,18,22,6,40,0,9,20,0
night,planner,skip,10015,0,1,2,22,22,3,3,0,4,20,0
night,planner,skip,10015,1,1,2,19,22,4,8,0,4,20,0
night,planner,skip,10015,2,1,3,18,22,10,14,0,6,20,0
night,planner,skip,10015,3,1,4,16,22,10,22,0,8,20,0
night,planner,skip,10015,4,1,4,16,22,10,29,10,7,20,0
night,planner,skip,10016,0,1,2,22,22,3,5,0,3,20,0
night,planner,skip,10016,1,1,2,9,22,6,0,0,4,20,0
night,planner,skip,10016,2,1,3,18,22,10,14,0,6,20,0
night,planner,skip,10016,3,1,4,17,22,10,23,0,8,20,0
night,planner,skip,10016,4,0,3,0,22,11,17,6,6,20,0
night,planner,skip,10017,0,1,2,22,22,0,2,0,3,20,0
night,planner,skip,10017,1,1,2,13,22,7,5,0,4,20,0
night,planner,skip,10017,2,0,2,0,22,10,3,0,4,20,0
night,planner,skip,10017,3,1,4,19,22,7,22,0,8,20,0
night,planner,skip,10017,4,1,4,14,22,8,34,6,8,20,0
night,planner,skip,10018,0,1,2,19,22,3,4,0,3,20,0
night,planner,skip,10018,1,1,2,19,22,4,8,0,4,20,0
night,planner,skip,10018,2,1,3,21,22,8,15,0,6,20,0
night,planner,skip,10018,3,1,4,20,22,7,25,0,8,20,0
night,planner,skip,10018,4,1,5,22,22,6,42,0,9,20,0
night,planner,skip,10019,0,1,2,22,22,0,0,0,3,20,0
night,planner,skip,10019,1,1,2,19,22,4,8,0,4,20,0
night,planner,skip,10019,2,1,3,21,22,8,15,0,6,20,0
night,planner,skip,10019,3,1,4,10,22,10,16,0,8,20,0
night,planner,skip,10019,4,1,4,22,22,11,31,10,8,20,0
night,planner,skip,10020,0,1,2,22,22,0,0,0,4,20,0
night,planner,skip,10020,1,1,2,7,22,10,2,0,4,20,0
night,planner,skip,10020,2,1,4,17,22,7,18,0,7,20,0
night,planner,skip,10020,3,1,4,10,22,10,16,0,8,20,0
night,planner,skip,10020,4,0,3,0,22,10,17,0,6,20,0
night,planner,skip,10021,0,1,2,22,22,3,3,0,4,20,0
night,planner,skip,10021,1,1,2,7,22,10,2,0,4,20,0
night,planner,skip,10021,2,1,3,15,22,11,12,0,6,20,0
night,planner,skip,10021,3,1,4,14,22,10,22,0,8,20,0
night,planner,skip,10021,4,1,5,17,22,9,40,6,10,20,0
night,planner,skip,10022,0,1,2,20,22,3,5,0,3,20,0
night,planner,skip,10022,1,1,2,19,22,4,8,0,4,20,0
night,planner,skip,10022,2,1,4,17,22,7,18,0,7,20,0
night,planner,skip,10022,3,1,4,14,22,10,22,0,8,20,0
night,planner,skip,10022,4,1,4,13,22,8,33,6,8,20,0
night,planner,skip,10023,0,1,2,22,22,0,0,0,4,20,0
night,planner,skip,10023,1,1,2,19,22,4,8,0,4,20,0
night,planner,skip,10023,2,1,3,15,22,11,12,0,6,20,0
night,planner,skip,10023,3,1,4,9,22,10,23,0,8,20,0
night,planner,skip,10023,4,0,4,0,22,14,19,4,8,20,0
night,planner,skip,10024,0,1,2,13,22,6,1,0,3,20,0
night,planner,skip,10024,1,1,2,12,22,7,4,0,4,20,0
night,planner,skip,10024,2,1,3,15,22,11,12,0,6,20,0
night,planner,skip,10024,3,1,4,15,22,10,23,0,8,20,0
night,planner,skip,10024,4,1,4,11,22,6,29,4,8,20,0
night,planner,skip,10025,0,1,2,22,22,3,3,0,3,20,0
night,planner,skip,10025,1,1,2,12,22,7,4,0,4,20,0
night,planner,skip,10025,2,1,3,21,22,8,15,0,6,20,0
night,planner,skip,10025,3,1,4,15,22,10,23,0,8,20,0
night,planner,skip,10025,4,1,5,18,22,7,41,10,10,20,0
night,planner,skip,10026,0,1,2,18,22,6,2,0,3,20,0
night,planner,skip,10026,1,1,2,8,22,10,3,0,4,20,0
night,planner,skip,10026,2,1,4,11,22,10,15,0,7,20,0
night,planner,skip,10026,3,1,4,9,22,10,23,0,8,20,0
night,planner,skip,10026,4,1,5,19,22,10,43,10,10,20,0
night,planner,skip,10027,0,1,2,20,22,3,5,0,3,20,0
night,planner,skip,10027,1,1,2,12,22,7,4,0,4,20,0
night,planner,skip,10027,2,1,3,21,22,8,15,0,6,20,0
night,planner,skip,10027,3,1,4,20,22,7,25,0,8,20,0
night,planner,skip,10027,4,1,5,16,22,8,33,6,9,20,0
night,planner,skip,10028,0,1,2,19,22,3,0,0,3,20,0
night,planner,skip,10028,1,1,2,13,22,7,5,0,4,20,0
night,planner,skip,10028,2,1,3,18,22,7,19,0,6,20,0
night,planner,skip,10028,3,1,4,10,22,10,22,0,8,20,0
night,planner,skip,10028,4,1,4,16,22,12,31,10,8,20,0
night,planner,skip,10029,0,1,2,22,22,3,3,0,3,20,0
night,planner,skip,10029,1,1,2,19,22,4,8,0,4,20,0
night,planner,skip,10029,2,1,3,21,22,8,15,0,6,20,0
night,planner,skip,10029,3,1,4,18,22,10,22,0,8,20,0
night,planner,skip,10029,4,1,4,22,22,12,32,6,8,20,0
night,planner,skip,10030,0,1,2,22,22,3,3,0,3,20,0
night,planner,skip,10030,1,1,2,19,22,4,8,0,4,20,0
night,planner,skip,10030,2,1,4,13,22,8,15,0,7,20,0
night,planner,skip,10030,3,1,4,19,22,7,22,0,8,20,0
night,planner,skip,10030,4,1,5,17,22,8,39,6,9,20,0
night,planner,skip,10031,0,1,2,22,22,0,0,0,3,20,0
night,planner,skip,10031,1,1,2,19,22,4,8,0,4,20,0
night,planner,skip,10031,2,1,3,18,22,10,14,0,6,20,0
night,planner,skip,10031,3,1,4,7,22,13,18,0,8,20,0
night,planner,skip,10031,4,1,5,20,22,9,45,6,10,20,0
night,planner,skip,10032,0,1,2,16,22,6,0,4,4,20,0
night,planner,skip,10032,1,1,2,14,22,7,5,0,4,20,0
night,planner,skip,10032,2,1,3,15,22,11,12,0,6,20,0
night,planner,skip,10032,3,0,3,0,22,13,14,0,6,20,0
night,planner,skip,10032,4,1,4,9,22,11,32,6,8,20,0
night,planner,skip,10033,0,1,2,20,22,3,5,0,3,20,0
night,planner,skip,10033,1,1,2,13,22,7,5,0,4,20,0
night,planner,skip,10033,2,1,4,14,22,8,16,0,7,20,0
night,planner,skip,10033,3,1,4,22,22,7,25,0,8,20,0
night,planner,skip,10033,4,1,4,18,22,12,31,6,8,20,0
night,planner,skip,10034,0,1,2,19,22,3,4,0,3,20,0
night,planner,skip,10034,1,1,2,19,22,4,8,0,4,20,0
night,planner,skip,10034,2,1,3,21,22,8,15,0,6,20,0
night,planner,skip,10034,3,1,4,9,22,13,18,0,8,20,0
night,planner,skip,10034,4,1,4,12,22,11,35,6,8,20,0
night,planner,skip,10035,0,1,2,19,22,3,4,0,3,20,0
night,planner,skip,10035,1,1,2,12,22,7,4,0,4,20,0
night,planner,skip,10035,2,1,3,15,22,11,12,0,6,20,0
night,planner,skip,10035,3,1,4,20,22,7,25,0,8,20,0
night,planner,skip,10035,4,1,4,7,22,15,24,6,8,20,0
night,planner,skip,10036,0,1,2,22,22,3,3,0,3,20,0
night,planner,skip,10036,1,1,2,14,22,7,6,0,4,20,0
night,planner,skip,10036,2,1,3,21,22,8,15,0,6,20,0
night,planner,skip,10036,3,1,4,10,22,10,18,0,8,20,0
night,planner,skip,10036,4,1,5,15,22,8,33,6,9,20,0
night,planner,skip,10037,0,1,2,22,22,0,0,0,4,20,0
night,planner,skip,10037,1,1,2,19,22,4,8,0,4,20,0
night,planner,skip,10037,2,1,3,15,22,11,12,0,6,20,0
night,planner,skip,10037,3,1,4,16,22,11,21,0,8,20,0
night,planner,skip,10037,4,1,4,17,22,11,32,10,8,20,0
night,planner,skip,10038,0,1,2,22,22,3,3,0,3,20,0
night,planner,skip,10038,1,1,2,14,22,7,6,0,4,20,0
night,planner,skip,10038,2,1,3,15,22,11,12,0,6,20,0
night,planner,skip,10038,3,1,4,9,22,13,18,0,8,20,0
night,planner,skip,10038,4,1,5,19,22,9,38,6,10,20,0
night,planner,skip,10039,0,1,2,22,22,3,3,0,3,20,0
night,planner,skip,10039,1,1,2,16,22,3,4,0,4,20,0
night,planner,skip,10039,2,1,3,21,22,8,15,0,6,20,0
night,planner,skip,10039,3,1,4,17,22,10,21,0,8,20,0
night,planner,skip,10039,4,1,5,16,22,8,40,8,10,20,0
night,planner,skip,10040,0,1,2,22,22,3,3,0,3,20,0
night,planner,skip,10040,1,1,2,12,22,7,4,0,4,20,0
night,planner,skip,10040,2,1,4,10,22,10,14,0,7,20,0
night,planner,skip,10040,3,1,4,13,22,10,23,0,8,20,0
night,planner,skip,10040,4,1,4,15,22,11,29,6,8,20,0
night,planner,skip,10041,0,1,2,21,22,3,4,0,3,20,0
night,planner,skip,10041,1,1,2,19,22,4,8,0,4,20,0
night,planner,skip,10041,2,1,4,11,22,7,12,0,7,20,0
night,planner,skip,10041,3,1,4,17,22,10,23,0,8,20,0
night,planner,skip,10041,4,1,4,17,22,15,25,6,8,20,0
night,planner,skip,10042,0,1,2,19,22,3,4,0,3,20,0
night,planner,skip,10042,1,1,2,12,22,7,4,0,4,20,0
night,planner,skip,10042,2,1,3,18,22,8,12,0,6,20,0
night,planner,skip,10042,3,1,4,13,22,10,21,0,8,20,0
night,planner,skip,10042,4,0,3,0,22,11,14,6,6,20,0
night,planner,skip,10043,0,1,2,18,22,6,2,0,3,20,0
night,planner,skip,10043,1,1,2,15,22,6,6,0,4,20,0
night,planner,skip,10043,2,1,3,21,22,8,15,0,6,20,0
night,planner,skip,10043,3,1,4,14,22,10,22,0,8,20,0
night,planner,skip,10043,4,1,4,16,22,11,32,6,8,20,0
night,planner,skip,10044,0,1,2,22,22,3,3,0,3,20,0
night,planner,skip,10044,1,1,2,13,22,7,4,0,4,20,0
night,planner,skip,10044,2,1,3,15,22,11,12,0,6,20,0
night,planner,skip,10044,3,1,4,17,22,7,22,0,8,20,0
night,planner,skip,10044,4,1,4,16,22,12,30,6,8,20,0
night,planner,skip,10045,0,1,2,22,22,0,2,0,3,20,0
night,planner,skip,10045,1,1,2,19,22,7,6,0,4,20,0
night,planner,skip,10045,2,1,3,15,22,11,12,0,6,20,0
night,planner,skip,10045,3,1,4,18,22,10,22,0,8,20,0
night,planner,skip,10045,4,0,4,0,22,11,25,8,8,20,0
night,planner,skip,10046,0,1,2,22,22,3,3,0,3,20,0
night,planner,skip,10046,1,1,2,14,22,7,6,0,4,20,0
night,planner,skip,10046,2,1,3,18,22,10,14,0,6,20,0
night,planner,skip,10046,3,1,4,17,22,9,24,0,8,20,0
night,planner,skip,10046,4,1,5,15,22,11,40,8,10,20,0
night,planner,skip,10047,0,1,2,22,22,3,3,0,3,20,0
night,planner,skip,10047,1,1,2,22,22,4,6,0,4,20,0
night,planner,skip,10047,2,1,3,15,22,11,12,0,6,20,0
night,planner,skip,10047,3,1,5,13,22,6,33,0,9,20,0
night,planner,skip,10047,4,1,5,22,22,7,43,10,10,20,0
night,planner,skip,10048,0,1,2,22,22,0,0,0,3,20,0
night,planner,skip,10048,1,1,2,5,22,10,0,0,3,20,0
night,planner,skip,10048,2,1,3,17,22,9,12,0,6,20,0
night,planner,skip,10048,3,1,4,17,22,10,23,0,8,20,0
night,planner,skip,10048,4,1,5,20,22,8,36,4,10,20,0
night,planner,skip,10049,0,1,2,22,22,0,0,0,4,20,0
night,planner,skip,10049,1,1,2,22,22,4,6,0,4,20,0
night,planner,skip,10049,2,1,3,18,22,10,14,0,6,20,0
night,planner,skip,10049,3,1,4,9,22,10,23,0,8,20,0
night,planner,skip,10049,4,1,5,21,22,9,41,14,10,20,0
night,planner,skip,10050,0,1,2,22,22,3,3,0,3,20,0
night,planner,skip,10050,1,1,2,19,22,4,8,0,4,20,0
night,planner,skip,10050,2,1,3,15,22,11,12,0,6,20,0
night,planner,skip,10050,3,1,4,10,22,10,18,0,8,20,0
night,planner,skip,10050,4,1,4,22,22,10,32,4,8,20,0
night,planner,skip,10051,0,1,2,22,22,0,0,0,3,20,0
night,planner,skip,10051,1,1,2,19,22,4,8,0,4,20,0
night,planner,skip,10051,2,1,3,12,22,10,16,0,6,20,0
night,planner,skip,10051,3,1,4,10,22,10,18,0,8,20,0
night,planner,skip,10051,4,0,2,0,22,10,3,0,4,20,0
night,planner,skip,10052,0,1,2,22,22,3,3,0,4,20,0
night,planner,skip,10052,1,1,2,19,22,4,8,0,4,20,0
night,planner,skip,10052,2,1,3,18,22,10,14,0,6,20,0
night,planner,skip,10052,3,1,4,17,22,7,24,0,8,20,0
night,planner,skip,10052,4,1,4,22,22,8,31,6,8,20,0
night,planner,skip,10053,0,1,2,20,22,0,2,0,3,20,0
night,planner,skip,10053,1,1,2,14,22,7,6,0,4,20,0
night,planner,skip,10053,2,1,3,18,22,10,14,0,6,20,0
night,planner,skip,10053,3,1,4,20,22,7,25,0,8,20,0
night,planner,skip,10053,4,1,5,22,22,8,44,6,10,20,0
night,planner,skip,10054,0,1,2,22,22,0,0,0,4,20,0
night,planner,skip,10054,1,1,2,14,22,6,0,0,4,20,0
night,planner,skip,10054,2,1,3,15,22,11,12,0,6,20,0
night,planner,skip,10054,3,1,4,4,22,13,15,0,8,20,0
night,planner,skip,10054,4,1,5,13,22,6,35,0,9,20,0
night,planner,skip,10055,0,1,2,20,22,3,5,0,3,20,0
night,planner,skip,10055,1,1,2,19,22,4,8,0,4,20,0
night,planner,skip,10055,2,1,4,14,22,8,16,0,7,20,0
night,planner,skip,10055,3,1,4,15,22,10,23,0,8,20,0
night,planner,skip,10055,4,1,5,19,22,7,40,4,10,20,0
night,planner,skip,10056,0,1,2,22,22,3,3,0,3,20,0
night,planner,skip,10056,1,1,2,22,22,4,6,0,4,20,0
night,planner,skip,10056,2,1,3,15,22,11,12,0,6,20,0
night,planner,skip,10056,3,1,4,15,22,10,23,0,8,20,0
night,planner,skip,10056,4,1,4,16,22,11,32,6,8,20,0
night,planner,skip,10057,0,1,2,22,22,3,3,0,4,20,0
night,planner,skip,10057,1,1,2,12,22,7,4,0,4,20,0
night,planner,skip,10057,2,0,2,0,22,10,2,0,4,20,0
night,planner,skip,10057,3,1,4,22,22,7,25,0,8,20,0
night,planner,skip,10057,4,1,5,13,22,8,31,4,9,20,0
night,planner,skip,10058,0,1,2,20,22,3,5,0,3,20,0
night,planner,skip,10058,1,1,2,19,22,4,8,0,4,20,0
night,planner,skip,10058,2,1,3,21,22,10,17,0,6,20,0
night,planner,skip,10058,3,1,4,21,22,7,26,0,8,20,0
night,planner,skip,10058,4,1,5,15,22,11,40,4,10,20,0
night,planner,skip,10059,0,1,2,22,22,3,3,0,4,20,0
night,planner,skip,10059,1,1,2,19,22,4,8,0,4,20,0
night,planner,skip,10059,2,1,3,9,22,14,9,0,6,20,0
night,planner,skip,10059,3,1,4,5,22,13,18,0,8,20,0
night,planner,skip,10059,4,1,5,9,22,8,32,4,9,20,0
night,planner,skip,10060,0,1,2,22,22,3,3,0,3,20,0
night,planner,skip,10060,1,1,2,10,22,9,4,4,4,20,0
night,planner,skip,10060,2,1,4,17,22,7,18,0,7,20,0
night,planner,skip,10060,3,1,4,17,22,7,22,0,8,20,0
night,planner,skip,10060,4,1,4,9,22,10,26,0,7,20,0
night,planner,skip,10061,0,1,2,19,22,3,4,0,3,20,0
night,planner,skip,10061,1,1,2,15,22,6,6,0,4,20,0
night,planner,skip,10061,2,1,4,13,22,8,15,0,7,20,0
night,planner,skip,10061,3,1,4,15,22,10,23,0,8,20,0
night,planner,skip,10061,4,1,4,16,22,14,32,12,8,20,0
night,planner,skip,10062,0,1,2,17,22,5,0,4,4,20,0
night,planner,skip,10062,1,1,2,15,22,6,6,0,4,20,0
night,planner,skip,10062,2,1,3,12,22,10,16,0,6,20,0
night,planner,skip,10062,3,1,5,12,22,6,30,0,9,20,0
night,planner,skip,10062,4,1,5,22,22,9,43,6,10,20,0
night,planner,skip,10063,0,1,2,22,22,3,3,0,3,20,0
night,planner,skip,10063,1,1,2,12,22,7,4,0,4,20,0
night,planner,skip,10063,2,1,4,13,22,8,15,0,7,20,0
night,planner,skip,10063,3,1,4,19,22,7,26,0,8,20,0
night,planner,skip,10063,4,0,2,0,22,11,8,6,4,20,0
night,planner,skip,10064,0,1,2,19,22,3,0,0,3,20,0
night,planner,skip,10064,1,1,2,13,22,7,4,0,4,20,0
night,planner,skip,10064,2,1,3,21,22,8,15,0,6,20,0
night,planner,skip,10064,3,1,4,17,22,7,20,0,8,20,0
night,planner,skip,10064,4,1,4,18,22,13,29,12,7,20,0
night,planner,skip,10065,0,1,2,19,22,3,4,0,3,20,0
night,planner,skip,10065,1,1,2,14,22,7,6,0,4,20,0
night,planner,skip,10065,2,1,4,3,22,13,10,0,7,20,0
night,planner,skip,10065,3,0,3,0,22,10,11,0,6,20,0
night,planner,skip,10065,4,1,5,21,22,9,41,6,10,20,0
night,planner,skip,10066,0,1,2,22,22,3,3,0,4,20,0
night,planner,skip,10066,1,1,2,12,22,7,4,0,4,20,0
night,planner,skip,10066,2,1,4,17,22,7,18,0,7,20,0
night,planner,skip,10066,3,1,4,22,22,7,23,0,8,20,0
night,planner,skip,10066,4,1,5,17,22,8,39,6,9,20,0
night,planner,skip,10067,0,1,2,22,22,0,0,0,4,20,0
night,planner,skip,10067,1,1,2,12,22,7,4,0,4,20,0
night,planner,skip,10067,2,1,3,15,22,11,12,0,6,20,0
night,planner,skip,10067,3,1,4,7,22,13,18,0,8,20,0
night,planner,skip,10067,4,1,4,22,22,9,32,6,8,20,0
night,planner,skip,10068,0,1,2,20,22,3,5,0,3,20,0
night,planner,skip,10068,1,1,2,12,22,7,4,0,4,20,0
night,planner,skip,10068,2,0,2,0,22,12,0,0,4,20,0
night,planner,skip,10068,3,1,4,16,22,7,27,0,8,20,0
night,planner,skip,10068,4,1,4,16,22,10,28,10,7,20,0
night,planner,skip,10069,0,1,2,22,22,3,3,0,3,20,0
night,planner,skip,10069,1,1,2,12,22,7,4,0,4,20,0
night,planner,skip,10069,2,1,3,9,22,14,9,0,6,20,0
night,planner,skip,10069,3,1,4,17,22,10,23,0,8,20,0
night,planner,skip,10069,4,1,5,21,22,6,36,0,9,20,0
night,planner,skip,10070,0,1,2,22,22,3,3,0,3,20,0
night,planner,skip,10070,1,1,2,8,22,10,3,0,4,20,0
night,planner,skip,10070,2,1,3,15,22,11,12,0,6,20,0
night,planner,skip,10070,3,1,4,13,22,10,23,0,8,20,0
night,planner,skip,10070,4,1,4,22,22,5,35,6,8,20,0
night,planner,skip,10071,0,1,2,22,22,3,3,0,3,20,0
night,planner,skip,10071,1,1,2,12,22,7,4,0,4,20,0
night,planner,skip,10071,2,1,3,15,22,11,12,0,6,20,0
night,planner,skip,10071,3,1,4,17,22,7,20,0,8,20,0
night,planner,skip,10071,4,1,4,18,22,12,33,6,8,20,0
night,planner,skip,10072,0,1,2,22,22,0,0,0,4,20,0
night,planner,skip,10072,1,1,2,19,22,4,8,0,4,20,0
night,planner,skip,10072,2,1,3,9,22,14,9,0,6,20,0
night,planner,skip,10072,3,1,4,8,22,13,15,0,8,20,0
night,planner,skip,10072,4,1,5,22,22,3,39,0,9,20,0
night,planner,skip,10073,0,1,2,22,22,3,3,0,3,20,0
night,planner,skip,10073,1,1,2,15,22,6,6,0,4,20,0
night,planner,skip,10073,2,1,3,15,22,11,12,0,6,20,0
night,planner,skip,10073,3,1,4,15,22,10,23,0,8,20,0
night,planner,skip,10073,4,0,3,0,22,15,13,6,6,20,0
night,planner,skip,10074,0,1,2,22,22,3,3,0,3,20,0
night,planner,skip,10074,1,1,2,19,22,4,8,0,4,20,0
night,planner,skip,10074,2,1,3,15,22,11,12,0,6,20,0
night,planner,skip,10074,3,1,4,11,22,10,23,0,8,20,0
night,planner,skip,10074,4,1,5,19,22,8,41,6,10,20,0
night,planner,skip,10075,0,1,2,22,22,3,3,0,4,20,0
night,planner,skip,10075,1,1,2,19,22,4,8,0,4,20,0
night,planner,skip,10075,2,0,2,0,22,10,2,0,4,20,0
night,planner,skip,10075,3,1,4,16,22,10,22,0,8,20,0
night,planner,skip,10075,4,0,3,0,22,10,22,12,6,20,0
night,planner,skip,10076,0,1,2,21,22,3,4,0,3,20,0
night,planner,skip,10076,1,1,2,13,22,7,5,0,4,20,0
night,planner,skip,10076,2,1,4,7,22,11,12,0,7,20,0
night,planner,skip,10076,3,1,4,22,22,6,22,0,8,20,0
night,planner,skip,10076,4,1,5,4,22,12,30,4,9,20,0
night,planner,skip,10077,0,1,2,20,22,3,5,0,3,20,0
night,planner,skip,10077,1,1,2,10,22,9,4,4,4,20,0
night,planner,skip,10077,2,1,3,15,22,11,12,0,6,20,0
night,planner,skip,10077,3,1,4,22,22,6,26,0,8,20,0
night,planner,skip,10077,4,1,5,16,22,7,39,8,10,20,0
night,planner,skip,10078,0,1,2,19,22,3,4,0,3,20,0
night,planner,skip,10078,1,1,2,12,22,7,4,0,4,20,0
night,planner,skip,10078,2,1,3,15,22,11,12,0,6,20,0
night,planner,skip,10078,3,1,4,10,22,10,16,0,8,20,0
night,planner,skip,10078,4,1,5,15,22,6,35,0,9,20,0
night,planner,skip,10079,0,1,2,22,22,3,3,0,3,20,0
night,planner,skip,10079,1,1,2,19,22,4,8,0,4,20,0
night,planner,skip,10079,2,1,3,15,22,11,12,0,6,20,0
night,planner,skip,10079,3,1,4,22,22,6,28,0,8,20,0
night,planner,skip,10079,4,1,4,19,22,11,28,6,8,20,0
night,planner,skip,10080,0,1,2,22,22,3,3,0,3,20,0
night,planner,skip,10080,1,1,2,19,22,4,8,0,4,20,0
night,planner,skip,10080,2,1,3,15,22,11,12,0,6,20,0
night,planner,skip,10080,3,0,4,0,22,6,18,0,8,20,0
night,planner,skip,10080,4,1,4,22,22,8,33,6,8,20,0
night,planner,skip,10081,0,1,2,18,22,3,3,0,3,20,0
night,planner,skip,10081,1,1,2,19,22,4,8,0,4,20,0
night,planner,skip,10081,2,1,3,21,22,8,15,0,6,20,0
night,planner,skip,10081,3,1,4,17,22,10,23,0,8,20,0
night,planner,skip,10081,4,1,5,15,22,8,37,6,9,20,0
night,planner,skip,10082,0,1,2,20,22,3,5,0,3,20,0
night,planner,skip,10082,1,1,2,15,22,6,6,0,4,20,0
night,planner,skip,10082,2,1,4,17,22,7,18,0,7,20,0
night,planner,skip,10082,3,1,4,16,22,7,25,0,8,20,0
night,planner,skip,10082,4,1,4,22,22,12,31,10,8,20,0
night,planner,skip,10083,0,1,2,20,22,0,2,0,3,20,0
night,planner,skip,10083,1,1,2,22,22,4,6,0,4,20,0
night,planner,skip,10083,2,1,3,18,22,10,14,0,6,20,0
night,planner,skip,10083,3,1,4,13,22,9,18,0,8,20,0
night,planner,skip,10083,4,1,4,19,22,13,27,12,8,20,0
night,planner,skip,10084,0,1,2,22,22,3,3,0,4,20,0
night,planner,skip,10084,1,1,2,12,22,7,4,0,4,20,0
night,planner,skip,10084,2,1,3,15,22,11,12,0,6,20,0
night,planner,skip,10084,3,1,4,15,22,10,23,0,8,20,0
night,planner,skip,10084,4,1,4,16,22,13,32,12,8,20,0
night,planner,skip,10085,0,1,2,18,22,6,2,0,3,20,0
night,planner,skip,10085,1,1,2,19,22,4,8,0,4,20,0
night,planner,skip,10085,2,1,3,14,22,10,10,0,6,20,0
night,planner,skip,10085,3,1,4,10,22,10,20,0,8,20,0
night,planner,skip,10085,4,1,4,15,22,11,29,6,8,20,0
night,planner,skip,10086,0,1,2,22,22,0,2,0,3,20,0
night,planner,skip,10086,1,1,2,13,22,7,5,0,4,20,0
night,planner,skip,10086,2,1,4,7,22,11,12,0,7,20,0
night,planner,skip,10086,3,1,4,17,22,7,22,0,8,20,0
night,planner,skip,10086,4,1,4,13,22,8,30,4,8,20,0
night,planner,skip,10087,0,1,2,22,22,0,0,0,4,20,0
night,planner,skip,10087,1,1,2,19,22,4,8,0,4,20,0
night,planner,skip,10087,2,0,2,0,22,10,3,0,4,20,0
night,planner,skip,10087,3,1,4,14,22,10,22,0,8,20,0
night,planner,skip,10087,4,1,4,20,22,11,31,6,8,20,0
night,planner,skip,10088,0,1,2,22,22,3,3,0,4,20,0
night,planner,skip,10088,1,1,2,9,22,6,0,0,4,20,0
night,planner,skip,10088,2,1,3,21,22,10,17,0,6,20,0
night,planner,skip,10088,3,1,4,15,22,10,23,0,8,20,0
night,planner,skip,10088,4,1,4,18,22,14,31,12,8,20,0
night,planner,skip,10089,0,1,2,22,22,0,0,0,4,20,0
night,planner,skip,10089,1,1,2,19,22,4,8,0,4,20,0
night,planner,skip,10089,2,1,4,11,22,10,15,0,7,20,0
night,planner,skip,10089,3,1,4,17,22,10,23,0,8,20,0
night,planner,skip,10089,4,1,4,17,22,8,37,6,8,20,0
night,planner,skip,10090,0,1,2,18,22,6,2,0,3,20,0
night,planner,skip,10090,1,1,2,19,22,4,8,0,4,20,0
night,planner,skip,10090,2,1,3,15,22,11,12,0,6,20,0
night,planner,skip,10090,3,1,4,19,22,7,26,0,8,20,0
night,planner,skip,10090,4,1,5,22,22,10,44,12,10,20,0
night,planner,skip,10091,0,1,2,22,22,3,3,0,3,20,0
night,planner,skip,10091,1,1,2,19,22,4,8,0,4,20,0
night,planner,skip,10091,2,1,3,15,22,11,12,0,6,20,0
night,planner,skip,10091,3,1,4,15,22,10,23,0,8,20,0
night,planner,skip,10091,4,1,4,13,22,12,30,6,8,20,0
night,planner,skip,10092,0,1,2,22,22,0,0,0,4,20,0
night,planner,skip,10092,1,1,2,14,22,7,6,0,4,20,0
night,planner,skip,10092,2,1,3,15,22,11,12,0,6,20,0
night,planner,skip,10092,3,1,4,22,22,7,21,0,8,20,0
night,planner,skip,10092,4,1,5,22,22,7,45,10,10,20,0
night,planner,skip,10093,0,1,2,22,22,3,3,0,4,20,0
night,planner,skip,10093,1,1,2,19,22,4,8,0,4,20,0
night,planner,skip,10093,2,1,4,10,22,7,11,0,7,20,0
night,planner,skip,10093,3,1,4,11,22,10,23,0,8,20,0
night,planner,skip,10093,4,0,2,0,22,9,8,4,4,20,0
night,planner,skip,10094,0,1,2,16,22,6,0,4,4,20,0
night,planner,skip,10094,1,1,2,19,22,7,6,0,4,20,0
night,planner,skip,10094,2,1,3,18,22,10,14,0,6,20,0
night,planner,skip,10094,3,1,4,14,22,10,22,0,8,20,0
night,planner,skip,10094,4,1,4,14,22,12,29,14,8,20,0
night,planner,skip,10095,0,1,2,22,22,3,3,0,3,20,0
night,planner,skip,10095,1,1,2,19,22,4,8,0,4,20,0
night,planner,skip,10095,2,1,3,21,22,8,15,0,6,20,0
night,planner,skip,10095,3,1,4,13,22,10,21,0,8,20,0
night,planner,skip,10095,4,1,4,18,22,12,32,6,8,20,0
night,planner,skip,10096,0,1,2,22,22,3,3,0,4,20,0
night,planner,skip,10096,1,1,2,19,22,4,8,0,4,20,0
night,planner,skip,10096,2,1,3,15,22,11,12,0,6,20,0
night,planner,skip,10096,3,1,4,18,22,7,25,0,8,20,0
night,planner,skip,10096,4,1,4,22,22,10,27,10,8,20,0
night,planner,skip,10097,0,1,2,18,22,3,3,0,3,20,0
night,planner,skip,10097,1,1,2,15,22,6,6,0,4,20,0
night,planner,skip,10097,2,1,3,18,22,8,12,0,6,20,0
night,planner,skip,10097,3,1,4,14,22,10,22,0,8,20,0
night,planner,skip,10097,4,1,4,12,22,14,29,10,8,20,0
night,planner,skip,10098,0,1,2,22,22,3,3,0,3,20,0
night,planner,skip,10098,1,1,2,19,22,4,8,0,4,20,0
night,planner,skip,10098,2,1,3,18,22,10,14,0,6,20,0
night,planner,skip,10098,3,0,2,0,22,10,2,0,4,20,0
night,planner,skip,10098,4,1,5,17,22,9,36,8,9,20,0
night,planner,skip,10099,0,1,2,22,22,3,3,0,4,20,0
night,planner,skip,10099,1,1,2,12,22,7,4,0,4,20,0
night,planner,skip,10099,2,1,4,12,22,10,16,0,7,20,0
night,planner,skip,10099,3,0,4,0,22,9,16,0,8,20,0
night,planner,skip,10099,4,1,4,3,22,17,18,8,8,20,0
night,planner,skip,10100,0,1,2,22,22,3,3,0,3,20,0
night,planner,skip,10100,1,1,2,19,22,4,8,0,4,20,0
night,planner,skip,10100,2,1,3,15,22,11,12,0,6,20,0
night,planner,skip,10100,3,1,4,13,22,10,23,0,8,20,0
night,planner,skip,10100,4,1,5,13,22,8,31,4,10,20,0
night,planner,skip,10101,0,1,2,21,22,3,4,0,3,20,0
night,planner,skip,10101,1,1,2,14,22,7,6,0,4,20,0
night,planner,skip,10101,2,1,4,13,22,8,15,0,7,20,0
night,planner,skip,10101,3,1,4,17,22,10,23,0,8,20,0
night,planner,skip,10101,4,1,4,7,22,13,25,4,8,20,0
night,planner,skip,10102,0,1,2,19,22,3,4,0,3,20,0
night,planner,skip,10102,1,1,2,19,22,4,8,0,4,20,0
night,planner,skip,10102,2,1,3,15,22,11,12,0,6,20,0
night,planner,skip,10102,3,1,4,19,22,7,26,0,8,20,0
night,planner,skip,10102,4,1,5,16,22,10,42,10,10,20,0
night,planner,skip,10103,0,1,2,22,22,3,3,0,4,20,0
night,planner,skip,10103,1,1,2,20,22,4,8,0,4,20,0
night,planner,skip,10103,2,0,2,0,22,10,2,0,4,20,0
night,planner,skip,10103,3,1,4,19,22,7,26,0,8,20,0
night,planner,skip,10103,4,1,4,10,22,13,27,6,8,20,0
night,planner,skip,10104,0,1,2,21,22,0,3,0,3,20,0
night,planner,skip,10104,1,1,2,16,22,3,4,0,4,20,0
night,planner,skip,10104,2,1,4,14,22,8,16,0,7,20,0
night,planner,skip,10104,3,1,4,19,22,7,20,0,8,20,0
night,planner,skip,10104,4,1,5,15,22,8,37,6,9,20,0
night,planner,skip,10105,0,1,2,22,22,0,4,0,4,20,0
night,planner,skip,10105,1,1,2,19,22,4,8,0,4,20,0
night,planner,skip,10105,2,1,3,15,22,11,12,0,6,20,0
night,planner,skip,10105,3,1,4,16,22,10,22,0,8,20,0
night,planner,skip,10105,4,1,5,18,22,8,40,6,9,20,0
night,planner,skip,10106,0,1,2,19,22,3,4,0,3,20,0
night,planner,skip,10106,1,1,2,19,22,4,8,0,4,20,0
night,planner,skip,10106,2,1,4,13,22,8,15,0,7,20,0
night,planner,skip,10106,3,1,3,2,22,14,10,0,6,20,0
night,planner,skip,10106,4,1,5,16,22,8,38,6,9,20,0
night,planner,skip,10107,0,1,2,22,22,3,3,0,4,20,0
night,planner,skip,10107,1,1,2,16,22,3,4,0,4,20,0
night,planner,skip,10107,2,1,3,8,22,10,12,0,6,20,0
night,planner,skip,10107,3,1,4,13,22,10,23,0,8,20,0
night,planner,skip,10107,4,1,5,22,22,8,42,6,9,20,0
night,planner,skip,10108,0,1,2,22,22,3,3,0,3,20,0
night,planner,skip,10108,1,1,2,12,22,7,4,0,4,20,0
night,planner,skip,10108,2,1,3,21,22,8,15,0,6,20,0
night,planner,skip,10108,3,1,4,17,22,10,23,0,8,20,0
night,planner,skip,10108,4,1,5,19,22,9,38,6,10,20,0
night,planner,skip,10109,0,1,2,22,22,3,3,0,3,20,0
night,planner,skip,10109,1,1,2,19,22,4,8,0,4,20,0
night,planner,skip,10109,2,1,3,15,22,11,12,0,6,20,0
night,planner,skip,10109,3,1,4,10,22,10,18,0,8,20,0
night,planner,skip,10109,4,1,4,19,22,8,33,6,8,20,0
night,planner,skip,10110,0,1,2,22,22,3,3,0,3,20,0
night,planner,skip,10110,1,1,2,12,22,7,4,0,4,20,0
night,planner,skip,10110,2,1,4,10,22,7,11,0,7,20,0
night,planner,skip,10110,3,1,4,6,22,13,15,0,8,20,0
night,planner,skip,10110,4,1,5,18,22,8,37,6,9,20,0
night,planner,skip,10111,0,1,2,22,22,0,0,0,4,20,0
night,planner,skip,10111,1,1,2,19,22,4,8,0,4,20,0
night,planner,skip,10111,2,1,3,12,22,11,9,0,6,20,0
night,planner,skip,10111,3,1,4,9,22,10,15,0,8,20,0
night,planner,skip,10111,4,1,4,18,22,11,34,10,8,20,0
night,planner,skip,10112,0,1,2,22,22,0,0,0,3,20,0
night,planner,skip,10112,1,1,2,19,22,4,8,0,4,20,0
night,planner,skip,10112,2,1,4,11,22,10,15,0,7,20,0
night,planner,skip,10112,3,1,4,11,22,10,23,0,8,20,0
night,planner,skip,10112,4,1,4,9,22,13,25,4,8,20,0
night,planner,skip,10113,0,1,2,22,22,3,3,0,4,20,0
night,planner,skip,10113,1,1,2,19,22,4,8,0,4,20,0
night,planner,skip,10113,2,1,3,18,22,10,14,0,6,20,0
night,planner,skip,10113,3,1,4,10,22,10,18,0,8,20,0
night,planner,skip,10113,4,1,5,17,22,6,34,0,9,20,0
night,planner,skip,10114,0,1,2,19,22,3,4,0,3,20,0
night,planner,skip,10114,1,1,2,19,22,4,8,0,4,20,0
night,planner,skip,10114,2,0,2,0,22,10,2,0,4,20,0
night,planner,skip,10114,3,1,4,17,22,10,23,0,8,20,0
night,planner,skip,10114,4,1,5,14,22,9,39,4,10,20,0
night,planner,skip,10115,0,1,2,22,22,3,3,0,4,20,0
night,planner,skip,10115,1,1,2,19,22,4,8,0,4,20,0
night,planner,skip,10115,2,1,3,18,22,10,14,0,6,20,0
night,planner,skip,10115,3,1,4,15,22,10,23,0,8,20,0
night,planner,skip,10115,4,1,4,18,22,12,30,6,8,20,0
night,planner,skip,10116,0,1,2,22,22,3,3,0,3,20,0
night,planner,skip,10116,1,1,2,15,22,6,6,0,4,20,0
night,planner,skip,10116,2,1,3,9,22,14,9,0,6,20,0
night,planner,skip,10116,3,1,4,9,22,10,15,0,8,20,0
night,planner,skip,10116,4,1,4,17,22,12,29,14,8,20,0
night,planner,skip,10117,0,1,2,17,22,5,0,4,4,20,0
night,planner,skip,10117,1,1,2,14,22,7,6,0,4,20,0
night,planner,skip,10117,2,1,3,21,22,8,15,0,6,20,0
night,planner,skip,10117,3,1,4,19,22,9,24,0,8,20,0
night,planner,skip,10117,4,1,5,15,22,9,38,6,10,20,0
night,planner,skip,10118,0,1,2,20,22,3,5,0,3,20,0
night,planner,skip,10118,1,1,2,14,22,7,6,0,4,20,0
night,planner,skip,10118,2,1,3,15,22,11,12,0,6,20,0
night,planner,skip,10118,3,1,4,11,22,10,23,0,8,20,0
night,planner,skip,10118,4,1,4,19,22,13,29,12,7,20,0
night,planner,skip,10119,0,1,2,22,22,3,3,0,4,20,0
night,planner,skip,10119,1,1,2,13,22,7,5,0,4,20,0
night,planner,skip,10119,2,1,4,4,22,10,8,0,7,20,0
night,planner,skip,10119,3,1,4,22,22,7,25,0,8,20,0
night,planner,skip,10119,4,1,5,19,22,7,40,0,9,20,0
night,planner,skip,10120,0,1,2,20,22,3,5,0,3,20,0
night,planner,skip,10120,1,1,2,19,22,4,8,0,4,20,0
night,planner,skip,10120,2,0,2,0,22,6,0,0,4,20,0
night,planner,skip,10120,3,1,4,22,22,7,25,0,8,20,0
night,planner,skip,10120,4,1,4,20,22,12,29,6,8,20,0
night,planner,skip,10121,0,1,2,22,22,0,0,0,4,20,0
night,planner,skip,10121,1,1,2,13,22,7,4,0,4,20,0
night,planner,skip,10121,2,1,3,18,22,10,14,0,6,20,0
night,planner,skip,10121,3,1,4,15,22,10,23,0,8,20,0
night,planner,skip,10121,4,1,5,10,22,9,36,0,9,20,0
night,planner,skip,10122,0,1,2,20,22,0,2,0,3,20,0
night,planner,skip,10122,1,1,2,19,22,4,8,0,4,20,0
night,planner,skip,10122,2,1,4,10,22,10,14,0,7,20,0
night,planner,skip,10122,3,1,4,9,22,10,17,0,8,20,0
night,planner,skip,10122,4,1,4,16,22,11,27,4,8,20,0
night,planner,skip,10123,0,1,2,22,22,3,3,0,4,20,0
night,planner,skip,10123,1,1,2,19,22,4,8,0,4,20,0
night,planner,skip,10123,2,1,3,15,22,11,12,0,6,20,0
night,planner,skip,10123,3,1,4,10,22,10,16,0,8,20,0
night,planner,skip,10123,4,1,4,1,22,16,18,4,8,20,0
night,planner,skip,10124,0,1,2,22,22,3,3,0,3,20,0
night,planner,skip,10124,1,1,2,19,22,4,8,0,4,20,0
night,planner,skip,10124,2,1,3,15,22,11,12,0,6,20,0
night,planner,skip,10124,3,1,4,22,22,7,23,0,8,20,0
night,planner,skip,10124,4,1,5,19,22,10,39,10,9,20,0
night,planner,skip,10125,0,1,2,22,22,3,3,0,3,20,0
night,planner,skip,10125,1,1,2,14,22,7,6,0,4,20,0
night,planner,skip,10125,2,1,4,13,22,8,15,0,7,20,0
night,planner,skip,10125,3,1,4,22,22,7,25,0,8,20,0
night,planner,skip,10125,4,1,4,22,22,12,33,6,8,20,0
night,planner,skip,10126,0,1,2,22,22,3,3,0,4,20,0
night,planner,skip,10126,1,1,2,12,22,7,4,0,4,20,0
night,planner,skip,10126,2,0,2,0,22,10,3,0,4,20,0
night,planner,skip,10126,3,1,4,22,22,7,25,0,8,20,0
night,planner,skip,10126,4,1,4,19,22,11,33,10,8,20,0
night,planner,skip,10127,0,1,2,18,22,6,2,0,3,20,0
night,planner,skip,10127,1,1,2,5,22,10,0,0,3,20,0
night,planner,skip,10127,2,1,4,17,22,7,18,0,7,20,0
night,planner,skip,10127,3,1,4,10,22,10,16,0,8,20,0
night,planner,skip,10127,4,1,4,18,22,14,32,12,8,20,0
night,planner,skip,10128,0,1,2,19,22,3,4,0,3,20,0
night,planner,skip,10128,1,1,2,12,22,7,4,0,4,20,0
night,planner,skip,10128,2,1,3,15,22,11,12,0,6,20,0
night,planner,skip,10128,3,1,4,12,22,10,22,0,8,20,0
night,planner,skip,10128,4,1,5,19,22,9,42,6,10,20,0
night,planner,skip,10129,0,1,2,19,22,3,0,0,3,20,0
night,planner,skip,10129,1,1,2,13,22,7,5,0,4,20,0
night,planner,skip,10129,2,1,3,18,22,10,14,0,6,20,0
night,planner,skip,10129,3,1,4,21,22,7,26,0,8,20,0
night,planner,skip,10129,4,1,5,17,22,8,38,6,9,20,0
night,planner,skip,10130,0,1,2,22,22,3,3,0,4,20,0
night,planner,skip,10130,1,1,2,19,22,4,8,0,4,20,0
night,planner,skip,10130,2,1,3,18,22,10,14,0,6,20,0
night,planner,skip,10130,3,0,4,0,22,9,16,0,8,20,0
night,planner,skip,10130,4,1,5,12,22,9,31,0,8,20,0
night,planner,skip,10131,0,1,2,22,22,3,3,0,3,20,0
night,planner,skip,10131,1,1,2,15,22,6,6,0,4,20,0
night,planner,skip,10131,2,1,4,10,22,10,14,0,7,20,0
night,planner,skip,10131,3,1,4,14,22,10,22,0,8,20,0
night,planner,skip,10131,4,1,4,19,22,11,31,6,8,20,0
night,planner,skip,10132,0,1,2,22,22,0,0,0,4,20,0
night,planner,skip,10132,1,1,2,19,22,4,8,0,4,20,0
night,planner,skip,10132,2,1,4,14,22,8,16,0,7,20,0
night,planner,skip,10132,3,1,4,17,22,7,26,0,8,20,0
night,planner,skip,10132,4,1,4,17,22,9,33,6,8,20,0
night,planner,skip,10133,0,1,2,22,22,3,3,0,3,20,0
night,planner,skip,10133,1,1,2,12,22,7,4,0,4,20,0
night,planner,skip,10133,2,1,3,21,22,8,15,0,6,20,0
night,planner,skip,10133,3,0,2,0,22,10,2,0,4,20,0
night,planner,skip,10133,4,0,4,0,22,12,25,4,8,20,0
night,planner,skip,10134,0,1,2,22,22,3,3,0,3,20,0
night,planner,skip,10134,1,1,2,19,22,4,8,0,4,20,0
night,planner,skip,10134,2,1,3,9,22,14,9,0,6,20,0
night,planner,skip,10134,3,1,4,7,22,13,18,0,8,20,0
night,planner,skip,10134,4,1,4,18,22,12,31,6,8,20,0
night,planner,skip,10135,0,1,2,22,22,3,3,0,4,20,0
night,planner,skip,10135,1,1,2,12,22,7,4,0,4,20,0
night,planner,skip,10135,2,1,3,15,22,11,12,0,6,20,0
night,planner,skip,10135,3,1,4,15,22,10,23,0,8,20,0
night,planner,skip,10135,4,1,5,19,22,8,43,6,9,20,0
night,planner,skip,10136,0,1,2,19,22,3,0,0,3,20,0
night,planner,skip,10136,1,1,2,15,22,6,6,0,4,20,0
night,planner,skip,10136,2,1,3,16,22,11,12,0,6,20,0
night,planner,skip,10136,3,1,4,14,22,10,22,0,8,20,0
night,planner,skip,10136,4,1,5,22,22,3,39,0,8,20,0
night,planner,skip,10137,0,1,2,22,22,3,3,0,3,20,0
night,planner,skip,10137,1,1,2,19,22,4,8,0,4,20,0
night,planner,skip,10137,2,1,3,15,22,11,12,0,6,20,0
night,planner,skip,10137,3,1,4,16,22,10,22,0,8,20,0
night,planner,skip,10137,4,1,5,21,22,3,38,0,8,20,0
night,planner,skip,10138,0,1,2,22,22,3,3,0,3,20,0
night,planner,skip,10138,1,1,2,20,22,4,8,0,4,20,0
night,planner,skip,10138,2,1,3,15,22,11,12,0,6,20,0
night,planner,skip,10138,3,1,4,10,22,10,20,0,8,20,0
night,planner,skip,10138,4,1,4,19,22,11,33,6,8,20,0
night,planner,skip,10139,0,1,2,22,22,3,3,0,3,20,0
night,planner,skip,10139,1,1,2,21,22,3,4,0,4,20,0
night,planner,skip,10139,2,1,4,17,22,7,18,0,7,20,0
night,planner,skip,10139,3,1,5,20,22,6,38,0,9,20,0
night,planner,skip,10139,4,1,5,20,22,8,42,4,10,20,0
night,planner,skip,10140,0,1,2,22,22,3,3,0,3,20,0
night,planner,skip,10140,1,1,2,14,22,7,6,0,4,20,0
night,planner,skip,10140,2,1,3,15,22,11,12,0,6,20,0
night,planner,skip,10140,3,1,4,10,22,10,16,0,8,20,0
night,planner,skip,10140,4,1,5,12,22,6,34,4,9,20,0
night,planner,skip,10141,0,1,2,22,22,3,3,0,3,20,0
night,planner,skip,10141,1,1,2,13,22,7,5,0,4,20,0
night,planner,skip,10141,2,1,3,12,22,13,11,0,6,20,0
night,planner,skip,10141,3,1,4,5,22,10,17,0,8,20,0
night,planner,skip,10141,4,0,3,0,22,11,18,6,6,20,0
night,planner,skip,10142,0,1,2,22,22,3,3,0,3,20,0
night,planner,skip,10142,1,1,2,19,22,4,8,0,4,20,0
night,planner,skip,10142,2,1,3,18,22,10,14,0,6,20,0
night,planner,skip,10142,3,1,4,16,22,10,22,0,8,20,0
night,planner,skip,10142,4,1,4,11,22,12,28,6,8,20,0
night,planner,skip,10143,0,1,2,22,22,0,0,0,4,20,0
night,planner,skip,10143,1,1,2,19,22,4,8,0,4,20,0
night,planner,skip,10143,2,1,4,13,22,8,15,0,7,20,0
night,planner,skip,10143,3,1,4,14,22,10,22,0,8,20,0
night,planner,skip,10143,4,1,4,18,22,12,30,6,8,20,0
night,planner,skip,10144,0,1,2,22,22,3,3,0,3,20,0
night,planner,skip,10144,1,1,2,19,22,4,8,0,4,20,0
night,planner,skip,10144,2,1,3,21,22,8,15,0,6,20,0
night,planner,skip,10144,3,1,4,17,22,7,20,0,8,20,0
night,planner,skip,10144,4,1,5,17,22,8,34,6,9,20,0
night,planner,skip,10145,0,1,2,22,22,3,3,0,4,20,0
night,planner,skip,10145,1,1,2,19,22,4,8,0,4,20,0
night,planner,skip,10145,2,0,2,0,22,10,3,0,4,20,0
night,planner,skip,10145,3,1,4,19,22,7,26,0,8,20,0
night,planner,skip,10145,4,1,5,16,22,5,32,4,9,20,0
night,planner,skip,10146,0,1,2,22,22,3,3,0,3,20,0
night,planner,skip,10146,1,1,2,20,22,4,8,0,4,20,0
night,planner,skip,10146,2,1,4,14,22,8,16,0,7,20,0
night,planner,skip,10146,3,0,2,0,22,10,2,0,4,20,0
night,planner,skip,10146,4,1,5,20,22,8,45,10,10,20,0
night,planner,skip,10147,0,1,2,22,22,3,3,0,4,20,0
night,planner,skip,10147,1,1,2,19,22,4,8,0,4,20,0
night,planner,skip,10147,2,1,4,4,22,10,8,0,7,20,0
night,planner,skip,10147,3,1,4,15,22,10,23,0,8,20,0
night,planner,skip,10147,4,1,5,12,22,9,35,4,10,20,0
night,planner,skip,10148,0,1,2,20,22,0,2,0,3,20,0
night,planner,skip,10148,1,1,2,12,22,7,4,0,4,20,0
night,planner,skip,10148,2,1,3,9,22,14,9,0,6,20,0
night,planner,skip,10148,3,1,4,13,22,10,23,0,8,20,0
night,planner,skip,10148,4,1,4,18,22,14,32,12,8,20,0
night,planner,skip,10149,0,1,2,22,22,3,3,0,3,20,0
night,planner,skip,10149,1,1,2,12,22,7,4,0,4,20,0
night,planner,skip,10149,2,1,4,12,22,7,13,0,7,20,0
night,planner,skip,10149,3,1,4,9,22,10,15,0,8,20,0
night,planner,skip,10149,4,1,5,14,22,11,41,10,9,20,0
night,planner,skip,10150,0,1,2,22,22,0,0,0,3,20,0
night,planner,skip,10150,1,1,2,9,22,6,0,0,4,20,0
night,planner,skip,10150,2,1,4,10,22,10,14,0,7,20,0
night,planner,skip,10150,3,1,4,10,22,10,18,0,8,20,0
night,planner,skip,10150,4,1,4,7,22,8,27,4,7,20,0
night,planner,skip,10151,0,1,2,20,22,3,5,0,3,20,0
night,planner,skip,10151,1,1,2,19,22,4,8,0,4,20,0
night,planner,skip,10151,2,0,2,0,22,10,2,0,4,20,0
night,planner,skip,10151,3,1,4,15,22,10,23,0,8,20,0
night,planner,skip,10151,4,1,4,22,22,9,31,6,8,20,0
night,planner,skip,10152,0,1,2,21,22,3,4,0,3,20,0
night,planner,skip,10152,1,1,2,9,22,6,0,0,4,20,0
night,planner,skip,10152,2,1,3,19,22,8,12,0,6,20,0
night,planner,skip,10152,3,1,4,14,22,10,22,0,8,20,0
night,planner,skip,10152,4,1,4,2,22,13,25,4,8,20,0
night,planner,skip,10153,0,1,2,22,22,3,3,0,4,20,0
night,planner,skip,10153,1,1,2,19,22,4,8,0,4,20,0
night,planner,skip,10153,2,1,3,15,22,11,12,0,6,20,0
night,planner,skip,10153,3,1,4,22,22,7,23,0,8,20,0
night,planner,skip,10153,4,1,4,18,22,12,28,6,8,20,0
night,planner,skip,10154,0,1,2,18,22,3,3,0,3,20,0
night,planner,skip,10154,1,1,2,12,22,7,4,0,4,20,0
night,planner,skip,10154,2,1,3,18,22,8,12,0,6,20,0
night,planner,skip,10154,3,1,4,12,22,10,22,0,8,20,0
night,planner,skip,10154,4,1,4,14,22,12,32,6,8,20,0
night,planner,skip,10155,0,1,2,22,22,0,0,0,3,20,0
night,planner,skip,10155,1,1,2,19,22,4,8,0,4,20,0
night,planner,skip,10155,2,1,4,14,22,8,16,0,7,20,0
night,planner,skip,10155,3,1,4,9,22,10,17,0,8,20,0
night,planner,skip,10155,4,1,5,18,22,7,35,0,9,20,0
night,planner,skip,10156,0,1,2,22,22,3,3,0,3,20,0
night,planner,skip,10156,1,1,2,19,22,4,8,0,4,20,0
night,planner,skip,10156,2,1,3,18,22,10,14,0,6,20,0
night,planner,skip,10156,3,1,4,13,22,10,23,0,8,20,0
night,planner,skip,10156,4,1,5,17,22,8,39,6,9,20,0
night,planner,skip,10157,0,1,2,20,22,3,5,0,3,20,0
night,planner,skip,10157,1,1,2,19,22,4,8,0,4,20,0
night,planner,skip,10157,2,1,3,15,22,11,12,0,6,20,0
night,planner,skip,10157,3,1,4,13,22,10,23,0,8,20,0
night,planner,skip,10157,4,1,4,13,22,12,28,6,8,20,0
night,planner,skip,10158,0,1,2,22,22,0,0,0,4,20,0
night,planner,skip,10158,1,1,2,13,22,7,5,0,4,20,0
night,planner,skip,10158,2,1,3,18,22,10,14,0,6,20,0
night,planner,skip,10158,3,0,2,0,22,7,0,0,3,20,0
night,planner,skip,10158,4,1,4,22,22,9,36,6,8,20,0
night,planner,skip,10159,0,1,2,22,22,0,0,0,3,20,0
night,planner,skip,10159,1,1,2,14,22,7,6,0,4,20,0
night,planner,skip,10159,2,1,3,18,22,10,14,0,6,20,0
night,planner,skip,10159,3,1,4,10,22,10,16,0,8,20,0
night,planner,skip,10159,4,1,4,9,22,14,28,10,8,20,0
night,planner,skip,10160,0,1,2,22,22,3,3,0,3,20,0
night,planner,skip,10160,1,1,2,15,22,6,6,0,4,20,0
night,planner,skip,10160,2,1,3,15,22,11,12,0,6,20,0
night,planner,skip,10160,3,1,4,7,22,13,18,0,8,20,0
night,planner,skip,10160,4,1,5,19,22,7,40,0,9,20,0
night,planner,skip,10161,0,1,2,20,22,3,5,0,3,20,0
night,planner,skip,10161,1,1,2,12,22,7,4,0,4,20,0
night,planner,skip,10161,2,1,4,5,22,10,8,0,7,20,0
night,planner,skip,10161,3,1,4,4,22,13,15,0,8,20,0
night,planner,skip,10161,4,1,5,17,22,8,37,6,9,20,0
night,planner,skip,10162,0,1,2,19,22,3,4,0,3,20,0
night,planner,skip,10162,1,1,2,19,22,4,8,0,4,20,0
night,planner,skip,10162,2,1,3,15,22,11,12,0,6,20,0
night,planner,skip,10162,3,1,4,17,22,10,23,0,8,20,0
night,planner,skip,10162,4,1,5,7,22,13,28,0,10,20,0
night,planner,skip,10163,0,1,2,19,22,3,0,0,3,20,0
night,planner,skip,10163,1,1,2,19,22,4,8,0,4,20,0
night,planner,skip,10163,2,1,3,9,22,14,9,0,6,20,0
night,planner,skip,10163,3,1,4,12,22,10,22,0,8,20,0
night,planner,skip,10163,4,1,4,19,22,11,33,6,8,20,0
night,planner,skip,10164,0,1,2,22,22,3,3,0,4,20,0
night,planner,skip,10164,1,1,2,19,22,4,8,0,4,20,0
night,planner,skip,10164,2,1,3,7,22,13,6,0,6,20,0
night,planner,skip,10164,3,1,4,21,22,7,26,0,8,20,0
night,planner,skip,10164,4,1,4,8,22,15,24,6,8,20,0
night,planner,skip,10165,0,1,2,22,22,0,0,0,3,20,0
night,planner,skip,10165,1,1,2,16,22,4,4,0,4,20,0
night,planner,skip,10165,2,1,4,13,22,8,15,0,7,20,0
night,planner,skip,10165,3,1,4,12,22,10,18,0,8,20,0
night,planner,skip,10165,4,1,5,19,22,9,42,6,10,20,0
night,planner,skip,10166,0,1,2,22,22,3,3,0,3,20,0
night,planner,skip,10166,1,1,2,10,22,9,4,4,4,20,0
night,planner,skip,10166,2,1,3,18,22,7,19,0,6,20,0
night,planner,skip,10166,3,1,4,18,22,10,22,0,8,20,0
night,planner,skip,10166,4,1,5,12,22,8,34,6,9,20,0
night,planner,skip,10167,0,1,2,20,22,0,2,0,3,20,0
night,planner,skip,10167,1,1,2,16,22,6,6,0,4,20,0
night,planner,skip,10167,2,1,3,18,22,10,14,0,6,20,0
night,planner,skip,10167,3,1,4,17,22,7,20,0,8,20,0
night,planner,skip,10167,4,1,4,9,22,14,28,10,8,20,0
night,planner,skip,10168,0,1,2,22,22,3,3,0,3,20,0
night,planner,skip,10168,1,1,2,14,22,7,6,0,4,20,0
night,planner,skip,10168,2,1,4,14,22,8,16,0,7,20,0
night,planner,skip,10168,3,1,4,11,22,10,23,0,8,20,0
night,planner,skip,10168,4,1,4,22,22,11,34,10,8,20,0
night,planner,skip,10169,0,1,2,19,22,3,4,0,3,20,0
night,planner,skip,10169,1,1,2,14,22,7,6,0,4,20,0
night,planner,skip,10169,2,1,4,17,22,7,18,0,7,20,0
night,planner,skip,10169,3,1,4,17,22,10,23,0,8,20,0
night,planner,skip,10169,4,1,5,1,22,12,29,4,10,20,0
night,planner,skip,10170,0,1,2,22,22,0,0,0,3,20,0
night,planner,skip,10170,1,1,2,19,22,4,8,0,4,20,0
night,planner,skip,10170,2,1,4,10,22,10,14,0,7,20,0
night,planner,skip,10170,3,1,4,7,22,13,18,0,8,20,0
night,planner,skip,10170,4,1,5,3,22,11,25,4,9,20,0
night,planner,skip,10171,0,1,2,22,22,0,0,0,4,20,0
night,planner,skip,10171,1,1,2,10,22,9,4,4,4,20,0
night,planner,skip,10171,2,1,3,14,22,7,15,0,6,20,0
night,planner,skip,10171,3,1,3,2,22,14,10,0,6,20,0
night,planner,skip,10171,4,1,4,14,22,12,31,6,8,20,0
night,planner,skip,10172,0,1,2,22,22,3,3,0,3,20,0
night,planner,skip,10172,1,1,2,14,22,7,6,0,4,20,0
night,planner,skip,10172,2,1,3,15,22,11,12,0,6,20,0
night,planner,skip,10172,3,1,4,15,22,10,19,0,8,20,0
night,planner,skip,10172,4,1,5,22,22,7,45,10,10,20,0
night,planner,skip,10173,0,1,2,20,22,0,2,0,3,20,0
night,planner,skip,10173,1,1,2,19,22,4,8,0,4,20,0
night,planner,skip,10173,2,1,3,21,22,8,15,0,6,20,0
night,planner,skip,10173,3,1,4,17,22,7,26,0,8,20,0
night,planner,skip,10173,4,1,4,19,22,12,29,14,8,20,0
night,planner,skip,10174,0,1,2,22,22,3,3,0,3,20,0
night,planner,skip,10174,1,1,2,17,22,7,4,0,4,20,0
night,planner,skip,10174,2,1,3,9,22,14,9,0,6,20,0
night,planner,skip,10174,3,1,4,10,22,10,16,0,8,20,0
night,planner,skip,10174,4,1,5,22,22,8,41,6,10,20,0
night,planner,skip,10175,0,1,2,20,22,3,5,0,3,20,0
night,planner,skip,10175,1,1,2,12,22,7,4,0,4,20,0
night,planner,skip,10175,2,1,4,7,22,10,11,0,7,20,0
night,planner,skip,10175,3,1,4,11,22,9,18,0,8,20,0
night,planner,skip,10175,4,1,4,12,22,17,28,12,8,20,0
night,planner,skip,10176,0,1,2,22,22,0,0,0,3,20,0
night,planner,skip,10176,1,1,2,19,22,4,8,0,4,20,0
night,planner,skip,10176,2,1,3,18,22,10,14,0,6,20,0
night,planner,skip,10176,3,1,4,22,22,6,24,0,8,20,0
night,planner,skip,10176,4,1,4,13,22,10,32,10,8,20,0
night,planner,skip,10177,0,1,2,22,22,3,3,0,3,20,0
night,planner,skip,10177,1,1,2,20,22,4,8,0,4,20,0
night,planner,skip,10177,2,1,3,12,22,11,9,0,6,20,0
night,planner,skip,10177,3,1,4,22,22,7,25,0,8,20,0
night,planner,skip,10177,4,1,4,13,22,8,31,6,8,20,0
night,planner,skip,10178,0,1,2,22,22,3,3,0,3,20,0
night,planner,skip,10178,1,1,2,19,22,4,8,0,4,20,0
night,planner,skip,10178,2,1,4,12,22,10,16,0,7,20,0
night,planner,skip,10178,3,1,4,22,22,6,24,0,8,20,0
night,planner,skip,10178,4,0,3,0,22,3,8,0,4,20,0
night,planner,skip,10179,0,1,2,20,22,0,2,0,3,20,0
night,planner,skip,10179,1,1,2,16,22,3,4,0,4,20,0
night,planner,skip,10179,2,1,3,21,22,10,17,0,6,20,0
night,planner,skip,10179,3,1,4,22,22,7,25,0,8,20,0
night,planner,skip,10179,4,1,4,15,22,11,29,10,7,20,0
night,planner,skip,10180,0,1,2,19,22,3,4,0,3,20,0
night,planner,skip,10180,1,1,2,19,22,4,8,0,4,20,0
night,planner,skip,10180,2,1,4,13,22,8,15,0,7,20,0
night,planner,skip,10180,3,1,4,15,22,10,23,0,8,20,0
night,planner,skip,10180,4,1,5,17,22,6,37,0,9,20,0
night,planner,skip,10181,0,1,2,22,22,3,3,0,4,20,0
night,planner,skip,10181,1,1,2,12,22,7,4,0,4,20,0
night,planner,skip,10181,2,1,3,5,22,14,5,0,6,20,0
night,planner,skip,10181,3,1,4,14,22,10,22,0,8,20,0
night,planner,skip,10181,4,0,4,0,22,11,25,0,7,20,0
night,planner,skip,10182,0,1,2,18,22,6,2,0,3,20,0
night,planner,skip,10182,1,1,2,19,22,4,8,0,4,20,0
night,planner,skip,10182,2,1,3,21,22,8,15,0,6,20,0
night,planner,skip,10182,3,1,4,19,22,7,26,0,8,20,0
night,planner,skip,10182,4,1,4,11,22,14,25,4,8,20,0
night,planner,skip,10183,0,1,2,22,22,3,3,0,3,20,0
night,planner,skip,10183,1,1,2,14,22,7,6,0,4,20,0
night,planner,skip,10183,2,1,3,21,22,8,15,0,6,20,0
night,planner,skip,10183,3,1,4,10,22,10,22,0,8,20,0
night,planner,skip,10183,4,1,4,19,22,11,32,10,8,20,0
night,planner,skip,10184,0,1,2,22,22,0,0,0,3,20,0
night,planner,skip,10184,1,1,2,14,22,7,6,0,4,20,0
night,planner,skip,10184,2,1,3,5,22,14,5,0,6,20,0
night,planner,skip,10184,3,1,4,17,22,10,23,0,8,20,0
night,planner,skip,10184,4,1,5,8,22,10,34,10,9,20,0
night,planner,skip,10185,0,1,2,22,22,3,3,0,3,20,0
night,planner,skip,10185,1,1,2,19,22,4,8,0,4,20,0
night,planner,skip,10185,2,1,4,15,22,6,15,0,7,20,0
night,planner,skip,10185,3,1,4,14,22,10,22,0,8,20,0
night,planner,skip,10185,4,1,5,22,22,8,42,6,9,20,0
night,planner,skip,10186,0,1,2,22,22,3,3,0,3,20,0
night,planner,skip,10186,1,1,2,19,22,4,8,0,4,20,0
night,planner,skip,10186,2,1,3,18,22,10,14,0,6,20,0
night,planner,skip,10186,3,1,4,10,22,10,18,0,8,20,0
night,planner,skip,10186,4,1,4,15,22,12,31,6,8,20,0
night,planner,skip,10187,0,1,2,19,22,3,0,0,3,20,0
night,planner,skip,10187,1,1,2,12,22,10,2,0,4,20,0
night,planner,skip,10187,2,1,3,18,22,10,14,0,6,20,0
night,planner,skip,10187,3,1,4,22,22,6,24,0,8,20,0
night,planner,skip,10187,4,1,4,18,22,14,31,12,8,20,0
night,planner,skip,10188,0,1,2,19,22,3,4,0,3,20,0
night,planner,skip,10188,1,1,2,12,22,7,4,0,4,20,0
night,planner,skip,10188,2,1,4,12,22,8,14,0,7,20,0
night,planner,skip,10188,3,1,4,19,22,7,26,0,8,20,0
night,planner,skip,10188,4,1,4,14,22,12,29,14,8,20,0
night,planner,skip,10189,0,1,2,22,22,3,3,0,4,20,0
night,planner,skip,10189,1,1,2,8,22,10,3,0,4,20,0
night,planner,skip,10189,2,1,3,21,22,8,15,0,6,20,0
night,planner,skip,10189,3,1,4,14,22,10,22,0,8,20,0
night,planner,skip,10189,4,1,4,13,22,11,29,6,8,20,0
night,planner,skip,10190,0,1,2,22,22,3,3,0,3,20,0
night,planner,skip,10190,1,1,2,12,22,7,4,0,4,20,0
night,planner,skip,10190,2,1,3,15,22,11,12,0,6,20,0
night,planner,skip,10190,3,1,4,13,22,10,23,0,8,20,0
night,planner,skip,10190,4,1,4,10,22,17,27,6,8,20,0
night,planner,skip,10191,0,1,2,22,22,3,3,0,3,20,0
night,planner,skip,10191,1,1,2,12,22,7,4,0,4,20,0
night,planner,skip,10191,2,1,4,15,22,6,15,0,7,20,0
night,planner,skip,10191,3,1,4,10,22,10,14,0,8,20,0
night,planner,skip,10191,4,1,4,7,22,16,21,10,8,20,0
night,planner,skip,10192,0,1,2,22,22,0,0,0,4,20,0
night,planner,skip,10192,1,1,2,19,22,4,8,0,4,20,0
night,planner,skip,10192,2,1,3,5,22,14,5,0,6,20,0
night,planner,skip,10192,3,1,4,8,22,10,14,0,8,20,0
night,planner,skip,10192,4,1,5,14,22,8,38,6,9,20,0
night,planner,skip,10193,0,1,2,22,22,0,2,0,3,20,0
night,planner,skip,10193,1,1,2,19,22,4,8,0,4,20,0
night,planner,skip,10193,2,1,3,11,22,11,8,0,6,20,0
night,planner,skip,10193,3,1,4,5,22,13,18,0,8,20,0
night,planner,skip,10193,4,0,3,0,22,9,12,4,6,20,0
night,planner,skip,10194,0,1,2,22,22,3,3,0,3,20,0
night,planner,skip,10194,1,1,2,19,22,4,8,0,4,20,0
night,planner,skip,10194,2,1,3,21,22,10,17,0,6,20,0
night,planner,skip,10194,3,1,4,17,22,7,22,0,8,20,0
night,planner,skip,10194,4,1,4,19,22,10,29,10,7,20,0
night,planner,skip,10195,0,1,2,19,22,3,0,0,3,20,0
night,planner,skip,10195,1,1,2,19,22,4,8,0,4,20,0
night,planner,skip,10195,2,1,3,14,22,10,10,0,6,20,0
night,planner,skip,10195,3,1,4,19,22,10,23,0,8,20,0
night,planner,skip,10195,4,1,5,10,22,9,30,0,8,20,0
night,planner,skip,10196,0,1,2,22,22,0,0,0,3,20,0
night,planner,skip,10196,1,1,2,12,22,7,4,0,4,20,0
night,planner,skip,10196,2,1,3,21,22,8,15,0,6,20,0
night,planner,skip,10196,3,1,4,17,22,10,23,0,8,20,0
night,planner,skip,10196,4,1,5,22,22,3,39,0,8,20,0
night,planner,skip,10197,0,1,2,19,22,3,4,0,3,20,0
night,planner,skip,10197,1,1,2,18,22,7,5,0,4,20,0
night,planner,skip,10197,2,1,4,8,22,10,12,0,7,20,0
night,planner,skip,10197,3,1,4,15,22,10,23,0,8,20,0
night,planner,skip,10197,4,1,4,17,22,14,28,10,8,20,0
night,planner,skip,10198,0,1,2,22,22,0,0,0,4,20,0
night,planner,skip,10198,1,1,2,19,22,4,8,0,4,20,0
night,planner,skip,10198,2,0,2,0,22,10,3,0,4,20,0
night,planner,skip,10198,3,1,4,21,22,7,26,0,8,20,0
night,planner,skip,10198,4,1,4,22,22,8,35,6,8,20,0
night,planner,skip,10199,0,1,2,22,22,0,0,0,4,20,0
night,planner,skip,10199,1,1,2,12,22,7,4,0,4,20,0
night,planner,skip,10199,2,1,4,7,22,11,12,0,7,20,0
night,planner,skip,10199,3,1,4,16,22,10,22,0,8,20,0
night,planner,skip,10199,4,1,4,18,22,12,33,10,8,20,0
night,planner,skip,10200,0,1,2,22,22,3,3,0,3,20,0
night,planner,skip,10200,1,1,2,13,22,7,5,0,4,20,0
night,planner,skip,10200,2,1,3,22,22,4,20,0,6,20,0
night,planner,skip,10200,3,1,4,8,22,10,18,0,8,20,0
night,planner,skip,10200,4,1,5,7,22,10,33,10,9,20,0
night,planner,skip,10201,0,1,2,19,22,3,4,0,3,20,0
night,planner,skip,10201,1,1,2,9,22,6,0,0,4,20,0
night,planner,skip,10201,2,1,3,18,22,8,12,0,6,20,0
night,planner,skip,10201,3,1,4,12,22,10,20,0,8,20,0
night,planner,skip,10201,4,1,5,22,22,5,42,4,9,20,0
night,planner,skip,10202,0,1,2,22,22,3,3,0,3,20,0
night,planner,skip,10202,1,1,2,17,22,7,4,0,4,20,0
night,planner,skip,10202,2,1,3,18,22,10,14,0,6,20,0
night,planner,skip,10202,3,1,4,9,22,13,18,0,8,20,0
night,planner,skip,10202,4,1,4,7,22,15,25,6,8,20,0
night,planner,skip,10203,0,1,2,19,22,3,4,0,3,20,0
night,planner,skip,10203,1,1,2,19,22,4,8,0,4,20,0
night,planner,skip,10203,2,1,3,11,22,8,13,0,6,20,0
night,planner,skip,10203,3,1,4,22,22,6,26,0,8,20,0
night,planner,skip,10203,4,1,4,22,22,12,31,6,8,20,0
night,planner,skip,10204,0,1,2,22,22,3,3,0,3,20,0
night,planner,skip,10204,1,1,2,9,22,9,3,0,4,20,0
night,planner,skip,10204,2,1,4,11,22,10,15,0,7,20,0
night,planner,skip,10204,3,1,4,17,22,9,18,0,8,20,0
night,planner,skip,10204,4,1,4,4,22,10,26,0,7,20,0
night,planner,skip,10205,0,1,2,21,22,3,4,0,3,20,0
night,planner,skip,10205,1,1,2,12,22,7,4,0,4,20,0
night,planner,skip,10205,2,1,3,12,22,11,9,0,6,20,0
night,planner,skip,10205,3,1,4,17,22,7,22,0,8,20,0
night,planner,skip,10205,4,1,4,20,22,11,34,10,8,20,0
night,planner,skip,10206,0,1,2,22,22,0,0,0,3,20,0
night,planner,skip,10206,1,1,2,7,22,10,2,0,4,20,0
night,planner,skip,10206,2,1,3,15,22,11,12,0,6,20,0
night,planner,skip,10206,3,1,4,17,22,10,23,0,8,20,0
night,planner,skip,10206,4,1,4,18,22,12,32,10,8,20,0
night,planner,skip,10207,0,1,2,22,22,3,3,0,3,20,0
night,planner,skip,10207,1,1,2,14,22,7,6,0,4,20,0
night,planner,skip,10207,2,1,3,21,22,8,15,0,6,20,0
night,planner,skip,10207,3,1,4,17,22,10,23,0,8,20,0
night,planner,skip,10207,4,1,5,20,22,5,41,8,10,20,0
night,planner,skip,10208,0,1,2,22,22,3,3,0,4,20,0
night,planner,skip,10208,1,1,2,19,22,4,8,0,4,20,0
night,planner,skip,10208,2,1,3,15,22,11,12,0,6,20,0
night,planner,skip,10208,3,1,4,22,22,6,26,0,8,20,0
night,planner,skip,10208,4,1,4,18,22,11,32,10,8,20,0
night,planner,skip,10209,0,1,2,22,22,3,3,0,3,20,0
night,planner,skip,10209,1,1,2,19,22,4,8,0,4,20,0
night,planner,skip,10209,2,1,4,12,22,7,13,0,7,20,0
night,planner,skip,10209,3,0,2,0,22,10,2,0,4,20,0
night,planner,skip,10209,4,1,4,5,22,15,18,0,7,20,0
night,planner,skip,10210,0,1,2,21,22,3,4,0,3,20,0
night,planner,skip,10210,1,1,2,12,22,7,4,0,4,20,0
night,planner,skip,10210,2,1,3,11,22,11,8,0,6,20,0
night,planner,skip,10210,3,1,4,9,22,10,23,0,8,20,0
night,planner,skip,10210,4,1,5,22,22,6,37,0,9,20,0
night,planner,skip,10211,0,1,2,22,22,3,3,0,4,20,0
night,planner,skip,10211,1,1,2,15,22,6,6,0,4,20,0
night,planner,skip,10211,2,1,3,15,22,11,12,0,6,20,0
night,planner,skip,10211,3,1,4,22,22,7,25,0,8,20,0
night,planner,skip,10211,4,1,4,1,22,12,20,8,8,20,0
night,planner,skip,10212,0,1,2,22,22,0,0,0,3,20,0
night,planner,skip,10212,1,1,2,12,22,7,4,0,4,20,0
night,planner,skip,10212,2,1,3,21,22,10,17,0,6,20,0
night,planner,skip,10212,3,1,4,19,22,7,24,0,8,20,0
night,planner,skip,10212,4,1,4,11,22,14,28,10,8,20,0
night,planner,skip,10213,0,1,2,22,22,3,3,0,3,20,0
night,planner,skip,10213,1,1,2,12,22,7,4,0,4,20,0
night,planner,skip,10213,2,1,3,15,22,11,12,0,6,20,0
night,planner,skip,10213,3,1,4,13,22,10,21,0,8,20,0
night,planner,skip,10213,4,1,4,13,22,10,35,10,8,20,0
night,planner,skip,10214,0,1,2,20,22,0,2,0,3,20,0
night,planner,skip,10214,1,1,2,19,22,4,8,0,4,20,0
night,planner,skip,10214,2,1,3,9,22,14,9,0,6,20,0
night,planner,skip,10214,3,1,4,22,22,7,23,0,8,20,0
night,planner,skip,10214,4,0,4,0,22,9,23,4,8,20,0
night,planner,skip,10215,0,1,2,22,22,3,3,0,3,20,0
night,planner,skip,10215,1,1,2,19,22,4,8,0,4,20,0
night,planner,skip,10215,2,0,2,0,22,10,2,0,4,20,0
night,planner,skip,10215,3,1,4,13,22,10,23,0,8,20,0
night,planner,skip,10215,4,1,4,13,22,11,29,6,8,20,0
night,planner,skip,10216,0,1,2,22,22,2,2,4,4,20,0
night,planner,skip,10216,1,1,2,12,22,7,4,0,4,20,0
night,planner,skip,10216,2,1,4,14,22,8,16,0,7,20,0
night,planner,skip,10216,3,1,4,7,22,13,18,0,8,20,0
night,planner,skip,10216,4,1,5,17,22,9,43,6,10,20,0
night,planner,skip,10217,0,1,2,22,22,0,0,0,3,20,0
night,planner,skip,10217,1,1,2,12,22,7,4,0,4,20,0
night,planner,skip,10217,2,1,3,15,22,11,12,0,6,20,0
night,planner,skip,10217,3,1,4,9,22,13,18,0,8,20,0
night,planner,skip,10217,4,1,5,16,22,8,38,8,10,20,0
night,planner,skip,10218,0,1,2,20,22,0,2,0,3,20,0
night,planner,skip,10218,1,1,2,14,22,7,6,0,4,20,0
night,planner,skip,10218,2,1,3,9,22,14,9,0,6,20,0
night,planner,skip,10218,3,1,4,7,22,13,18,0,8,20,0
night,planner,skip,10218,4,1,5,19,22,11,44,10,10,20,0
night,planner,skip,10219,0,1,2,20,22,0,2,0,3,20,0
night,planner,skip,10219,1,1,2,19,22,4,8,0,4,20,0
night,planner,skip,10219,2,1,3,18,22,10,14,0,6,20,0
night,planner,skip,10219,3,0,4,0,22,10,18,0,8,20,0
night,planner,skip,10219,4,1,5,15,22,7,36,0,10,20,0
night,planner,skip,10220,0,1,2,22,22,3,3,0,4,20,0
night,planner,skip,10220,1,1,2,19,22,4,8,0,4,20,0
night,planner,skip,10220,2,1,3,15,22,11,12,0,6,20,0
night,planner,skip,10220,3,1,4,17,22,7,22,0,8,20,0
night,planner,skip,10220,4,1,4,13,22,10,35,10,8,20,0
night,planner,skip,10221,0,1,2,22,22,3,3,0,3,20,0
night,planner,skip,10221,1,1,2,13,22,7,5,0,4,20,0
night,planner,skip,10221,2,1,3,15,22,11,12,0,6,20,0
night,planner,skip,10221,3,1,4,15,22,10,23,0,8,20,0
night,planner,skip,10221,4,1,4,15,22,8,36,6,8,20,0
night,planner,skip,10222,0,1,2,22,22,0,2,0,3,20,0
night,planner,skip,10222,1,1,2,13,22,7,5,0,4,20,0
night,planner,skip,10222,2,1,3,21,22,8,15,0,6,20,0
night,planner,skip,10222,3,1,4,12,22,10,22,0,8,20,0
night,planner,skip,10222,4,1,5,21,22,3,38,0,8,20,0
night,planner,skip,10223,0,1,2,22,22,0,0,0,4,20,0
night,planner,skip,10223,1,1,2,13,22,7,5,0,4,20,0
night,planner,skip,10223,2,1,4,17,22,7,18,0,7,20,0
night,planner,skip,10223,3,1,4,17,22,10,23,0,8,20,0
night,planner,skip,10223,4,1,4,18,22,11,34,10,8,20,0
night,planner,skip,10224,0,1,2,20,22,0,2,0,3,20,0
night,planner,skip,10224,1,1,2,19,22,4,8,0,4,20,0
night,planner,skip,10224,2,1,4,19,22,7,20,0,7,20,0
night,planner,skip,10224,3,1,4,12,22,10,22,0,8,20,0
night,planner,skip,10224,4,1,5,22,22,7,38,8,10,20,0
night,planner,skip,10225,0,1,2,22,22,3,3,0,3,20,0
night,planner,skip,10225,1,1,2,15,22,6,6,0,4,20,0
night,planner,skip,10225,2,1,4,15,22,6,15,0,7,20,0
night,planner,skip,10225,3,1,4,15,22,10,23,0,8,20,0
night,planner,skip,10225,4,1,5,22,22,5,41,4,9,20,0
night,planner,skip,10226,0,1,2,22,22,3,3,0,3,20,0
night,planner,skip,10226,1,1,2,19,22,7,6,0,4,20,0
night,planner,skip,10226,2,1,3,21,22,10,17,0,6,20,0
night,planner,skip,10226,3,1,4,15,22,10,23,0,8,20,0
night,planner,skip,10226,4,1,5,15,22,6,35,0,9,20,0
night,planner,skip,10227,0,1,2,22,22,3,3,0,3,20,0
night,planner,skip,10227,1,1,2,14,22,7,6,0,4,20,0
night,planner,skip,10227,2,1,4,9,22,10,13,0,7,20,0
night,planner,skip,10227,3,1,4,14,22,10,22,0,8,20,0
night,planner,skip,10227,4,0,3,0,22,11,14,6,6,20,0
night,planner,skip,10228,0,1,2,22,22,3,3,0,4,20,0
night,planner,skip,10228,1,1,2,12,22,7,4,0,4,20,0
night,planner,skip,10228,2,1,3,18,22,8,12,0,6,20,0
night,planner,skip,10228,3,1,4,14,22,10,22,0,8,20,0
night,planner,skip,10228,4,1,4,9,22,14,28,10,8,20,0
night,planner,skip,10229,0,1,2,22,22,3,5,0,3,20,0
night,planner,skip,10229,1,1,2,19,22,4,8,0,4,20,0
night,planner,skip,10229,2,1,4,14,22,8,16,0,7,20,0
night,planner,skip,10229,3,1,4,4,22,13,15,0,8,20,0
night,planner,skip,10229,4,1,4,21,22,11,34,10,8,20,0
night,planner,skip,10230,0,1,2,22,22,3,3,0,3,20,0
night,planner,skip,10230,1,1,2,19,22,4,8,0,4,20,0
night,planner,skip,10230,2,1,3,18,22,10,14,0,6,20,0
night,planner,skip,10230,3,1,4,18,22,7,27,0,8,20,0
night,planner,skip,10230,4,1,4,19,22,11,28,6,8,20,0
night,planner,skip,10231,0,1,2,20,22,3,5,0,3,20,0
night,planner,skip,10231,1,1,2,15,22,7,6,0,4,20,0
night,planner,skip,10231,2,0,2,0,22,10,3,0,4,20,0
night,planner,skip,10231,3,1,4,16,22,10,22,0,8,20,0
night,planner,skip,10231,4,1,4,6,22,15,21,6,8,20,0
night,planner,skip,10232,0,1,2,22,22,3,3,0,4,20,0
night,planner,skip,10232,1,1,2,14,22,7,6,0,4,20,0
night,planner,skip,10232,2,1,3,15,22,11,12,0,6,20,0
night,planner,skip,10232,3,1,4,17,22,10,23,0,8,20,0
night,planner,skip,10232,4,1,5,20,22,6,40,4,9,20,0
night,planner,skip,10233,0,1,2,20,22,3,5,0,3,20,0
night,planner,skip,10233,1,1,2,13,22,7,5,0,4,20,0
night,planner,skip,10233,2,0,2,0,22,6,0,0,4,20,0
night,planner,skip,10233,3,1,4,4,22,13,15,0,8,20,0
night,planner,skip,10233,4,1,5,17,22,8,37,6,9,20,0
night,planner,skip,10234,0,1,2,20,22,3,5,0,3,20,0
night,planner,skip,10234,1,1,2,20,22,6,6,0,4,20,0
night,planner,skip,10234,2,1,3,15,22,11,12,0,6,20,0
night,planner,skip,10234,3,1,4,22,22,7,25,0,8,20,0
night,planner,skip,10234,4,1,5,17,22,8,39,6,9,20,0
night,planner,skip,10235,0,1,2,22,22,3,3,0,3,20,0
night,planner,skip,10235,1,1,2,10,22,9,4,4,4,20,0
night,planner,skip,10235,2,1,3,9,22,14,9,0,6,20,0
night,planner,skip,10235,3,1,4,15,22,10,23,0,8,20,0
night,planner,skip,10235,4,1,4,7,22,15,27,6,8,20,0
night,planner,skip,10236,0,1,2,22,22,3,3,0,3,20,0
night,planner,skip,10236,1,1,2,19,22,4,8,0,4,20,0
night,planner,skip,10236,2,1,4,17,22,7,18,0,7,20,0
night,planner,skip,10236,3,1,4,9,22,10,17,0,8,20,0
night,planner,skip,10236,4,1,5,22,22,8,41,6,9,20,0
night,planner,skip,10237,0,1,2,22,22,0,0,0,4,20,0
night,planner,skip,10237,1,1,2,15,22,7,6,0,4,20,0
night,planner,skip,10237,2,0,2,0,22,6,0,0,4,20,0
night,planner,skip,10237,3,1,4,5,22,13,18,0,8,20,0
night,planner,skip,10237,4,0,4,0,22,10,22,0,7,20,0
night,planner,skip,10238,0,1,2,22,22,3,3,0,3,20,0
night,planner,skip,10238,1,1,2,19,22,4,8,0,4,20,0
night,planner,skip,10238,2,1,4,11,22,10,15,0,7,20,0
night,planner,skip,10238,3,1,4,11,22,10,23,0,8,20,0
night,planner,skip,10238,4,1,5,13,22,7,35,0,9,20,0
night,planner,skip,10239,0,1,2,20,22,3,5,0,3,20,0
night,planner,skip,10239,1,1,2,19,22,4,8,0,4,20,0
night,planner,skip,10239,2,1,3,21,22,8,15,0,6,20,0
night,planner,skip,10239,3,1,4,15,22,10,23,0,8,20,0
night,planner,skip,10239,4,1,5,16,22,11,37,10,9,20,0
night,planner,skip,10240,0,1,2,20,22,0,2,0,3,20,0
night,planner,skip,10240,1,1,2,12,22,7,4,0,4,20,0
night,planner,skip,10240,2,1,3,15,22,11,12,0,6,20,0
night,planner,skip,10240,3,1,4,5,22,13,18,0,8,20,0
night,planner,skip,10240,4,1,4,10,22,13,25,6,8,20,0
night,planner,skip,10241,0,1,2,22,22,0,0,0,3,20,0
night,planner,skip,10241,1,1,2,15,22,6,6,0,4,20,0
night,planner,skip,10241,2,1,3,21,22,8,15,0,6,20,0
night,planner,skip,10241,3,0,3,0,22,10,12,0,6,20,0
night,planner,skip,10241,4,1,4,18,22,14,30,12,8,20,0
night,planner,skip,10242,0,1,2,22,22,3,3,0,3,20,0
night,planner,skip,10242,1,1,2,19,22,4,8,0,4,20,0
night,planner,skip,10242,2,1,3,15,22,11,12,0,6,20,0
night,planner,skip,10242,3,1,4,21,22,7,26,0,8,20,0
night,planner,skip,10242,4,1,4,22,22,7,35,10,8,20,0
night,planner,skip,10243,0,1,2,20,22,0,0,0,3,20,0
night,planner,skip,10243,1,1,2,12,22,7,4,0,4,20,0
night,planner,skip,10243,2,1,3,12,22,11,9,0,6,20,0
night,planner,skip,10243,3,1,4,22,22,7,25,0,8,20,0
night,planner,skip,10243,4,1,4,17,22,13,33,12,8,20,0
night,planner,skip,10244,0,1,2,22,22,3,3,0,4,20,0
night,planner,skip,10244,1,1,2,16,22,6,6,0,4,20,0
night,planner,skip,10244,2,1,3,21,22,10,17,0,6,20,0
night,planner,skip,10244,3,1,4,15,22,10,23,0,8,20,0
night,planner,skip,10244,4,1,5,22,22,9,43,6,10,20,0
night,planner,skip,10245,0,1,2,22,22,3,3,0,4,20,0
night,planner,skip,10245,1,1,2,13,22,7,5,0,4,20,0
night,planner,skip,10245,2,1,3,17,22,7,18,0,6,20,0
night,planner,skip,10245,3,0,2,0,22,10,3,0,4,20,0
night,planner,skip,10245,4,1,4,4,22,15,18,0,7,20,0
night,planner,skip,10246,0,1,2,22,22,0,0,0,4,20,0
night,planner,skip,10246,1,1,2,15,22,6,6,0,4,20,0
night,planner,skip,10246,2,1,3,15,22,11,12,0,6,20,0
night,planner,skip,10246,3,1,4,19,22,7,20,0,8,20,0
night,planner,skip,10246,4,1,4,13,22,8,28,4,8,20,0
night,planner,skip,10247,0,1,2,18,22,6,2,0,3,20,0
night,planner,skip,10247,1,1,2,12,22,7,4,0,4,20,0
night,planner,skip,10247,2,1,3,18,22,10,14,0,6,20,0
night,planner,skip,10247,3,1,4,10,22,10,16,0,8,20,0
night,planner,skip,10247,4,1,4,11,22,14,28,10,8,20,0
night,planner,skip,10248,0,1,2,22,22,3,3,0,4,20,0
night,planner,skip,10248,1,1,2,8,22,10,3,0,4,20,0
night,planner,skip,10248,2,1,3,21,22,10,17,0,6,20,0
night,planner,skip,10248,3,1,4,8,22,10,22,0,8,20,0
night,planner,skip,10248,4,1,4,14,22,13,29,12,7,20,0
night,planner,skip,10249,0,1,2,13,22,6,1,0,3,20,0
night,planner,skip,10249,1,1,2,19,22,4,8,0,4,20,0
night,planner,skip,10249,2,1,3,21,22,10,17,0,6,20,0
night,planner,skip,10249,3,1,4,9,22,13,18,0,8,20,0
night,planner,skip,10249,4,1,5,22,22,3,39,4,9,20,0
night,planner,skip,10250,0,1,2,22,22,3,3,0,3,20,0
night,planner,skip,10250,1,1,2,19,22,4,8,0,4,20,0
night,planner,skip,10250,2,1,3,18,22,8,12,0,6,20,0
night,planner,skip,10250,3,1,4,14,22,10,22,0,8,20,0
night,planner,skip,10250,4,1,5,12,22,10,36,10,10,20,0
night,planner,skip,10251,0,1,2,20,22,0,2,0,3,20,0
night,planner,skip,10251,1,1,2,19,22,4,8,0,4,20,0
night,planner,skip,10251,2,1,3,12,22,11,9,0,6,20,0
night,planner,skip,10251,3,1,4,17,22,7,20,0,8,20,0
night,planner,skip,10251,4,1,6,17,22,6,48,4,10,20,0
night,planner,skip,10252,0,1,2,22,22,3,3,0,3,20,0
night,planner,skip,10252,1,1,2,19,22,4,8,0,4,20,0
night,planner,skip,10252,2,1,3,18,22,10,14,0,6,20,0
night,planner,skip,10252,3,1,4,15,22,10,23,0,8,20,0
night,planner,skip,10252,4,1,5,17,22,8,33,4,9,20,0
night,planner,skip,10253,0,1,2,20,22,3,5,0,3,20,0
night,planner,skip,10253,1,1,2,15,22,6,6,0,4,20,0
night,planner,skip,10253,2,1,4,9,22,10,13,0,7,20,0
night,planner,skip,10253,3,1,4,15,22,9,24,0,8,20,0
night,planner,skip,10253,4,1,5,22,22,8,39,8,10,20,0
night,planner,skip,10254,0,1,2,22,22,3,3,0,3,20,0
night,planner,skip,10254,1,1,2,19,22,4,8,0,4,20,0
night,planner,skip,10254,2,1,3,19,22,10,14,0,6,20,0
night,planner,skip,10254,3,1,4,17,22,10,23,0,8,20,0
night,planner,skip,10254,4,1,5,22,22,3,39,0,8,20,0
night,planner,skip,10255,0,1,2,22,22,3,3,0,3,20,0
night,planner,skip,10255,1,1,2,19,22,4,8,0,4,20,0
night,planner,skip,10255,2,1,3,18,22,10,14,0,6,20,0
night,planner,skip,10255,3,1,4,7,22,13,18,0,8,20,0
night,planner,skip,10255,4,1,4,18,22,11,31,10,8,20,0
night,planner,skip,10256,0,1,2,19,22,3,0,0,3,20,0
night,planner,skip,10256,1,1,2,9,22,6,0,0,4,20,0
night,planner,skip,10256,2,1,3,22,22,7,14,0,6,20,0
night,planner,skip,10256,3,1,4,15,22,10,23,0,8,20,0
night,planner,skip,10256,4,1,4,5,22,13,19,0,7,20,0
night,planner,skip,10257,0,1,2,20,22,0,2,0,3,20,0
night,planner,skip,10257,1,1,2,19,22,4,8,0,4,20,0
night,planner,skip,10257,2,1,3,21,22,10,17,0,6,20,0
night,planner,skip,10257,3,1,4,9,22,13,18,0,8,20,0
night,planner,skip,10257,4,1,5,15,22,7,38,4,10,20,0
night,planner,skip,10258,0,1,2,22,22,3,3,0,3,20,0
night,planner,skip,10258,1,1,2,19,22,4,8,0,4,20,0
night,planner,skip,10258,2,1,4,14,22,8,16,0,7,20,0
night,planner,skip,10258,3,1,4,15,22,10,23,0,8,20,0
night,planner,skip,10258,4,1,4,7,22,9,26,0,7,20,0
night,planner,skip,10259,0,1,2,20,22,0,2,0,3,20,0
night,planner,skip,10259,1,1,2,7,22,10,2,0,4,20,0
night,planner,skip,10259,2,1,3,18,22,10,14,0,6,20,0
night,planner,skip,10259,3,1,4,10,22,10,18,0,8,20,0
night,planner,skip,10259,4,0,3,0,22,9,18,4,6,20,0
night,planner,skip,10260,0,1,2,22,22,3,3,0,4,20,0
night,planner,skip,10260,1,1,2,12,22,7,4,0,4,20,0
night,planner,skip,10260,2,1,3,18,22,10,14,0,6,20,0
night,planner,skip,10260,3,1,4,8,22,10,20,0,8,20,0
night,planner,skip,10260,4,1,4,15,22,12,29,14,8,20,0
night,planner,skip,10261,0,1,2,22,22,3,3,0,4,20,0
night,planner,skip,10261,1,1,2,12,22,7,4,0,4,20,0
night,planner,skip,10261,2,1,3,15,22,11,12,0,6,20,0
night,planner,skip,10261,3,1,4,15,22,7,22,0,8,20,0
night,planner,skip,10261,4,1,5,18,22,7,39,0,9,20,0
night,planner,skip,10262,0,1,2,13,22,6,1,0,3,20,0
night,planner,skip,10262,1,1,2,19,22,4,8,0,4,20,0
night,planner,skip,10262,2,1,3,17,22,9,12,0,6,20,0
night,planner,skip,10262,3,1,4,10,22,10,18,0,8,20,0
night,planner,skip,10262,4,1,4,13,22,12,28,14,8,20,0
night,planner,skip,10263,0,1,2,22,22,3,3,0,3,20,0
night,planner,skip,10263,1,1,2,12,22,7,4,0,4,20,0
night,planner,skip,10263,2,1,4,11,22,10,15,0,7,20,0
night,planner,skip,10263,3,1,4,10,22,10,16,0,8,20,0
night,planner,skip,10263,4,1,5,10,22,10,34,10,9,20,0
night,planner,skip,10264,0,1,2,22,22,0,0,0,4,20,0
night,planner,skip,10264,1,1,2,19,22,4,8,0,4,20,0
night,planner,skip,10264,2,1,4,14,22,8,16,0,7,20,0
night,planner,skip,10264,3,1,4,16,22,10,22,0,8,20,0
night,planner,skip,10264,4,1,5,18,22,6,38,0,9,20,0
night,planner,skip,10265,0,1,2,22,22,0,0,0,3,20,0
night,planner,skip,10265,1,1,2,14,22,7,6,0,4,20,0
night,planner,skip,10265,2,1,4,17,22,7,18,0,7,20,0
night,planner,skip,10265,3,1,4,22,22,7,25,0,8,20,0
night,planner,skip,10265,4,0,4,0,22,7,22,0,7,20,0
night,planner,skip,10266,0,1,2,22,22,3,3,0,3,20,0
night,planner,skip,10266,1,1,2,19,22,4,8,0,4,20,0
night,planner,skip,10266,2,1,4,17,22,7,18,0,7,20,0
night,planner,skip,10266,3,1,4,17,22,10,23,0,8,20,0
night,planner,skip,10266,4,1,5,16,22,8,35,6,9,20,0
night,planner,skip,10267,0,1,2,22,22,3,3,0,3,20,0
night,planner,skip,10267,1,1,2,13,22,7,4,0,4,20,0
night,planner,skip,10267,2,1,3,10,22,10,14,0,5,20,0
night,planner,skip,10267,3,1,4,14,22,10,22,0,8,20,0
night,planner,skip,10267,4,1,4,19,22,12,34,6,8,20,0
night,planner,skip,10268,0,1,2,22,22,3,3,0,3,20,0
night,planner,skip,10268,1,1,2,12,22,7,4,0,4,20,0
night,planner,skip,10268,2,1,3,21,22,8,15,0,6,20,0
night,planner,skip,10268,3,1,4,9,22,10,21,0,8,20,0
night,planner,skip,10268,4,1,4,22,22,11,28,10,8,20,0
night,planner,skip,10269,0,1,2,22,22,3,3,0,3,20,0
night,planner,skip,10269,1,1,2,16,22,3,4,0,4,20,0
night,planner,skip,10269,2,1,4,11,22,10,15,0,7,20,0
night,planner,skip,10269,3,1,4,16,22,10,22,0,8,20,0
night,planner,skip,10269,4,1,5,20,22,8,36,6,9,20,0
night,planner,skip,10270,0,1,2,22,22,3,3,0,3,20,0
night,planner,skip,10270,1,1,2,15,22,6,6,0,4,20,0
night,planner,skip,10270,2,1,3,15,22,11,12,0,6,20,0
night,planner,skip,10270,3,1,4,22,22,7,25,0,8,20,0
night,planner,skip,10270,4,1,4,19,22,7,36,10,8,20,0
night,planner,skip,10271,0,1,2,22,22,3,3,0,4,20,0
night,planner,skip,10271,1,1,2,12,22,7,4,0,4,20,0
night,planner,skip,10271,2,1,3,15,22,11,12,0,6,20,0
night,planner,skip,10271,3,1,4,9,22,13,18,0,8,20,0
night,planner,skip,10271,4,1,5,20,22,3,42,0,9,20,0
night,planner,skip,10272,0,1,2,22,22,3,3,0,3,20,0
night,planner,skip,10272,1,1,2,19,22,4,8,0,4,20,0
night,planner,skip,10272,2,1,4,17,22,7,18,0,7,20,0
night,planner,skip,10272,3,1,4,15,22,10,23,0,8,20,0
night,planner,skip,10272,4,1,4,6,22,11,26,4,8,20,0
night,planner,skip,10273,0,1,2,22,22,3,3,0,4,20,0
night,planner,skip,10273,1,1,2,15,22,6,6,0,4,20,0
night,planner,skip,10273,2,1,3,9,22,14,9,0,6,20,0
night,planner,skip,10273,3,1,4,21,22,7,26,0,8,20,0
night,planner,skip,10273,4,1,4,14,22,17,28,12,8,20,0
night,planner,skip,10274,0,1,2,22,22,0,0,0,4,20,0
night,planner,skip,10274,1,1,2,12,22,7,4,0,4,20,0
night,planner,skip,10274,2,1,3,15,22,11,12,0,6,20,0
night,planner,skip,10274,3,1,4,17,22,9,24,0,8,20,0
night,planner,skip,10274,4,1,5,9,22,6,31,4,10,20,0
night,planner,skip,10275,0,1,2,22,22,0,0,0,3,20,0
night,planner,skip,10275,1,1,2,22,22,4,6,0,4,20,0
night,planner,skip,10275,2,1,3,15,22,11,12,0,6,20,0
night,planner,skip,10275,3,1,4,15,22,10,23,0,8,20,0
night,planner,skip,10275,4,1,4,11,22,12,25,4,8,20,0
night,planner,skip,10276,0,1,2,22,22,0,0,0,4,20,0
night,planner,skip,10276,1,1,2,16,22,3,4,0,4,20,0
night,planner,skip,10276,2,1,3,18,22,10,14,0,6,20,0
night,planner,skip,10276,3,1,4,7,22,13,18,0,8,20,0
night,planner,skip,10276,4,1,4,19,22,12,33,6,8,20,0
night,planner,skip,10277,0,1,2,20,22,0,2,0,3,20,0
night,planner,skip,10277,1,1,2,12,22,7,4,0,4,20,0
night,planner,skip,10277,2,1,3,15,22,11,12,0,6,20,0
night,planner,skip,10277,3,1,4,17,22,10,23,0,8,20,0
night,planner,skip,10277,4,1,5,2,22,13,31,4,10,20,0
night,planner,skip,10278,0,1,2,22,22,3,3,0,3,20,0
night,planner,skip,10278,1,1,2,19,22,4,8,0,4,20,0
night,planner,skip,10278,2,1,3,5,22,14,5,0,6,20,0
night,planner,skip,10278,3,1,4,5,22,10,17,0,8,20,0
night,planner,skip,10278,4,1,5,13,22,5,32,4,9,20,0
night,planner,skip,10279,0,1,2,22,22,3,3,0,3,20,0
night,planner,skip,10279,1,1,2,15,22,7,6,0,4,20,0
night,planner,skip,10279,2,1,3,21,22,10,17,0,6,20,0
night,planner,skip,10279,3,1,4,17,22,10,23,0,8,20,0
night,planner,skip,10279,4,1,4,8,22,9,26,0,7,20,0
night,planner,skip,10280,0,1,2,20,22,0,2,0,3,20,0
night,planner,skip,10280,1,1,2,16,22,3,4,0,4,20,0
night,planner,skip,10280,2,1,3,15,22,11,12,0,6,20,0
night,planner,skip,10280,3,1,4,10,22,10,16,0,8,20,0
night,planner,skip,10280,4,1,4,8,22,13,28,10,8,20,0
night,planner,skip,10281,0,1,2,20,22,0,2,0,3,20,0
night,planner,skip,10281,1,1,2,19,22,4,8,0,4,20,0
night,planner,skip,10281,2,1,4,17,22,7,18,0,7,20,0
night,planner,skip,10281,3,1,4,11,22,9,18,0,8,20,0
night,planner,skip,10281,4,1,5,8,22,9,31,0,9,20,0
night,planner,skip,10282,0,1,2,19,22,3,4,0,3,20,0
night,planner,skip,10282,1,1,2,10,22,9,4,4,4,20,0
night,planner,skip,10282,2,1,3,15,22,11,12,0,6,20,0
night,planner,skip,10282,3,1,4,5,22,13,18,0,8,20,0
night,planner,skip,10282,4,1,4,8,22,11,31,6,8,20,0
night,planner,skip,10283,0,1,2,22,22,3,3,0,4,20,0
night,planner,skip,10283,1,1,2,7,22,10,2,0,4,20,0
night,planner,skip,10283,2,1,3,18,22,10,14,0,6,20,0
night,planner,skip,10283,3,1,4,22,22,6,26,0,8,20,0
night,planner,skip,10283,4,1,5,17,22,8,40,6,9,20,0
night,planner,skip,10284,0,1,2,21,22,0,3,0,3,20,0
night,planner,skip,10284,1,1,2,12,22,7,4,0,4,20,0
night,planner,skip,10284,2,1,3,15,22,11,12,0,6,20,0
night,planner,skip,10284,3,1,4,14,22,10,22,0,8,20,0
night,planner,skip,10284,4,1,5,10,22,9,30,0,8,20,0
night,planner,skip,10285,0,1,2,22,22,3,3,0,3,20,0
night,planner,skip,10285,1,1,2,15,22,6,6,0,4,20,0
night,planner,skip,10285,2,1,3,18,22,10,14,0,6,20,0
night,planner,skip,10285,3,1,4,14,22,10,22,0,8,20,0
night,planner,skip,10285,4,1,4,20,22,11,34,10,8,20,0
night,planner,skip,10286,0,1,2,22,22,3,3,0,3,20,0
night,planner,skip,10286,1,1,2,19,22,4,8,0,4,20,0
night,planner,skip,10286,2,1,4,13,22,8,15,0,7,20,0
night,planner,skip,10286,3,1,4,10,22,10,16,0,8,20,0
night,planner,skip,10286,4,1,5,17,22,6,40,0,9,20,0
night,planner,skip,10287,0,1,2,22,22,3,3,0,3,20,0
night,planner,skip,10287,1,1,2,19,22,4,8,0,4,20,0
night,planner,skip,10287,2,1,3,15,22,11,12,0,6,20,0
night,planner,skip,10287,3,1,4,21,22,7,26,0,8,20,0
night,planner,skip,10287,4,1,5,11,22,8,33,4,9,20,0
night,planner,skip,10288,0,1,2,20,22,3,5,0,3,20,0
night,planner,skip,10288,1,1,3,12,22,4,8,0,5,20,0
night,planner,skip,10288,2,1,3,17,22,7,18,0,6,20,0
night,planner,skip,10288,3,1,4,17,22,10,23,0,8,20,0
night,planner,skip,10288,4,1,4,5,22,12,29,10,8,20,0
night,planner,skip,10289,0,1,2,22,22,3,3,0,3,20,0
night,planner,skip,10289,1,1,2,19,22,4,8,0,4,20,0
night,planner,skip,10289,2,1,3,18,22,10,14,0,6,20,0
night,planner,skip,10289,3,1,4,13,22,10,23,0,8,20,0
night,planner,skip,10289,4,1,5,17,22,9,43,6,10,20,0
night,planner,skip,10290,0,1,2,22,22,0,0,0,4,20,0
night,planner,skip,10290,1,1,2,13,22,7,5,0,4,20,0
night,planner,skip,10290,2,1,4,11,22,10,15,0,7,20,0
night,planner,skip,10290,3,1,4,14,22,10,22,0,8,20,0
night,planner,skip,10290,4,1,5,10,22,10,34,10,9,20,0
night,planner,skip,10291,0,1,2,22,22,0,0,0,4,20,0
night,planner,skip,10291,1,1,2,19,22,4,8,0,4,20,0
night,planner,skip,10291,2,1,3,14,22,10,10,0,6,20,0
night,planner,skip,10291,3,1,4,14,22,10,22,0,8,20,0
night,planner,skip,10291,4,1,5,17,22,7,36,0,9,20,0
night,planner,skip,10292,0,1,2,20,22,3,5,0,3,20,0
night,planner,skip,10292,1,1,2,12,22,7,4,0,4,20,0
night,planner,skip,10292,2,1,3,15,22,11,12,0,6,20,0
night,planner,skip,10292,3,1,4,15,22,10,23,0,8,20,0
night,planner,skip,10292,4,0,3,0,22,9,12,4,6,20,0
night,planner,skip,10293,0,1,2,22,22,3,3,0,3,20,0
night,planner,skip,10293,1,1,2,19,22,4,8,0,4,20,0
night,planner,skip,10293,2,1,3,15,22,11,12,0,6,20,0
night,planner,skip,10293,3,1,4,14,22,10,22,0,8,20,0
night,planner,skip,10293,4,0,3,0,22,11,14,6,6,20,0
night,planner,skip,10294,0,1,2,22,22,0,0,0,4,20,0
night,planner,skip,10294,1,1,2,14,22,7,6,0,4,20,0
night,planner,skip,10294,2,1,3,18,22,10,14,0,6,20,0
night,planner,skip,10294,3,1,4,17,22,10,23,0,8,20,0
night,planner,skip,10294,4,1,4,5,22,15,18,0,7,20,0
night,planner,skip,10295,0,1,2,22,22,3,3,0,3,20,0
night,planner,skip,10295,1,1,2,13,22,7,5,0,4,20,0
night,planner,skip,10295,2,1,4,10,22,7,11,0,7,20,0
night,planner,skip,10295,3,1,4,17,22,7,20,0,8,20,0
night,planner,skip,10295,4,1,5,22,22,4,40,0,9,20,0
night,planner,skip,10296,0,1,2,22,22,3,3,0,4,20,0
night,planner,skip,10296,1,1,2,12,22,7,4,0,4,20,0
night,planner,skip,10296,2,1,3,21,22,10,17,0,6,20,0
night,planner,skip,10296,3,1,4,20,22,7,25,0,8,20,0
night,planner,skip,10296,4,1,5,22,22,6,39,0,9,20,0
night,planner,skip,10297,0,1,2,20,22,0,2,0,3,20,0
night,planner,skip,10297,1,1,2,19,22,4,8,0,4,20,0
night,planner,skip,10297,2,1,3,15,22,11,12,0,6,20,0
night,planner,skip,10297,3,1,4,8,22,10,16,0,8,20,0
night,planner,skip,10297,4,1,4,19,22,11,26,6,8,20,0
night,planner,skip,10298,0,1,2,22,22,3,3,0,3,20,0
night,planner,skip,10298,1,1,2,19,22,4,8,0,4,20,0
night,planner,skip,10298,2,1,4,13,22,8,15,0,7,20,0
night,planner,skip,10298,3,1,4,13,22,10,23,0,8,20,0
night,planner,skip,10298,4,1,5,22,22,5,35,4,10,20,0
night,planner,skip,10299,0,1,2,22,22,3,3,0,4,20,0
night,planner,skip,10299,1,1,2,14,22,7,6,0,4,20,0
night,planner,skip,10299,2,1,3,15,22,11,12,0,6,20,0
night,planner,skip,10299,3,1,4,15,22,10,23,0,8,20,0
night,planner,skip,10299,4,1,5,16,22,11,35,10,9,20,0
night,planner,skip,10300,0,1,2,22,22,3,3,0,4,20,0
night,planner,skip,10300,1,1,2,19,22,4,8,0,4,20,0
night,planner,skip,10300,2,1,3,18,22,7,19,0,6,20,0
night,planner,skip,10300,3,0,3,0,22,13,10,0,6,20,0
night,planner,skip,10300,4,1,5,15,22,8,37,6,9,20,0
night,planner,skip,10301,0,1,2,18,22,0,0,0,3,20,0
night,planner,skip,10301,1,1,2,19,22,4,8,0,4,20,0
night,planner,skip,10301,2,1,4,17,22,7,18,0,7,20,0
night,planner,skip,10301,3,1,4,17,22,10,23,0,8,20,0
night,planner,skip,10301,4,1,5,7,22,9,32,0,8,20,0
night,planner,skip,10302,0,1,2,18,22,6,2,0,3,20,0
night,planner,skip,10302,1,1,2,14,22,7,6,0,4,20,0
night,planner,skip,10302,2,1,3,9,22,14,9,0,6,20,0
night,planner,skip,10302,3,1,4,18,22,7,27,0,8,20,0
night,planner,skip,10302,4,0,4,0,22,8,22,4,8,20,0
night,planner,skip,10303,0,1,2,22,22,3,3,0,4,20,0
night,planner,skip,10303,1,1,2,19,22,4,8,0,4,20,0
night,planner,skip,10303,2,1,3,16,22,11,12,0,6,20,0
night,planner,skip,10303,3,1,4,15,22,10,23,0,8,20,0
night,planner,skip,10303,4,1,5,10,22,11,35,10,9,20,0
night,planner,skip,10304,0,1,2,22,22,3,3,0,4,20,0
night,planner,skip,10304,1,1,2,19,22,4,8,0,4,20,0
night,planner,skip,10304,2,1,3,15,22,11,12,0,6,20,0
night,planner,skip,10304,3,1,4,17,22,7,22,0,8,20,0
night,planner,skip,10304,4,0,3,0,22,9,14,4,6,20,0
night,planner,skip,10305,0,1,2,19,22,3,4,0,3,20,0
night,planner,skip,10305,1,1,2,19,22,4,8,0,4,20,0
night,planner,skip,10305,2,1,3,18,22,10,14,0,6,20,0
night,planner,skip,10305,3,1,4,3,22,13,18,0,8,20,0
night,planner,skip,10305,4,1,4,7,22,15,17,0,7,20,0
night,planner,skip,10306,0,1,2,22,22,3,3,0,3,20,0
night,planner,skip,10306,1,1,2,12,22,7,4,0,4,20,0
night,planner,skip,10306,2,1,3,15,22,11,12,0,6,20,0
night,planner,skip,10306,3,1,4,13,22,10,21,0,8,20,0
night,planner,skip,10306,4,1,4,12,22,12,31,6,8,20,0
night,planner,skip,10307,0,1,2,22,22,3,3,0,3,20,0
night,planner,skip,10307,1,1,2,13,22,7,4,0,4,20,0
night,planner,skip,10307,2,1,4,10,22,10,14,0,7,20,0
night,planner,skip,10307,3,1,4,15,22,10,23,0,8,20,0
night,planner,skip,10307,4,1,4,18,22,5,35,4,8,20,0
night,planner,skip,10308,0,1,2,22,22,3,3,0,4,20,0
night,planner,skip,10308,1,1,2,13,22,7,5,0,4,20,0
night,planner,skip,10308,2,1,3,18,22,10,14,0,6,20,0
night,planner,skip,10308,3,1,4,15,22,10,23,0,8,20,0
night,planner,skip,10308,4,1,5,18,22,8,34,4,9,20,0
night,planner,skip,10309,0,1,2,22,22,0,0,0,3,20,0
night,planner,skip,10309,1,1,2,8,22,10,3,0,4,20,0
night,planner,skip,10309,2,1,3,15,22,11,12,0,6,20,0
night,planner,skip,10309,3,1,4,15,22,10,23,0,8,20,0
night,planner,skip,10309,4,1,4,17,22,8,34,6,8,20,0
night,planner,skip,10310,0,1,2,19,22,3,4,0,3,20,0
night,planner,skip,10310,1,1,2,12,22,7,4,0,4,20,0
night,planner,skip,10310,2,1,4,14,22,8,16,0,7,20,0
night,planner,skip,10310,3,1,4,15,22,10,23,0,8,20,0
night,planner,skip,10310,4,0,3,0,22,7,18,0,5,20,0
night,planner,skip,10311,0,1,2,18,22,6,2,0,3,20,0
night,planner,skip,10311,1,1,2,19,22,4,8,0,4,20,0
night,planner,skip,10311,2,1,3,21,22,8,15,0,6,20,0
night,planner,skip,10311,3,1,4,12,22,10,22,0,8,20,0
night,planner,skip,10311,4,1,5,1,22,9,26,0,9,20,0
night,planner,skip,10312,0,1,2,19,22,3,0,0,3,20,0
night,planner,skip,10312,1,1,2,14,22,7,6,0,4,20,0
night,planner,skip,10312,2,1,3,9,22,14,9,0,6,20,0
night,planner,skip,10312,3,1,4,17,22,10,23,0,8,20,0
night,planner,skip,10312,4,1,5,16,22,9,41,6,10,20,0
night,planner,skip,10313,0,1,2,22,22,3,3,0,3,20,0
night,planner,skip,10313,1,1,2,12,22,7,4,0,4,20,0
night,planner,skip,10313,2,1,4,10,22,10,14,0,7,20,0
night,planner,skip,10313,3,1,4,14,22,10,22,0,8,20,0
night,planner,skip,10313,4,1,5,19,22,7,40,0,9,20,0
night,planner,skip,10314,0,1,2,22,22,3,3,0,4,20,0
night,planner,skip,10314,1,1,2,12,22,7,4,0,4,20,0
night,planner,skip,10314,2,1,4,14,22,8,16,0,7,20,0
night,planner,skip,10314,3,0,2,0,22,9,7,0,4,20,0
night,planner,skip,10314,4,1,4,9,22,15,24,6,8,20,0
night,planner,skip,10315,0,1,2,22,22,3,3,0,3,20,0
night,planner,skip,10315,1,1,2,13,22,7,5,0,4,20,0
night,planner,skip,10315,2,1,3,15,22,11,12,0,6,20,0
night,planner,skip,10315,3,1,4,17,22,10,23,0,8,20,0
night,planner,skip,10315,4,1,4,20,22,12,30,6,8,20,0
night,planner,skip,10316,0,1,2,22,22,0,0,0,4,20,0
night,planner,skip,10316,1,1,2,14,22,7,6,0,4,20,0
night,planner,skip,10316,2,1,4,14,22,8,16,0,7,20,0
night,planner,skip,10316,3,1,4,13,22,10,23,0,8,20,0
night,planner,skip,10316,4,1,5,21,22,10,46,12,10,20,0
night,planner,skip,10317,0,1,2,22,22,3,3,0,3,20,0
night,planner,skip,10317,1,1,2,19,22,4,8,0,4,20,0
night,planner,skip,10317,2,1,4,17,22,7,18,0,7,20,0
night,planner,skip,10317,3,1,4,18,22,10,22,0,8,20,0
night,planner,skip,10317,4,1,4,16,22,11,32,6,8,20,0
night,planner,skip,10318,0,1,2,13,22,6,1,0,3,20,0
night,planner,skip,10318,1,1,2,15,22,6,6,0,4,20,0
night,planner,skip,10318,2,1,3,18,22,8,12,0,6,20,0
night,planner,skip,10318,3,1,4,5,22,13,18,0,8,20,0
night,planner,skip,10318,4,1,4,16,22,17,28,12,8,20,0
night,planner,skip,10319,0,1,2,22,22,3,3,0,3,20,0
night,planner,skip,10319,1,1,2,19,22,4,8,0,4,20,0
night,planner,skip,10319,2,1,3,14,22,10,10,0,6,20,0
night,planner,skip,10319,3,1,4,11,22,10,21,0,8,20,0
night,planner,skip,10319,4,1,5,22,22,8,42,6,9,20,0
night,planner,skip,10320,0,1,2,22,22,3,5,0,3,20,0
night,planner,skip,10320,1,1,2,14,22,7,6,0,4,20,0
night,planner,skip,10320,2,1,3,18,22,10,14,0,6,20,0
night,planner,skip,10320,3,1,4,7,22,13,18,0,8,20,0
night,planner,skip,10320,4,0,4,0,22,14,26,10,8,20,0
night,planner,skip,10321,0,1,2,22,22,3,3,0,4,20,0
night,planner,skip,10321,1,1,2,12,22,7,4,0,4,20,0
night,planner,skip,10321,2,1,3,21,22,8,15,0,6,20,0
night,planner,skip,10321,3,1,4,15,22,9,24,0,8,20,0
night,planner,skip,10321,4,1,5,19,22,7,42,10,10,20,0
night,planner,skip,10322,0,1,2,22,22,3,3,0,3,20,0
night,planner,skip,10322,1,1,2,22,22,4,6,0,4,20,0
night,planner,skip,10322,2,0,2,0,22,10,2,0,4,20,0
night,planner,skip,10322,3,1,4,15,22,10,23,0,8,20,0
night,planner,skip,10322,4,1,5,19,22,7,42,10,10,20,0
night,planner,skip,10323,0,1,2,22,22,3,3,0,3,20,0
night,planner,skip,10323,1,1,2,19,22,4,8,0,4,20,0
night,planner,skip,10323,2,1,3,9,22,14,9,0,6,20,0
night,planner,skip,10323,3,0,2,0,22,10,2,0,4,20,0
night,planner,skip,10323,4,1,5,22,22,5,38,4,10,20,0
night,planner,skip,10324,0,1,2,22,22,0,0,0,4,20,0
night,planner,skip,10324,1,1,2,19,22,4,8,0,4,20,0
night,planner,skip,10324,2,1,3,18,22,10,14,0,6,20,0
night,planner,skip,10324,3,1,4,15,22,9,18,0,8,20,0
night,planner,skip,10324,4,1,4,18,22,12,33,6,8,20,0
night,planner,skip,10325,0,1,2,22,22,3,3,0,3,20,0
night,planner,skip,10325,1,1,2,19,22,4,8,0,4,20,0
night,planner,skip,10325,2,1,3,16,22,11,12,0,6,20,0
night,planner,skip,10325,3,1,4,13,22,10,23,0,8,20,0
night,planner,skip,10325,4,1,4,19,22,12,33,6,8,20,0
night,planner,skip,10326,0,1,2,22,22,3,3,0,4,20,0
night,planner,skip,10326,1,1,2,19,22,4,8,0,4,20,0
night,planner,skip,10326,2,1,3,14,22,10,10,0,6,20,0
night,planner,skip,10326,3,1,4,18,22,7,27,0,8,20,0
night,planner,skip,10326,4,0,3,0,22,9,12,4,6,20,0
night,planner,skip,10327,0,1,2,22,22,3,3,0,3,20,0
night,planner,skip,10327,1,1,2,19,22,4,8,0,4,20,0
night,planner,skip,10327,2,1,3,9,22,14,9,0,6,20,0
night,planner,skip,10327,3,1,4,10,22,10,20,0,8,20,0
night,planner,skip,10327,4,1,4,20,22,8,35,6,8,20,0
night,planner,skip,10328,0,1,2,22,22,3,3,0,4,20,0
night,planner,skip,10328,1,1,2,14,22,7,6,0,4,20,0
night,planner,skip,10328,2,1,4,13,22,8,15,0,7,20,0
night,planner,skip,10328,3,1,4,14,22,10,22,0,8,20,0
night,planner,skip,10328,4,1,4,19,22,7,33,10,8,20,0
night,planner,skip,10329,0,1,2,22,22,0,0,0,4,20,0
night,planner,skip,10329,1,1,2,19,22,4,8,0,4,20,0
night,planner,skip,10329,2,1,3,15,22,11,12,0,6,20,0
night,planner,skip,10329,3,1,4,18,22,10,22,0,8,20,0
night,planner,skip,10329,4,1,5,11,22,11,38,6,9,20,0
night,planner,skip,10330,0,1,2,22,22,3,3,0,4,20,0
night,planner,skip,10330,1,1,2,12,22,7,4,0,4,20,0
night,planner,skip,10330,2,1,4,4,22,10,8,0,7,20,0
night,planner,skip,10330,3,1,4,16,22,10,22,0,8,20,0
night,planner,skip,10330,4,1,5,22,22,8,44,10,10,20,0
night,planner,skip,10331,0,1,2,22,22,3,3,0,3,20,0
night,planner,skip,10331,1,1,2,15,22,6,6,0,4,20,0
night,planner,skip,10331,2,1,4,17,22,7,18,0,7,20,0
night,planner,skip,10331,3,1,5,10,22,6,24,0,9,20,0
night,planner,skip,10331,4,1,5,22,22,8,44,10,10,20,0
night,planner,skip,10332,0,1,2,18,22,6,2,0,3,20,0
night,planner,skip,10332,1,1,2,16,22,3,4,0,4,20,0
night,planner,skip,10332,2,0,2,0,22,13,0,0,4,20,0
night,planner,skip,10332,3,1,4,12,22,10,22,0,8,20,0
night,planner,skip,10332,4,1,4,7,22,15,27,6,8,20,0
night,planner,skip,10333,0,1,2,22,22,0,0,0,4,20,0
night,planner,skip,10333,1,1,2,19,22,4,8,0,4,20,0
night,planner,skip,10333,2,1,3,21,22,8,15,0,6,20,0
night,planner,skip,10333,3,1,4,17,22,7,22,0,8,20,0
night,planner,skip,10333,4,1,4,19,22,12,29,14,8,20,0
night,planner,skip,10334,0,1,2,22,22,3,3,0,3,20,0
night,planner,skip,10334,1,1,2,13,22,7,4,0,4,20,0
night,planner,skip,10334,2,1,3,15,22,11,12,0,6,20,0
night,planner,skip,10334,3,1,4,10,22,10,16,0,8,20,0
night,planner,skip,10334,4,1,4,19,22,12,34,6,8,20,0
night,planner,skip,10335,0,1,2,22,22,3,3,0,3,20,0
night,planner,skip,10335,1,1,2,12,22,7,4,0,4,20,0
night,planner,skip,10335,2,0,2,0,22,6,0,0,4,20,0
night,planner,skip,10335,3,1,4,10,22,10,16,0,8,20,0
night,planner,skip,10335,4,1,4,12,22,15,27,6,8,20,0
night,planner,skip,10336,0,1,2,22,22,3,3,0,3,20,0
night,planner,skip,10336,1,1,2,19,22,4,8,0,4,20,0
night,planner,skip,10336,2,1,4,13,22,8,15,0,7,20,0
night,planner,skip,10336,3,1,4,17,22,9,24,0,8,20,0
night,planner,skip,10336,4,0,2,0,22,11,5,6,4,20,0
night,planner,skip,10337,0,1,2,22,22,3,3,0,3,20,0
night,planner,skip,10337,1,1,2,14,22,7,6,0,4,20,0
night,planner,skip,10337,2,1,3,18,22,10,14,0,6,20,0
night,planner,skip,10337,3,1,4,16,22,7,25,0,8,20,0
night,planner,skip,10337,4,1,4,9,22,13,25,4,8,20,0
night,planner,skip,10338,0,1,2,22,22,0,0,0,4,20,0
night,planner,skip,10338,1,1,2,19,22,4,8,0,4,20,0
night,planner,skip,10338,2,1,3,15,22,11,12,0,6,20,0
night,planner,skip,10338,3,1,4,7,22,13,18,0,8,20,0
night,planner,skip,10338,4,1,5,16,22,7,40,0,9,20,0
night,planner,skip,10339,0,1,2,22,22,3,3,0,3,20,0
night,planner,skip,10339,1,1,2,19,22,4,8,0,4,20,0
night,planner,skip,10339,2,1,3,8,22,10,12,0,6,20,0
night,planner,skip,10339,3,0,2,0,22,10,3,0,4,20,0
night,planner,skip,10339,4,1,5,21,22,6,42,0,9,20,0
night,planner,skip,10340,0,1,2,22,22,3,3,0,4,20,0
night,planner,skip,10340,1,1,2,19,22,4,8,0,4,20,0
night,planner,skip,10340,2,1,4,14,22,8,16,0,7,20,0
night,planner,skip,10340,3,1,4,17,22,9,24,0,8,20,0
night,planner,skip,10340,4,1,4,17,22,8,34,6,8,20,0
night,planner,skip,10341,0,1,2,22,22,3,3,0,3,20,0
night,planner,skip,10341,1,1,2,10,22,9,4,4,4,20,0
night,planner,skip,10341,2,1,4,7,22,11,12,0,7,20,0
night,planner,skip,10341,3,0,2,0,22,10,2,0,4,20,0
night,planner,skip,10341,4,1,4,9,22,13,25,4,8,20,0
night,planner,skip,10342,0,1,2,22,22,3,3,0,3,20,0
night,planner,skip,10342,1,1,2,12,22,7,4,0,4,20,0
night,planner,skip,10342,2,1,4,13,22,8,15,0,7,20,0
night,planner,skip,10342,3,1,4,18,22,7,27,0,8,20,0
night,planner,skip,10342,4,1,5,16,22,8,40,4,10,20,0
night,planner,skip,10343,0,1,2,22,22,3,3,0,3,20,0
night,planner,skip,10343,1,1,2,9,22,6,0,0,4,20,0
night,planner,skip,10343,2,1,3,12,22,11,9,0,6,20,0
night,planner,skip,10343,3,1,4,5,22,10,15,0,8,20,0
night,planner,skip,10343,4,1,5,12,22,8,32,4,9,20,0
night,planner,skip,10344,0,1,2,22,22,3,3,0,4,20,0
night,planner,skip,10344,1,1,2,13,22,7,5,0,4,20,0
night,planner,skip,10344,2,1,3,7,22,13,6,0,6,20,0
night,planner,skip,10344,3,1,4,21,22,7,26,0,8,20,0
night,planner,skip,10344,4,1,4,18,22,12,28,6,8,20,0
night,planner,skip,10345,0,1,2,22,22,0,0,0,4,20,0
night,planner,skip,10345,1,1,2,19,22,7,6,0,4,20,0
night,planner,skip,10345,2,1,3,21,22,8,15,0,6,20,0
night,planner,skip,10345,3,1,4,15,22,10,23,0,8,20,0
night,planner,skip,10345,4,1,5,15,22,7,36,0,10,20,0
night,planner,skip,10346,0,1,2,22,22,3,3,0,3,20,0
night,planner,skip,10346,1,1,2,19,22,4,8,0,4,20,0
night,planner,skip,10346,2,1,4,15,22,6,15,0,7,20,0
night,planner,skip,10346,3,1,4,15,22,10,21,0,8,20,0
night,planner,skip,10346,4,1,4,21,22,11,34,10,8,20,0
night,planner,skip,10347,0,1,2,18,22,6,2,0,3,20,0
night,planner,skip,10347,1,1,2,17,22,7,4,0,4,20,0
night,planner,skip,10347,2,1,4,17,22,7,18,0,7,20,0
night,planner,skip,10347,3,1,4,17,22,10,23,0,8,20,0
night,planner,skip,10347,4,1,4,16,22,10,29,10,7,20,0
night,planner,skip,10348,0,1,2,21,22,0,3,0,3,20,0
night,planner,skip,10348,1,1,2,12,22,7,4,0,4,20,0
night,planner,skip,10348,2,0,2,0,22,10,3,0,4,20,0
night,planner,skip,10348,3,1,4,7,22,10,17,0,8,20,0
night,planner,skip,10348,4,1,5,14,22,10,39,10,10,20,0
night,planner,skip,10349,0,1,2,19,22,3,4,0,3,20,0
night,planner,skip,10349,1,1,2,19,22,4,8,0,4,20,0
night,planner,skip,10349,2,1,3,15,22,11,12,0,6,20,0
night,planner,skip,10349,3,1,4,17,22,10,23,0,8,20,0
night,planner,skip,10349,4,1,4,9,22,14,22,6,8,20,0
night,planner,skip,10350,0,1,2,22,22,3,3,0,4,20,0
night,planner,skip,10350,1,1,2,10,22,9,4,4,4,20,0
night,planner,skip,10350,2,0,2,0,22,10,3,0,4,20,0
night,planner,skip,10350,3,1,4,17,22,10,23,0,8,20,0
night,planner,skip,10350,4,1,5,17,22,8,37,6,9,20,0
night,planner,skip,10351,0,1,2,22,22,3,3,0,3,20,0
night,planner,skip,10351,1,1,2,2,22,13,0,4,4,20,0
night,planner,skip,10351,2,1,4,12,22,8,14,0,7,20,0
night,planner,skip,10351,3,1,4,9,22,13,18,0,8,20,0
night,planner,skip,10351,4,1,5,13,22,11,34,10,9,20,0
night,planner,skip,10352,0,1,2,19,22,3,4,0,3,20,0
night,planner,skip,10352,1,1,2,3,22,12,0,4,4,20,0
night,planner,skip,10352,2,1,4,7,22,10,11,0,7,20,0
night,planner,skip,10352,3,1,4,17,22,9,24,0,8,20,0
night,planner,skip,10352,4,1,4,18,22,12,26,4,8,20,0
night,planner,skip,10353,0,1,2,18,22,0,0,0,3,20,0
night,planner,skip,10353,1,1,2,19,22,4,8,0,4,20,0
night,planner,skip,10353,2,1,3,9,22,14,9,0,6,20,0
night,planner,skip,10353,3,1,4,10,22,10,18,0,8,20,0
night,planner,skip,10353,4,1,4,15,22,12,29,14,8,20,0
night,planner,skip,10354,0,1,2,22,22,3,3,0,3,20,0
night,planner,skip,10354,1,1,2,19,22,4,8,0,4,20,0
night,planner,skip,10354,2,1,3,22,22,4,20,0,6,20,0
night,planner,skip,10354,3,1,4,18,22,7,25,0,8,20,0
night,planner,skip,10354,4,1,4,15,22,15,25,6,8,20,0
night,planner,skip,10355,0,1,2,19,22,6,3,0,3,20,0
night,planner,skip,10355,1,1,2,19,22,4,8,0,4,20,0
night,planner,skip,10355,2,1,4,13,22,8,15,0,7,20,0
night,planner,skip,10355,3,1,4,17,22,7,24,0,8,20,0
night,planner,skip,10355,4,1,5,16,22,6,38,0,9,20,0
night,planner,skip,10356,0,1,2,19,22,3,4,0,3,20,0
night,planner,skip,10356,1,1,2,20,22,4,8,0,4,20,0
night,planner,skip,10356,2,1,3,15,22,11,12,0,6,20,0
night,planner,skip,10356,3,1,4,10,22,10,18,0,8,20,0
night,planner,skip,10356,4,1,4,6,22,10,26,0,7,20,0
night,planner,skip,10357,0,1,2,18,22,0,0,0,3,20,0
night,planner,skip,10357,1,1,2,19,22,4,8,0,4,20,0
night,planner,skip,10357,2,1,3,15,22,11,12,0,6,20,0
night,planner,skip,10357,3,1,4,19,22,7,26,0,8,20,0
night,planner,skip,10357,4,1,4,19,22,11,28,6,8,20,0
night,planner,skip,10358,0,1,2,22,22,0,0,0,4,20,0
night,planner,skip,10358,1,1,2,13,22,7,5,0,4,20,0
night,planner,skip,10358,2,1,3,15,22,11,12,0,6,20,0
night,planner,skip,10358,3,1,4,21,22,7,26,0,8,20,0
night,planner,skip,10358,4,1,4,8,22,15,23,6,8,20,0
night,planner,skip,10359,0,1,2,20,22,3,5,0,3,20,0
night,planner,skip,10359,1,1,2,19,22,4,8,0,4,20,0
night,planner,skip,10359,2,1,3,9,22,14,9,0,6,20,0
night,planner,skip,10359,3,1,4,17,22,10,23,0,8,20,0
night,planner,skip,10359,4,1,5,16,22,9,39,6,10,20,0
night,planner,skip,10360,0,1,2,22,22,0,2,0,3,20,0
night,planner,skip,10360,1,1,2,14,22,7,6,0,4,20,0
night,planner,skip,10360,2,0,2,0,22,10,3,0,4,20,0
night,planner,skip,10360,3,1,4,14,22,10,22,0,8,20,0
night,planner,skip,10360,4,1,4,22,22,6,30,4,8,20,0
night,planner,skip,10361,0,1,2,22,22,3,3,0,4,20,0
night,planner,skip,10361,1,1,2,15,22,6,6,0,4,20,0
night,planner,skip,10361,2,1,3,21,22,8,15,0,6,20,0
night,planner,skip,10361,3,1,4,21,22,7,26,0,8,20,0
night,planner,skip,10361,4,1,5,22,22,9,45,6,10,20,0
night,planner,skip,10362,0,1,2,22,22,3,3,0,4,20,0
night,planner,skip,10362,1,1,2,12,22,7,4,0,4,20,0
night,planner,skip,10362,2,1,3,4,22,14,4,0,6,20,0
night,planner,skip,10362,3,1,4,21,22,7,26,0,8,20,0
night,planner,skip,10362,4,1,4,11,22,14,28,6,8,20,0
night,planner,skip,10363,0,1,2,22,22,0,0,0,4,20,0
night,planner,skip,10363,1,1,2,15,22,6,6,0,4,20,0
night,planner,skip,10363,2,1,3,7,22,13,6,0,6,20,0
night,planner,skip,10363,3,1,4,14,22,10,22,0,8,20,0
night,planner,skip,10363,4,1,5,16,22,8,35,6,9,20,0
night,planner,skip,10364,0,1,2,18,22,3,3,0,3,20,0
night,planner,skip,10364,1,1,2,19,22,4,8,0,4,20,0
night,planner,skip,10364,2,1,4,14,22,8,16,0,7,20,0
night,planner,skip,10364,3,1,4,7,22,13,18,0,8,20,0
night,planner,skip,10364,4,1,5,19,22,7,40,4,10,20,0
night,planner,skip,10365,0,1,2,22,22,3,3,0,3,20,0
night,planner,skip,10365,1,1,2,19,22,4,8,0,4,20,0
night,planner,skip,10365,2,1,3,9,22,14,9,0,6,20,0
night,planner,skip,10365,3,1,4,14,22,10,22,0,8,20,0
night,planner,skip,10365,4,1,5,11,22,8,35,6,9,20,0
night,planner,skip,10366,0,1,2,22,22,3,3,0,4,20,0
night,planner,skip,10366,1,1,2,9,22,10,4,4,4,20,0
night,planner,skip,10366,2,1,4,11,22,7,12,0,7,20,0
night,planner,skip,10366,3,1,4,20,22,8,24,0,8,20,0
night,planner,skip,10366,4,1,5,11,22,9,36,6,10,20,0
night,planner,skip,10367,0,1,2,20,22,3,5,0,3,20,0
night,planner,skip,10367,1,1,2,14,22,7,6,0,4,20,0
night,planner,skip,10367,2,1,3,9,22,14,9,0,6,20,0
night,planner,skip,10367,3,1,4,4,22,13,15,0,8,20,0
night,planner,skip,10367,4,1,5,20,22,6,37,0,9,20,0
night,planner,skip,10368,0,1,2,19,22,3,4,0,3,20,0
night,planner,skip,10368,1,1,2,19,22,4,8,0,4,20,0
night,planner,skip,10368,2,1,3,15,22,11,12,0,6,20,0
night,planner,skip,10368,3,1,4,17,22,7,22,0,8,20,0
night,planner,skip,10368,4,1,5,22,22,10,46,12,10,20,0
night,planner,skip,10369,0,1,2,22,22,0,0,0,4,20,0
night,planner,skip,10369,1,1,2,15,22,6,6,0,4,20,0
night,planner,skip,10369,2,1,3,15,22,11,12,0,6,20,0
night,planner,skip,10369,3,1,4,13,22,10,23,0,8,20,0
night,planner,skip,10369,4,1,5,12,22,9,35,4,10,20,0
night,planner,skip,10370,0,1,2,13,22,6,1,0,3,20,0
night,planner,skip,10370,1,1,2,14,22,7,6,0,4,20,0
night,planner,skip,10370,2,1,3,18,22,10,14,0,6,20,0
night,planner,skip,10370,3,1,4,13,22,10,23,0,8,20,0
night,planner,skip,10370,4,1,4,10,22,15,28,10,8,20,0
night,planner,skip,10371,0,1,2,22,22,0,0,0,3,20,0
night,planner,skip,10371,1,1,2,19,22,4,8,0,4,20,0
night,planner,skip,10371,2,1,4,10,22,10,14,0,7,20,0
night,planner,skip,10371,3,1,4,17,22,10,23,0,8,20,0
night,planner,skip,10371,4,1,4,4,22,11,19,0,7,20,0
night,planner,skip,10372,0,1,2,22,22,3,3,0,4,20,0
night,planner,skip,10372,1,1,2,19,22,4,8,0,4,20,0
night,planner,skip,10372,2,1,3,12,22,11,9,0,6,20,0
night,planner,skip,10372,3,1,4,17,22,9,24,0,8,20,0
night,planner,skip,10372,4,1,4,7,22,15,18,0,7,20,0
night,planner,skip,10373,0,1,2,22,22,0,0,0,4,20,0
night,planner,skip,10373,1,1,2,19,22,4,8,0,4,20,0
night,planner,skip,10373,2,1,3,17,22,9,12,0,6,20,0
night,planner,skip,10373,3,1,4,18,22,7,23,0,8,20,0
night,planner,skip,10373,4,0,3,0,22,9,21,6,6,20,0
night,planner,skip,10374,0,1,2,19,22,3,4,0,3,20,0
night,planner,skip,10374,1,1,2,19,22,4,8,0,4,20,0
night,planner,skip,10374,2,1,3,12,22,11,9,0,6,20,0
night,planner,skip,10374,3,1,4,22,22,7,23,0,8,20,0
night,planner,skip,10374,4,1,5,22,22,8,41,10,10,20,0
night,planner,skip,10375,0,1,2,22,22,3,3,0,4,20,0
night,planner,skip,10375,1,1,2,12,22,7,4,0,4,20,0
night,planner,skip,10375,2,0,2,0,22,10,2,0,4,20,0
night,planner,skip,10375,3,1,4,13,22,10,23,0,8,20,0
night,planner,skip,10375,4,1,5,16,22,9,39,4,10,20,0
night,planner,skip,10376,0,1,2,19,22,3,4,0,3,20,0
night,planner,skip,10376,1,1,2,15,22,6,6,0,4,20,0
night,planner,skip,10376,2,1,4,17,22,7,18,0,7,20,0
night,planner,skip,10376,3,1,4,7,22,13,18,0,8,20,0
night,planner,skip,10376,4,1,4,5,22,15,18,0,7,20,0
night,planner,skip,10377,0,1,2,20,22,3,5,0,3,20,0
night,planner,skip,10377,1,1,2,19,22,4,8,0,4,20,0
night,planner,skip,10377,2,1,3,7,22,13,6,0,6,20,0
night,planner,skip,10377,3,1,4,13,22,10,23,0,8,20,0
night,planner,skip,10377,4,1,5,5,22,8,27,4,9,20,0
night,planner,skip,10378,0,1,2,22,22,0,0,0,3,20,0
night,planner,skip,10378,1,1,2,12,22,7,4,0,4,20,0
night,planner,skip,10378,2,1,3,18,22,10,14,0,6,20,0
night,planner,skip,10378,3,1,4,11,22,10,19,0,8,20,0
night,planner,skip,10378,4,1,6,12,22,6,40,0,11,20,0
night,planner,skip,10379,0,1,2,22,22,3,3,0,3,20,0
night,planner,skip,10379,1,1,2,15,22,6,6,0,4,20,0
night,planner,skip,10379,2,1,4,11,22,6,11,0,7,20,0
night,planner,skip,10379,3,1,4,16,22,10,22,0,8,20,0
night,planner,skip,10379,4,1,5,12,22,11,31,10,9,20,0
night,planner,skip,10380,0,1,2,18,22,6,2,0,3,20,0
night,planner,skip,10380,1,1,2,14,22,7,6,0,4,20,0
night,planner,skip,10380,2,1,3,15,22,11,12,0,6,20,0
night,planner,skip,10380,3,1,4,15,22,10,23,0,8,20,0
night,planner,skip,10380,4,1,4,21,22,11,34,10,8,20,0
night,planner,skip,10381,0,1,2,22,22,3,3,0,4,20,0
night,planner,skip,10381,1,1,2,15,22,6,6,0,4,20,0
night,planner,skip,10381,2,1,3,7,22,13,6,0,6,20,0
night,planner,skip,10381,3,1,4,14,22,10,22,0,8,20,0
night,planner,skip,10381,4,1,5,18,22,6,34,0,9,20,0
night,planner,skip,10382,0,1,2,22,22,3,3,4,4,20,0
night,planner,skip,10382,1,1,2,19,22,4,8,0,4,20,0
night,planner,skip,10382,2,1,3,18,22,10,14,0,6,20,0
night,planner,skip,10382,3,1,4,10,22,10,18,0,8,20,0
night,planner,skip,10382,4,1,4,4,22,15,18,0,7,20,0
night,planner,skip,10383,0,1,2,22,22,3,3,0,3,20,0
night,planner,skip,10383,1,1,2,15,22,6,6,0,4,20,0
night,planner,skip,10383,2,1,3,15,22,11,12,0,6,20,0
night,planner,skip,10383,3,1,4,15,22,10,23,0,8,20,0
night,planner,skip,10383,4,1,4,9,22,14,28,10,8,20,0
night,planner,skip,10384,0,1,2,22,22,3,3,0,3,20,0
night,planner,skip,10384,1,1,2,12,22,7,4,0,4,20,0
night,planner,skip,10384,2,1,3,21,22,8,15,0,6,20,0
night,planner,skip,10384,3,1,4,3,22,13,18,0,8,20,0
night,planner,skip,10384,4,1,4,1,22,18,19,6,8,20,0
night,planner,skip,10385,0,1,2,22,22,0,0,0,4,20,0
night,planner,skip,10385,1,1,2,14,22,7,6,0,4,20,0
night,planner,skip,10385,2,1,3,15,22,11,12,0,6,20,0
night,planner,skip,10385,3,1,4,13,22,10,23,0,8,20,0
night,planner,skip,10385,4,0,3,0,22,12,11,4,6,20,0
night,planner,skip,10386,0,1,2,22,22,0,0,0,4,20,0
night,planner,skip,10386,1,1,2,12,22,7,4,0,4,20,0
night,planner,skip,10386,2,1,3,15,22,11,12,0,6,20,0
night,planner,skip,10386,3,1,4,17,22,10,23,0,8,20,0
night,planner,skip,10386,4,1,4,12,22,13,27,14,8,20,0
night,planner,skip,10387,0,1,2,22,22,3,5,0,3,20,0
night,planner,skip,10387,1,1,2,19,22,4,8,0,4,20,0
night,planner,skip,10387,2,1,3,18,22,10,14,0,6,20,0
night,planner,skip,10387,3,1,4,18,22,10,22,0,8,20,0
night,planner,skip,10387,4,1,5,13,22,6,35,0,8,20,0
night,planner,skip,10388,0,1,2,22,22,3,3,0,3,20,0
night,planner,skip,10388,1,1,2,8,22,10,3,0,4,20,0
night,planner,skip,10388,2,0,2,0,22,10,2,0,4,20,0
night,planner,skip,10388,3,1,4,19,22,7,22,0,8,20,0
night,planner,skip,10388,4,1,5,11,22,8,35,6,9,20,0
night,planner,skip,10389,0,1,2,22,22,3,3,0,4,20,0
night,planner,skip,10389,1,1,2,15,22,6,6,0,4,20,0
night,planner,skip,10389,2,1,3,15,22,11,12,0,6,20,0
night,planner,skip,10389,3,1,4,21,22,7,26,0,8,20,0
night,planner,skip,10389,4,1,4,5,22,15,18,0,7,20,0
night,planner,skip,10390,0,1,2,21,22,0,3,0,3,20,0
night,planner,skip,10390,1,1,2,12,22,7,4,0,4,20,0
night,planner,skip,10390,2,1,3,15,22,11,12,0,6,20,0
night,planner,skip,10390,3,1,4,15,22,10,23,0,8,20,0
night,planner,skip,10390,4,1,5,22,22,7,45,10,10,20,0
night,planner,skip,10391,0,1,2,19,22,3,4,0,3,20,0
night,planner,skip,10391,1,1,2,12,22,7,4,0,4,20,0
night,planner,skip,10391,2,1,4,17,22,7,17,0,7,20,0
night,planner,skip,10391,3,1,4,16,22,10,22,0,8,20,0
night,planner,skip,10391,4,1,4,5,22,17,25,6,8,20,0
night,planner,skip,10392,0,1,2,22,22,3,3,0,3,20,0
night,planner,skip,10392,1,1,2,8,22,10,3,0,4,20,0
night,planner,skip,10392,2,1,3,15,22,11,12,0,6,20,0
night,planner,skip,10392,3,1,4,15,22,10,23,0,8,20,0
night,planner,skip,10392,4,1,4,10,22,14,27,10,8,20,0
night,planner,skip,10393,0,1,2,22,22,3,3,0,3,20,0
night,planner,skip,10393,1,1,2,19,22,4,8,0,4,20,0
night,planner,skip,10393,2,1,3,10,22,10,14,0,5,20,0
night,planner,skip,10393,3,1,4,17,22,10,23,0,8,20,0
night,planner,skip,10393,4,1,4,21,22,11,31,10,8,20,0
night,planner,skip,10394,0,1,2,22,22,0,0,0,3,20,0
night,planner,skip,10394,1,1,2,15,22,6,6,0,4,20,0
night,planner,skip,10394,2,1,4,12,22,10,16,0,7,20,0
night,planner,skip,10394,3,1,4,17,22,7,20,0,8,20,0
night,planner,skip,10394,4,1,4,15,22,8,36,6,8,20,0
night,planner,skip,10395,0,1,2,22,22,3,3,0,3,20,0
night,planner,skip,10395,1,1,2,12,22,7,4,0,4,20,0
night,planner,skip,10395,2,1,3,15,22,11,12,0,6,20,0
night,planner,skip,10395,3,1,4,19,22,7,22,0,8,20,0
night,planner,skip,10395,4,1,4,22,22,8,36,10,8,20,0
night,planner,skip,10396,0,1,2,21,22,3,4,0,3,20,0
night,planner,skip,10396,1,1,2,12,22,7,4,0,4,20,0
night,planner,skip,10396,2,1,3,5,22,14,5,0,6,20,0
night,planner,skip,10396,3,1,4,17,22,7,22,0,8,20,0
night,planner,skip,10396,4,1,5,6,22,9,32,0,8,20,0
night,planner,skip,10397,0,1,2,22,22,0,0,0,4,20,0
night,planner,skip,10397,1,1,2,9,22,6,0,0,4,20,0
night,planner,skip,10397,2,1,3,15,22,11,12,0,6,20,0
night,planner,skip,10397,3,1,4,10,22,10,16,0,8,20,0
night,planner,skip,10397,4,1,5,17,22,8,36,6,9,20,0
night,planner,skip,10398,0,1,2,22,22,3,3,0,3,20,0
night,planner,skip,10398,1,1,2,14,22,9,3,0,4,20,0
night,planner,skip,10398,2,1,3,15,22,11,12,0,6,20,0
night,planner,skip,10398,3,1,4,15,22,10,23,0,8,20,0
night,planner,skip,10398,4,0,3,0,22,11,14,6,6,20,0
night,planner,skip,10399,0,1,2,22,22,3,3,0,3,20,0
night,planner,skip,10399,1,1,2,19,22,4,8,0,4,20,0
night,planner,skip,10399,2,1,4,12,22,7,13,0,7,20,0
night,planner,skip,10399,3,1,4,18,22,10,22,0,8,20,0
night,planner,skip,10399,4,1,5,22,22,5,41,4,9,20,0
night,planner,skip,10400,0,1,2,22,22,3,3,0,3,20,0
night,planner,skip,10400,1,1,2,19,22,4,8,0,4,20,0
night,planner,skip,10400,2,1,3,18,22,10,14,0,6,20,0
night,planner,skip,10400,3,1,4,13,22,10,23,0,8,20,0
night,planner,skip,10400,4,1,4,8,22,16,27,6,8,20,0
night,planner,skip,10401,0,1,2,22,22,3,3,0,3,20,0
night,planner,skip,10401,1,1,2,19,22,4,8,0,4,20,0
night,planner,skip,10401,2,0,2,0,22,10,2,0,4,20,0
night,planner,skip,10401,3,1,4,17,22,9,24,0,8,20,0
night,planner,skip,10401,4,1,5,12,22,7,33,0,10,20,0
night,planner,skip,10402,0,1,2,22,22,3,3,0,3,20,0
night,planner,skip,10402,1,1,2,9,22,6,0,0,4,20,0
night,planner,skip,10402,2,1,3,12,22,11,9,0,6,20,0
night,planner,skip,10402,3,1,4,9,22,13,18,0,8,20,0
night,planner,skip,10402,4,1,5,15,22,3,35,0,8,20,0
night,planner,skip,10403,0,1,2,22,22,3,3,0,3,20,0
night,planner,skip,10403,1,1,2,19,22,4,8,0,4,20,0
night,planner,skip,10403,2,1,3,18,22,10,14,0,6,20,0
night,planner,skip,10403,3,1,4,21,22,7,26,0,8,20,0
night,planner,skip,10403,4,1,5,11,22,8,33,6,9,20,0
night,planner,skip,10404,0,1,2,22,22,3,3,0,3,20,0
night,planner,skip,10404,1,1,2,19,22,4,8,0,4,20,0
night,planner,skip,10404,2,1,3,21,22,10,17,0,6,20,0
night,planner,skip,10404,3,1,4,22,22,7,25,0,8,20,0
night,planner,skip,10404,4,1,5,12,22,10,33,0,9,20,0
night,planner,skip,10405,0,1,2,18,22,3,3,0,3,20,0
night,planner,skip,10405,1,1,2,12,22,7,4,0,4,20,0
night,planner,skip,10405,2,1,3,15,22,11,12,0,6,20,0
night,planner,skip,10405,3,1,4,10,22,10,18,0,8,20,0
night,planner,skip,10405,4,1,5,17,22,7,40,0,9,20,0
night,planner,skip,10406,0,1,2,18,22,6,2,0,3,20,0
night,planner,skip,10406,1,1,2,19,22,4,8,0,4,20,0
night,planner,skip,10406,2,0,2,0,22,10,2,0,4,20,0
night,planner,skip,10406,3,1,4,19,22,7,24,0,8,20,0
night,planner,skip,10406,4,1,4,1,22,9,22,0,7,20,0
night,planner,skip,10407,0,1,2,22,22,3,3,0,3,20,0
night,planner,skip,10407,1,1,2,14,22,7,6,0,4,20,0
night,planner,skip,10407,2,1,3,15,22,11,12,0,6,20,0
night,planner,skip,10407,3,1,4,17,22,7,20,0,8,20,0
night,planner,skip,10407,4,1,4,9,22,14,28,10,8,20,0
night,planner,skip,10408,0,1,2,22,22,3,3,0,4,20,0
night,planner,skip,10408,1,1,2,19,22,4,8,0,4,20,0
night,planner,skip,10408,2,1,3,15,22,11,12,0,6,20,0
night,planner,skip,10408,3,1,4,22,22,7,25,0,8,20,0
night,planner,skip,10408,4,1,5,20,22,9,40,4,10,20,0
night,planner,skip,10409,0,1,2,21,22,0,3,0,4,20,0
night,planner,skip,10409,1,1,2,12,22,7,4,0,4,20,0
night,planner,skip,10409,2,1,3,11,22,8,13,0,6,20,0
night,planner,skip,10409,3,1,4,10,22,10,18,0,8,20,0
night,planner,skip,10409,4,1,4,22,22,11,33,10,8,20,0
night,planner,skip,10410,0,1,2,21,22,3,4,0,3,20,0
night,planner,skip,10410,1,1,2,13,22,7,5,0,4,20,0
night,planner,skip,10410,2,1,4,12,22,8,14,0,7,20,0
night,planner,skip,10410,3,1,4,10,22,10,18,0,8,20,0
night,planner,skip,10410,4,1,5,22,22,8,40,10,10,20,0
night,planner,skip,10411,0,1,2,22,22,3,3,0,3,20,0
night,planner,skip,10411,1,1,2,19,22,4,8,0,4,20,0
night,planner,skip,10411,2,1,4,11,22,10,15,0,7,20,0
night,planner,skip,10411,3,1,4,19,22,7,26,0,8,20,0
night,planner,skip,10411,4,1,5,12,22,8,37,6,9,20,0
night,planner,skip,10412,0,1,2,22,22,3,3,0,3,20,0
night,planner,skip,10412,1,1,2,12,22,7,4,0,4,20,0
night,planner,skip,10412,2,0,2,0,22,10,2,0,4,20,0
night,planner,skip,10412,3,1,4,2,22,13,15,0,8,20,0
night,planner,skip,10412,4,1,5,12,22,8,34,6,9,20,0
night,planner,skip,10413,0,1,2,22,22,3,3,0,4,20,0
night,planner,skip,10413,1,1,2,10,22,9,4,4,4,20,0
night,planner,skip,10413,2,1,3,18,22,10,14,0,6,20,0
night,planner,skip,10413,3,1,4,5,22,13,18,0,8,20,0
night,planner,skip,10413,4,0,3,0,22,9,11,0,5,20,0
night,planner,skip,10414,0,1,2,22,22,3,3,0,3,20,0
night,planner,skip,10414,1,1,2,22,22,4,6,0,4,20,0
night,planner,skip,10414,2,1,3,21,22,10,17,0,6,20,0
night,planner,skip,10414,3,0,4,0,22,10,21,0,8,20,0
night,planner,skip,10414,4,1,5,15,22,10,39,0,9,20,0
night,planner,skip,10415,0,1,2,22,22,0,0,0,4,20,0
night,planner,skip,10415,1,1,2,12,22,7,4,0,4,20,0
night,planner,skip,10415,2,1,3,15,22,11,12,0,6,20,0
night,planner,skip,10415,3,1,4,15,22,10,23,0,8,20,0
night,planner,skip,10415,4,1,5,12,22,11,39,10,10,20,0
night,planner,skip,10416,0,1,2,22,22,3,3,0,3,20,0
night,planner,skip,10416,1,1,2,19,22,4,8,0,4,20,0
night,planner,skip,10416,2,1,3,13,22,10,17,0,6,20,0
night,planner,skip,10416,3,1,4,14,22,10,22,0,8,20,0
night,planner,skip,10416,4,1,4,21,22,11,34,10,8,20,0
night,planner,skip,10417,0,1,2,20,22,3,5,0,3,20,0
night,planner,skip,10417,1,1,2,15,22,6,6,0,4,20,0
night,planner,skip,10417,2,1,3,15,22,11,12,0,6,20,0
night,planner,skip,10417,3,1,4,13,22,10,23,0,8,20,0
night,planner,skip,10417,4,1,5,20,22,8,36,6,9,20,0
night,planner,skip,10418,0,1,2,22,22,0,0,0,4,20,0
night,planner,skip,10418,1,1,2,19,22,4,8,0,4,20,0
night,planner,skip,10418,2,1,3,17,22,7,18,0,6,20,0
night,planner,skip,10418,3,1,4,22,22,6,26,0,8,20,0
night,planner,skip,10418,4,1,4,17,22,12,32,6,8,20,0
night,planner,skip,10419,0,1,2,22,22,0,0,0,3,20,0
night,planner,skip,10419,1,1,2,19,22,4,8,0,4,20,0
night,planner,skip,10419,2,0,2,0,22,10,2,0,4,20,0
night,planner,skip,10419,3,1,4,13,22,10,23,0,8,20,0
night,planner,skip,10419,4,1,4,20,22,11,28,6,8,20,0
night,planner,skip,10420,0,1,2,22,22,3,3,0,3,20,0
night,planner,skip,10420,1,1,2,9,22,6,0,0,4,20,0
night,planner,skip,10420,2,1,3,5,22,14,5,0,6,20,0
night,planner,skip,10420,3,1,4,9,22,11,18,0,7,20,0
night,planner,skip,10420,4,1,5,22,22,9,41,6,10,20,0
night,planner,skip,10421,0,1,2,22,22,0,0,0,4,20,0
night,planner,skip,10421,1,1,2,13,22,7,5,0,4,20,0
night,planner,skip,10421,2,1,3,16,22,11,12,0,6,20,0
night,planner,skip,10421,3,1,4,20,22,7,25,0,8,20,0
night,planner,skip,10421,4,1,4,15,22,12,30,6,8,20,0
night,planner,skip,10422,0,1,2,22,22,0,0,0,4,20,0
night,planner,skip,10422,1,1,2,15,22,6,6,0,4,20,0
night,planner,skip,10422,2,1,3,9,22,14,9,0,6,20,0
night,planner,skip,10422,3,1,4,10,22,10,18,0,8,20,0
night,planner,skip,10422,4,1,5,22,22,10,40,10,10,20,0
night,planner,skip,10423,0,1,2,22,22,3,3,0,3,20,0
night,planner,skip,10423,1,1,2,22,22,4,6,0,4,20,0
night,planner,skip,10423,2,1,3,10,22,10,14,0,5,20,0
night,planner,skip,10423,3,1,4,22,22,7,23,0,8,20,0
night,planner,skip,10423,4,1,4,10,22,10,32,10,8,20,0
night,planner,skip,10424,0,1,2,20,22,3,5,0,3,20,0
night,planner,skip,10424,1,1,2,12,22,7,4,0,4,20,0
night,planner,skip,10424,2,1,3,19,22,10,14,0,6,20,0
night,planner,skip,10424,3,1,4,22,22,7,25,0,8,20,0
night,planner,skip,10424,4,1,5,19,22,6,41,4,10,20,0
night,planner,skip,10425,0,1,2,15,22,6,1,0,3,20,0
night,planner,skip,10425,1,1,2,8,22,10,3,0,4,20,0
night,planner,skip,10425,2,1,4,14,22,8,16,0,7,20,0
night,planner,skip,10425,3,1,4,17,22,10,23,0,8,20,0
night,planner,skip,10425,4,1,4,13,22,12,28,6,8,20,0
night,planner,skip,10426,0,1,2,20,22,3,5,0,3,20,0
night,planner,skip,10426,1,1,2,19,22,4,8,0,4,20,0
night,planner,skip,10426,2,1,3,15,22,11,12,0,6,20,0
night,planner,skip,10426,3,1,4,14,22,10,22,0,8,20,0
night,planner,skip,10426,4,1,5,10,22,6,26,0,9,20,0
night,planner,skip,10427,0,1,2,22,22,0,0,0,4,20,0
night,planner,skip,10427,1,1,2,12,22,7,4,0,4,20,0
night,planner,skip,10427,2,1,3,15,22,11,12,0,6,20,0
night,planner,skip,10427,3,1,4,15,22,7,26,0,8,20,0
night,planner,skip,10427,4,1,5,7,22,11,29,8,10,20,0
night,planner,skip,10428,0,1,2,22,22,0,0,0,4,20,0
night,planner,skip,10428,1,1,2,12,22,7,4,0,4,20,0
night,planner,skip,10428,2,1,3,12,22,11,9,0,6,20,0
night,planner,skip,10428,3,1,4,15,22,10,23,0,8,20,0
night,planner,skip,10428,4,1,4,12,22,11,32,6,8,20,0
night,planner,skip,10429,0,1,2,22,22,0,0,0,4,20,0
night,planner,skip,10429,1,1,2,13,22,7,5,0,4,20,0
night,planner,skip,10429,2,1,3,15,22,13,14,0,6,20,0
night,planner,skip,10429,3,1,4,16,22,10,22,0,8,20,0
night,planner,skip,10429,4,1,5,15,22,6,35,0,9,20,0
night,planner,skip,10430,0,1,2,22,22,3,3,0,3,20,0
night,planner,skip,10430,1,1,2,12,22,7,4,0,4,20,0
night,planner,skip,10430,2,1,3,15,22,11,12,0,6,20,0
night,planner,skip,10430,3,1,4,17,22,7,22,0,8,20,0
night,planner,skip,10430,4,1,5,19,22,8,35,4,9,20,0
night,planner,skip,10431,0,1,2,22,22,3,3,0,3,20,0
night,planner,skip,10431,1,1,2,7,22,10,2,0,4,20,0
night,planner,skip,10431,2,1,3,12,22,11,9,0,6,20,0
night,planner,skip,10431,3,1,4,3,22,10,11,0,8,20,0
night,planner,skip,10431,4,1,4,19,22,10,34,12,8,20,0
night,planner,skip,10432,0,1,2,22,22,0,0,0,3,20,0
night,planner,skip,10432,1,1,2,12,22,7,4,0,4,20,0
night,planner,skip,10432,2,1,3,15,22,11,12,0,6,20,0
night,planner,skip,10432,3,1,4,11,22,10,23,0,8,20,0
night,planner,skip,10432,4,1,5,22,22,8,42,4,10,20,0
night,planner,skip,10433,0,1,2,19,22,3,4,0,3,20,0
night,planner,skip,10433,1,1,2,10,22,9,4,4,4,20,0
night,planner,skip,10433,2,1,3,17,22,9,12,0,6,20,0
night,planner,skip,10433,3,1,4,20,22,7,19,0,8,20,0
night,planner,skip,10433,4,1,4,18,22,12,32,10,8,20,0
night,planner,skip,10434,0,1,2,22,22,0,0,0,3,20,0
night,planner,skip,10434,1,1,2,19,22,4,8,0,4,20,0
night,planner,skip,10434,2,1,4,10,22,7,11,0,7,20,0
night,planner,skip,10434,3,1,4,17,22,10,23,0,8,20,0
night,planner,skip,10434,4,1,4,5,22,9,26,4,7,20,0
night,planner,skip,10435,0,1,2,20,22,0,2,0,3,20,0
night,planner,skip,10435,1,1,2,19,22,4,8,0,4,20,0
night,planner,skip,10435,2,1,4,10,22,10,14,0,7,20,0
night,planner,skip,10435,3,1,4,10,22,10,22,0,8,20,0
night,planner,skip,10435,4,1,5,11,22,11,36,8,10,20,0
night,planner,skip,10436,0,1,2,22,22,0,0,0,3,20,0
night,planner,skip,10436,1,1,2,12,22,7,4,0,4,20,0
night,planner,skip,10436,2,0,2,0,22,10,2,0,4,20,0
night,planner,skip,10436,3,1,4,19,22,7,20,0,8,20,0
night,planner,skip,10436,4,1,4,17,22,10,37,12,8,20,0
night,planner,skip,10437,0,1,2,22,22,0,0,0,3,20,0
night,planner,skip,10437,1,1,2,9,22,9,3,0,4,20,0
night,planner,skip,10437,2,1,3,9,22,14,9,0,6,20,0
night,planner,skip,10437,3,1,4,17,22,10,23,0,8,20,0
night,planner,skip,10437,4,1,5,21,22,6,38,0,9,20,0
night,planner,skip,10438,0,1,2,20,22,3,5,0,3,20,0
night,planner,skip,10438,1,1,2,19,22,4,8,0,4,20,0
night,planner,skip,10438,2,1,3,14,22,6,14,0,6,20,0
night,planner,skip,10438,3,1,4,15,22,10,23,0,8,20,0
night,planner,skip,10438,4,1,5,12,22,8,35,6,9,20,0
night,planner,skip,10439,0,1,2,22,22,3,3,0,4,20,0
night,planner,skip,10439,1,1,2,19,22,4,8,0,4,20,0
night,planner,skip,10439,2,1,3,21,22,8,15,0,6,20,0
night,planner,skip,10439,3,1,4,5,22,13,18,0,8,20,0
night,planner,skip,10439,4,1,4,19,22,10,31,4,8,20,0
night,planner,skip,10440,0,1,2,20,22,0,2,0,3,20,0
night,planner,skip,10440,1,1,2,19,22,4,8,0,4,20,0
night,planner,skip,10440,2,1,4,17,22,7,18,0,7,20,0
night,planner,skip,10440,3,1,4,18,22,7,27,0,8,20,0
night,planner,skip,10440,4,1,4,22,22,7,28,10,8,20,0
night,planner,skip,10441,0,1,2,20,22,3,5,0,3,20,0
night,planner,skip,10441,1,1,2,13,22,7,4,0,4,20,0
night,planner,skip,10441,2,1,4,14,22,8,16,0,7,20,0
night,planner,skip,10441,3,1,4,17,22,9,24,0,8,20,0
night,planner,skip,10441,4,1,4,13,22,10,25,4,8,20,0
night,planner,skip,10442,0,1,2,22,22,0,0,0,3,20,0
night,planner,skip,10442,1,1,2,19,22,4,8,0,4,20,0
night,planner,skip,10442,2,1,3,15,22,11,12,0,6,20,0
night,planner,skip,10442,3,1,4,10,22,10,16,0,8,20,0
night,planner,skip,10442,4,1,4,4,22,11,21,0,7,20,0
night,planner,skip,10443,0,1,2,22,22,3,3,0,3,20,0
night,planner,skip,10443,1,1,2,10,22,9,4,4,4,20,0
night,planner,skip,10443,2,1,3,15,22,11,12,0,6,20,0
night,planner,skip,10443,3,1,4,10,22,10,14,0,8,20,0
night,planner,skip,10443,4,1,4,17,22,11,29,10,7,20,0
night,planner,skip,10444,0,1,2,22,22,0,0,0,4,20,0
night,planner,skip,10444,1,1,2,19,22,4,8,0,4,20,0
night,planner,skip,10444,2,1,3,15,22,11,12,0,6,20,0
night,planner,skip,10444,3,1,4,22,22,7,25,0,8,20,0
night,planner,skip,10444,4,1,4,11,22,11,27,6,8,20,0
night,planner,skip,10445,0,1,2,19,22,3,4,0,3,20,0
night,planner,skip,10445,1,1,2,19,22,4,8,0,4,20,0
night,planner,skip,10445,2,1,4,17,22,7,18,0,7,20,0
night,planner,skip,10445,3,1,4,15,22,10,23,0,8,20,0
night,planner,skip,10445,4,1,4,12,22,10,34,10,8,20,0
night,planner,skip,10446,0,1,2,21,22,3,4,0,3,20,0
night,planner,skip,10446,1,1,2,13,22,7,5,0,4,20,0
night,planner,skip,10446,2,1,4,13,22,8,15,0,7,20,0
night,planner,skip,10446,3,1,4,9,22,13,18,0,8,20,0
night,planner,skip,10446,4,1,5,19,22,6,39,0,10,20,0
night,planner,skip,10447,0,1,2,22,22,0,0,0,3,20,0
night,planner,skip,10447,1,1,2,22,22,4,6,0,4,20,0
night,planner,skip,10447,2,1,3,15,22,11,12,0,6,20,0
night,planner,skip,10447,3,1,4,12,22,10,22,0,8,20,0
night,planner,skip,10447,4,1,5,15,22,10,39,0,9,20,0
night,planner,skip,10448,0,1,2,22,22,3,3,0,3,20,0
night,planner,skip,10448,1,1,2,19,22,4,8,0,4,20,0
night,planner,skip,10448,2,1,3,15,22,11,12,0,6,20,0
night,planner,skip,10448,3,1,4,17,22,7,22,0,8,20,0
night,planner,skip,10448,4,1,5,22,22,6,52,8,10,20,0
night,planner,skip,10449,0,1,2,22,22,3,3,0,3,20,0
night,planner,skip,10449,1,1,2,12,22,7,4,0,4,20,0
night,planner,skip,10449,2,1,3,15,22,11,12,0,6,20,0
night,planner,skip,10449,3,1,4,20,22,10,22,0,8,20,0
night,planner,skip,10449,4,1,4,9,22,15,27,6,8,20,0
night,planner,skip,10450,0,1,2,22,22,3,3,0,3,20,0
night,planner,skip,10450,1,1,2,13,22,7,4,0,4,20,0
night,planner,skip,10450,2,1,4,14,22,8,16,0,7,20,0
night,planner,skip,10450,3,1,4,19,22,7,26,0,8,20,0
night,planner,skip,10450,4,1,4,18,22,12,30,6,8,20,0
night,planner,skip,10451,0,1,2,22,22,3,5,0,3,20,0
night,planner,skip,10451,1,1,2,12,22,7,4,0,4,20,0
night,planner,skip,10451,2,1,4,15,22,6,15,0,7,20,0
night,planner,skip,10451,3,1,4,5,22,10,15,0,8,20,0
night,planner,skip,10451,4,1,5,9,22,9,32,0,8,20,0
night,planner,skip,10452,0,1,2,22,22,3,3,0,4,20,0
night,planner,skip,10452,1,1,2,19,22,4,8,0,4,20,0
night,planner,skip,10452,2,1,3,21,22,8,15,0,6,20,0
night,planner,skip,10452,3,1,4,19,22,7,22,0,8,20,0
night,planner,skip,10452,4,1,5,15,22,6,35,0,9,20,0
night,planner,skip,10453,0,1,2,22,22,3,3,0,4,20,0
night,planner,skip,10453,1,1,2,19,22,4,8,0,4,20,0
night,planner,skip,10453,2,0,2,0,22,6,0,0,4,20,0
night,planner,skip,10453,3,1,4,15,22,10,23,0,8,20,0
night,planner,skip,10453,4,1,5,22,22,8,44,6,9,20,0
night,planner,skip,10454,0,1,2,22,22,3,3,0,3,20,0
night,planner,skip,10454,1,1,2,12,22,7,4,0,4,20,0
night,planner,skip,10454,2,1,3,18,22,10,14,0,6,20,0
night,planner,skip,10454,3,1,4,17,22,10,23,0,8,20,0
night,planner,skip,10454,4,1,5,19,22,12,39,4,10,20,0
night,planner,skip,10455,0,1,2,22,22,3,3,0,3,20,0
night,planner,skip,10455,1,1,2,9,22,6,0,0,4,20,0
night,planner,skip,10455,2,1,3,11,22,11,8,0,6,20,0
night,planner,skip,10455,3,1,4,19,22,7,22,0,8,20,0
night,planner,skip,10455,4,1,4,22,22,9,33,6,8,20,0
night,planner,skip,10456,0,1,2,22,22,3,3,0,3,20,0
night,planner,skip,10456,1,1,2,12,22,7,4,0,4,20,0
night,planner,skip,10456,2,1,3,15,22,11,12,0,6,20,0
night,planner,skip,10456,3,1,4,10,22,10,16,0,8,20,0
night,planner,skip,10456,4,1,4,17,22,11,29,10,7,20,0
night,planner,skip,10457,0,1,2,22,22,3,3,0,3,20,0
night,planner,skip,10457,1,1,2,9,22,10,4,4,4,20,0
night,planner,skip,10457,2,1,4,17,22,7,18,0,7,20,0
night,planner,skip,10457,3,0,3,0,22,6,6,0,6,20,0
night,planner,skip,10457,4,1,4,1,22,12,22,4,8,20,0
night,planner,skip,10458,0,1,2,22,22,0,0,0,3,20,0
night,planner,skip,10458,1,1,2,19,22,4,8,0,4,20,0
night,planner,skip,10458,2,1,3,21,22,8,15,0,6,20,0
night,planner,skip,10458,3,1,4,5,22,13,18,0,8,20,0
night,planner,skip,10458,4,1,5,16,22,9,41,14,10,20,0
night,planner,skip,10459,0,1,2,18,22,6,2,0,3,20,0
night,planner,skip,10459,1,1,2,19,22,4,8,0,4,20,0
night,planner,skip,10459,2,1,3,21,22,8,15,0,6,20,0
night,planner,skip,10459,3,1,4,10,22,10,20,0,8,20,0
night,planner,skip,10459,4,1,4,20,22,8,35,6,8,20,0
night,planner,skip,10460,0,1,2,19,22,3,4,0,3,20,0
night,planner,skip,10460,1,1,2,10,22,9,4,4,4,20,0
night,planner,skip,10460,2,1,3,21,22,8,15,0,6,20,0
night,planner,skip,10460,3,0,2,0,22,10,2,0,4,20,0
night,planner,skip,10460,4,1,5,20,22,11,45,10,10,20,0
night,planner,skip,10461,0,1,2,22,22,0,0,0,3,20,0
night,planner,skip,10461,1,1,2,19,22,4,8,0,4,20,0
night,planner,skip,10461,2,1,4,12,22,8,14,0,7,20,0
night,planner,skip,10461,3,1,4,10,22,10,16,0,8,20,0
night,planner,skip,10461,4,1,5,12,22,9,35,0,9,20,0
night,planner,skip,10462,0,1,2,22,22,3,3,0,3,20,0
night,planner,skip,10462,1,1,2,9,22,6,0,0,4,20,0
night,planner,skip,10462,2,1,3,18,22,10,14,0,6,20,0
night,planner,skip,10462,3,1,4,15,22,10,23,0,8,20,0
night,planner,skip,10462,4,1,4,22,22,5,33,6,8,20,0
night,planner,skip,10463,0,1,2,22,22,3,3,0,3,20,0
night,planner,skip,10463,1,1,2,19,22,4,8,0,4,20,0
night,planner,skip,10463,2,1,3,7,22,13,6,0,6,20,0
night,planner,skip,10463,3,1,4,16,22,7,27,0,8,20,0
night,planner,skip,10463,4,1,5,18,22,6,38,0,9,20,0
night,planner,skip,10464,0,1,2,22,22,3,3,0,3,20,0
night,planner,skip,10464,1,1,2,19,22,4,8,0,4,20,0
night,planner,skip,10464,2,1,4,10,22,7,11,0,7,20,0
night,planner,skip,10464,3,1,4,17,22,10,23,0,8,20,0
night,planner,skip,10464,4,1,4,7,22,13,23,0,7,20,0
night,planner,skip,10465,0,1,2,22,22,3,3,0,3,20,0
night,planner,skip,10465,1,1,2,13,22,7,5,0,4,20,0
night,planner,skip,10465,2,1,4,3,22,9,6,0,7,20,0
night,planner,skip,10465,3,1,4,5,22,13,18,0,8,20,0
night,planner,skip,10465,4,1,4,6,22,10,26,0,7,20,0
night,planner,skip,10466,0,1,2,22,22,0,0,0,4,20,0
night,planner,skip,10466,1,1,2,14,22,7,6,0,4,20,0
night,planner,skip,10466,2,1,3,15,22,11,12,0,6,20,0
night,planner,skip,10466,3,1,4,17,22,10,23,0,8,20,0
night,planner,skip,10466,4,1,4,10,22,13,25,4,8,20,0
night,planner,skip,10467,0,1,2,22,22,0,0,0,4,20,0
night,planner,skip,10467,1,1,2,19,22,4,8,0,4,20,0
night,planner,skip,10467,2,1,3,18,22,10,14,0,6,20,0
night,planner,skip,10467,3,1,4,14,22,10,22,0,8,20,0
night,planner,skip,10467,4,1,4,9,22,9,30,0,7,20,0
night,planner,skip,10468,0,1,2,22,22,3,3,0,3,20,0
night,planner,skip,10468,1,1,2,9,22,6,0,0,4,20,0
night,planner,skip,10468,2,1,3,15,22,11,12,0,6,20,0
night,planner,skip,10468,3,1,4,15,22,10,23,0,8,20,0
night,planner,skip,10468,4,1,4,16,22,14,28,10,8,20,0
night,planner,skip,10469,0,1,2,19,22,3,0,0,3,20,0
night,planner,skip,10469,1,1,2,14,22,7,6,0,4,20,0
night,planner,skip,10469,2,1,3,15,22,11,12,0,6,20,0
night,planner,skip,10469,3,1,4,15,22,10,23,0,8,20,0
night,planner,skip,10469,4,1,4,7,22,15,27,6,8,20,0
night,planner,skip,10470,0,1,2,22,22,0,0,0,4,20,0
night,planner,skip,10470,1,1,2,19,22,4,8,0,4,20,0
night,planner,skip,10470,2,1,3,15,22,11,12,0,6,20,0
night,planner,skip,10470,3,1,4,22,22,7,25,0,8,20,0
night,planner,skip,10470,4,1,5,8,22,10,34,10,9,20,0
night,planner,skip,10471,0,1,2,22,22,0,0,0,4,20,0
night,planner,skip,10471,1,1,2,12,22,7,4,0,4,20,0
night,planner,skip,10471,2,1,3,15,22,11,12,0,6,20,0
night,planner,skip,10471,3,1,4,8,22,10,22,0,8,20,0
night,planner,skip,10471,4,1,4,2,22,13,17,0,7,20,0
night,planner,skip,10472,0,1,2,19,22,3,4,0,3,20,0
night,planner,skip,10472,1,1,2,20,22,4,8,0,4,20,0
night,planner,skip,10472,2,1,3,22,22,7,14,0,6,20,0
night,planner,skip,10472,3,1,4,15,22,7,22,0,8,20,0
night,planner,skip,10472,4,1,4,16,22,8,34,6,8,20,0
night,planner,skip,10473,0,1,2,22,22,3,3,0,4,20,0
night,planner,skip,10473,1,1,2,8,22,10,3,0,4,20,0
night,planner,skip,10473,2,1,3,9,22,14,9,0,6,20,0
night,planner,skip,10473,3,1,4,7,22,13,18,0,8,20,0
night,planner,skip,10473,4,1,4,10,22,15,28,10,8,20,0
night,planner,skip,10474,0,1,2,20,22,3,5,0,3,20,0
night,planner,skip,10474,1,1,2,20,22,4,8,0,4,20,0
night,planner,skip,10474,2,1,3,7,22,13,6,0,6,20,0
night,planner,skip,10474,3,1,4,13,22,10,23,0,8,20,0
night,planner,skip,10474,4,1,4,18,22,12,30,10,8,20,0
night,planner,skip,10475,0,1,2,22,22,3,3,0,3,20,0
night,planner,skip,10475,1,1,2,12,22,7,4,0,4,20,0
night,planner,skip,10475,2,1,3,15,22,11,12,0,6,20,0
night,planner,skip,10475,3,1,4,17,22,7,20,0,8,20,0
night,planner,skip,10475,4,1,5,16,22,9,34,4,9,20,0
night,planner,skip,10476,0,1,2,19,22,3,4,0,3,20,0
night,planner,skip,10476,1,1,2,13,22,7,5,0,4,20,0
night,planner,skip,10476,2,1,3,18,22,10,14,0,6,20,0
night,planner,skip,10476,3,1,4,9,22,10,17,0,8,20,0
night,planner,skip,10476,4,1,5,11,22,9,30,0,8,20,0
night,planner,skip,10477,0,1,2,22,22,3,3,0,3,20,0
night,planner,skip,10477,1,1,2,19,22,4,8,0,4,20,0
night,planner,skip,10477,2,1,4,13,22,6,13,0,7,20,0
night,planner,skip,10477,3,1,4,14,22,10,22,0,8,20,0
night,planner,skip,10477,4,1,4,8,22,15,21,6,8,20,0
night,planner,skip,10478,0,1,2,22,22,3,3,0,3,20,0
night,planner,skip,10478,1,1,2,12,22,7,4,0,4,20,0
night,planner,skip,10478,2,1,3,12,22,11,9,0,6,20,0
night,planner,skip,10478,3,1,4,14,22,10,22,0,8,20,0
night,planner,skip,10478,4,1,5,12,22,6,32,0,9,20,0
night,planner,skip,10479,0,1,2,19,22,3,4,0,3,20,0
night,planner,skip,10479,1,1,2,13,22,7,4,0,4,20,0
night,planner,skip,10479,2,1,3,12,22,11,9,0,6,20,0
night,planner,skip,10479,3,0,2,0,22,10,3,0,4,20,0
night,planner,skip,10479,4,0,3,0,22,12,10,0,6,20,0
night,planner,skip,10480,0,1,2,22,22,0,0,0,4,20,0
night,planner,skip,10480,1,1,2,14,22,7,6,0,4,20,0
night,planner,skip,10480,2,1,3,15,22,11,12,0,6,20,0
night,planner,skip,10480,3,1,4,17,22,10,23,0,8,20,0
night,planner,skip,10480,4,1,4,16,22,12,33,6,8,20,0
night,planner,skip,10481,0,1,2,22,22,3,3,0,4,20,0
night,planner,skip,10481,1,1,2,13,22,7,4,0,4,20,0
night,planner,skip,10481,2,1,3,11,22,6,11,0,6,20,0
night,planner,skip,10481,3,1,4,20,22,7,25,0,8,20,0
night,planner,skip,10481,4,1,4,22,22,8,35,6,8,20,0
night,planner,skip,10482,0,1,2,22,22,3,3,0,3,20,0
night,planner,skip,10482,1,1,2,13,22,7,5,0,4,20,0
night,planner,skip,10482,2,1,3,15,22,11,12,0,6,20,0
night,planner,skip,10482,3,1,4,16,22,10,22,0,8,20,0
night,planner,skip,10482,4,1,4,22,22,9,33,6,8,20,0
night,planner,skip,10483,0,1,2,22,22,3,3,0,3,20,0
night,planner,skip,10483,1,1,2,12,22,7,4,0,4,20,0
night,planner,skip,10483,2,1,3,15,22,11,12,0,6,20,0
night,planner,skip,10483,3,1,4,22,22,6,28,0,8,20,0
night,planner,skip,10483,4,1,5,12,22,12,35,4,10,20,0
night,planner,skip,10484,0,1,2,22,22,3,3,0,3,20,0
night,planner,skip,10484,1,1,2,15,22,6,6,0,4,20,0
night,planner,skip,10484,2,1,3,15,22,11,12,0,6,20,0
night,planner,skip,10484,3,1,4,11,22,10,23,0,8,20,0
night,planner,skip,10484,4,1,5,15,22,10,36,10,9,20,0
night,planner,skip,10485,0,1,2,20,22,0,2,0,3,20,0
night,planner,skip,10485,1,1,2,16,22,3,4,0,4,20,0
night,planner,skip,10485,2,1,3,15,22,11,12,0,6,20,0
night,planner,skip,10485,3,1,4,16,22,10,22,0,8,20,0
night,planner,skip,10485,4,1,5,16,22,9,41,6,10,20,0
night,planner,skip,10486,0,1,2,19,22,3,4,0,3,20,0
night,planner,skip,10486,1,1,2,12,22,7,4,0,4,20,0
night,planner,skip,10486,2,1,3,18,22,10,14,0,6,20,0
night,planner,skip,10486,3,1,4,17,22,7,22,0,8,20,0
night,planner,skip,10486,4,1,4,8,22,11,31,10,8,20,0
night,planner,skip,10487,0,1,2,22,22,3,3,0,3,20,0
night,planner,skip,10487,1,1,2,8,22,10,3,0,4,20,0
night,planner,skip,10487,2,1,3,9,22,14,9,0,6,20,0
night,planner,skip,10487,3,1,4,12,22,10,22,0,8,20,0
night,planner,skip,10487,4,1,4,19,22,14,33,12,8,20,0
night,planner,skip,10488,0,1,2,22,22,0,0,0,4,20,0
night,planner,skip,10488,1,1,2,22,22,4,6,0,4,20,0
night,planner,skip,10488,2,1,3,21,22,8,15,0,6,20,0
night,planner,skip,10488,3,1,4,15,22,10,23,0,8,20,0
night,planner,skip,10488,4,1,4,11,22,9,30,0,7,20,0
night,planner,skip,10489,0,1,2,22,22,3,3,0,3,20,0
night,planner,skip,10489,1,1,2,15,22,6,6,0,4,20,0
night,planner,skip,10489,2,1,3,18,22,10,14,0,6,20,0
night,planner,skip,10489,3,1,4,13,22,10,23,0,8,20,0
night,planner,skip,10489,4,1,4,13,22,12,28,6,8,20,0
night,planner,skip,10490,0,1,2,22,22,3,3,0,3,20,0
night,planner,skip,10490,1,1,2,15,22,6,6,0,4,20,0
night,planner,skip,10490,2,1,3,14,22,10,10,0,6,20,0
night,planner,skip,10490,3,1,4,21,22,7,26,0,8,20,0
night,planner,skip,10490,4,1,4,21,22,11,34,10,8,20,0
night,planner,skip,10491,0,1,2,22,22,0,0,0,3,20,0
night,planner,skip,10491,1,1,2,19,22,4,8,0,4,20,0
night,planner,skip,10491,2,1,3,21,22,8,15,0,6,20,0
night,planner,skip,10491,3,1,4,18,22,10,22,0,8,20,0
night,planner,skip,10491,4,1,4,18,22,11,34,10,8,20,0
night,planner,skip,10492,0,1,2,20,22,3,5,0,3,20,0
night,planner,skip,10492,1,1,2,9,22,6,0,0,4,20,0
night,planner,skip,10492,2,1,4,13,22,8,15,0,7,20,0
night,planner,skip,10492,3,1,4,15,22,10,23,0,8,20,0
night,planner,skip,10492,4,1,5,15,22,9,35,4,10,20,0
night,planner,skip,10493,0,1,2,20,22,3,5,0,3,20,0
night,planner,skip,10493,1,1,2,13,22,7,5,0,4,20,0
night,planner,skip,10493,2,1,3,12,22,11,9,0,6,20,0
night,planner,skip,10493,3,1,4,9,22,10,17,0,8,20,0
night,planner,skip,10493,4,1,4,12,22,8,32,4,8,20,0
night,planner,skip,10494,0,1,2,22,22,3,3,0,3,20,0
night,planner,skip,10494,1,1,2,12,22,7,4,0,4,20,0
night,planner,skip,10494,2,1,4,17,22,7,18,0,7,20,0
night,planner,skip,10494,3,1,4,13,22,9,18,0,8,20,0
night,planner,skip,10494,4,1,4,19,22,5,34,4,8,20,0
night,planner,skip,10495,0,1,2,22,22,3,3,0,3,20,0
night,planner,skip,10495,1,1,2,19,22,4,8,0,4,20,0
night,planner,skip,10495,2,1,4,14,22,8,16,0,7,20,0
night,planner,skip,10495,3,1,4,19,22,7,26,0,8,20,0
night,planner,skip,10495,4,1,4,7,22,13,19,0,7,20,0
night,planner,skip,10496,0,1,2,18,22,6,2,0,3,20,0
night,planner,skip,10496,1,1,2,20,22,4,8,0,4,20,0
night,planner,skip,10496,2,0,2,0,22,13,0,0,4,20,0
night,planner,skip,10496,3,1,4,17,22,9,24,0,8,20,0
night,planner,skip,10496,4,1,5,21,22,7,40,0,9,20,0
night,planner,skip,10497,0,1,2,22,22,0,0,0,4,20,0
night,planner,skip,10497,1,1,2,19,22,4,8,0,4,20,0
night,planner,skip,10497,2,1,4,13,22,7,13,0,7,20,0
night,planner,skip,10497,3,1,4,19,22,7,26,0,8,20,0
night,planner,skip,10497,4,1,5,22,22,9,39,6,10,20,0
night,planner,skip,10498,0,1,2,22,22,3,3,0,3,20,0
night,planner,skip,10498,1,1,2,14,22,7,6,0,4,20,0
night,planner,skip,10498,2,1,4,7,22,11,12,0,7,20,0
night,planner,skip,10498,3,1,4,17,22,10,23,0,8,20,0
night,planner,skip,10498,4,1,4,19,22,11,32,6,8,20,0
night,planner,skip,10499,0,1,2,22,22,3,3,0,3,20,0
night,planner,skip,10499,1,1,2,16,22,6,6,0,4,20,0
night,planner,skip,10499,2,1,3,18,22,10,14,0,6,20,0
night,planner,skip,10499,3,0,2,0,22,10,2,0,4,20,0
night,planner,skip,10499,4,1,5,20,22,9,40,6,10,20,0
night,planner,skip,10500,0,1,2,22,22,0,0,0,4,20,0
night,planner,skip,10500,1,1,2,14,22,7,6,0,4,20,0
night,planner,skip,10500,2,1,3,15,22,11,12,0,6,20,0
night,planner,skip,10500,3,1,4,1,22,10,15,0,8,20,0
night,planner,skip,10500,4,1,5,19,22,8,41,4,10,20,0
night,planner,skip,10501,0,1,2,19,22,3,4,0,3,20,0
night,planner,skip,10501,1,1,2,19,22,4,8,0,4,20,0
night,planner,skip,10501,2,1,3,12,22,11,9,0,6,20,0
night,planner,skip,10501,3,0,2,0,22,10,2,0,4,20,0
night,planner,skip,10501,4,1,5,18,22,8,37,6,9,20,0
night,planner,skip,10502,0,1,2,22,22,3,3,0,3,20,0
night,planner,skip,10502,1,1,2,13,22,7,5,0,4,20,0
night,planner,skip,10502,2,1,3,21,22,8,15,0,6,20,0
night,planner,skip,10502,3,1,4,12,22,10,22,0,8,20,0
night,planner,skip,10502,4,1,5,20,22,6,36,0,9,20,0
night,planner,skip,10503,0,1,2,22,22,3,3,0,3,20,0
night,planner,skip,10503,1,1,2,12,22,7,4,0,4,20,0
night,planner,skip,10503,2,1,3,18,22,10,14,0,6,20,0
night,planner,skip,10503,3,1,4,17,22,9,24,0,8,20,0
night,planner,skip,10503,4,1,4,14,22,11,28,10,7,20,0
night,planner,skip,10504,0,1,2,22,22,3,3,0,4,20,0
night,planner,skip,10504,1,1,2,19,22,4,8,0,4,20,0
night,planner,skip,10504,2,1,3,12,22,11,9,0,6,20,0
night,planner,skip,10504,3,1,4,7,22,13,18,0,8,20,0
night,planner,skip,10504,4,1,5,9,22,8,31,4,9,20,0
night,planner,skip,10505,0,1,2,22,22,0,0,0,4,20,0
night,planner,skip,10505,1,1,2,12,22,7,4,0,4,20,0
night,planner,skip,10505,2,1,3,15,22,11,12,0,6,20,0
night,planner,skip,10505,3,1,4,14,22,10,22,0,8,20,0
night,planner,skip,10505,4,1,5,17,22,8,35,6,9,20,0
night,planner,skip,10506,0,1,2,20,22,3,5,0,3,20,0
night,planner,skip,10506,1,1,2,16,22,3,4,0,4,20,0
night,planner,skip,10506,2,1,4,3,22,13,10,0,7,20,0
night,planner,skip,10506,3,1,4,14,22,10,22,0,8,20,0
night,planner,skip,10506,4,1,5,6,22,8,28,4,8,20,0
night,planner,skip,10507,0,1,2,22,22,3,3,0,4,20,0
night,planner,skip,10507,1,1,2,19,22,4,8,0,4,20,0
night,planner,skip,10507,2,1,3,15,22,11,12,0,6,20,0
night,planner,skip,10507,3,1,4,17,22,7,22,0,8,20,0
night,planner,skip,10507,4,1,5,20,22,3,35,0,8,20,0
night,planner,skip,10508,0,1,2,21,22,0,3,0,4,20,0
night,planner,skip,10508,1,1,2,19,22,4,8,0,4,20,0
night,planner,skip,10508,2,1,3,15,22,11,12,0,6,20,0
night,planner,skip,10508,3,1,4,21,22,7,26,0,8,20,0
night,planner,skip,10508,4,1,5,22,22,7,40,10,10,20,0
night,planner,skip,10509,0,1,2,22,22,3,3,0,3,20,0
night,planner,skip,10509,1,1,2,15,22,6,6,0,4,20,0
night,planner,skip,10509,2,0,2,0,22,10,3,0,4,20,0
night,planner,skip,10509,3,1,4,14,22,10,22,0,8,20,0
night,planner,skip,10509,4,0,4,0,22,11,25,0,7,20,0
night,planner,skip,10510,0,1,2,22,22,3,3,0,4,20,0
night,planner,skip,10510,1,1,2,15,22,6,6,0,4,20,0
night,planner,skip,10510,2,1,3,18,22,10,14,0,6,20,0
night,planner,skip,10510,3,1,4,17,22,10,21,0,8,20,0
night,planner,skip,10510,4,1,4,16,22,8,36,6,8,20,0
night,planner,skip,10511,0,1,2,22,22,3,3,0,3,20,0
night,planner,skip,10511,1,1,2,19,22,4,8,0,4,20,0
night,planner,skip,10511,2,1,3,18,22,10,14,0,6,20,0
night,planner,skip,10511,3,1,4,17,22,10,23,0,8,20,0
night,planner,skip,10511,4,1,4,18,22,12,28,6,8,20,0
night,planner,skip,10512,0,1,2,22,22,3,3,0,3,20,0
night,planner,skip,10512,1,1,2,19,22,4,8,0,4,20,0
night,planner,skip,10512,2,1,3,21,22,10,17,0,6,20,0
night,planner,skip,10512,3,1,4,10,22,10,20,0,8,20,0
night,planner,skip,10512,4,1,4,22,22,5,39,6,8,20,0
night,planner,skip,10513,0,1,2,22,22,0,0,0,4,20,0
night,planner,skip,10513,1,1,2,19,22,4,8,0,4,20,0
night,planner,skip,10513,2,1,3,18,22,10,14,0,6,20,0
night,planner,skip,10513,3,1,4,13,22,10,23,0,8,20,0
night,planner,skip,10513,4,1,5,20,22,8,46,10,10,20,0
night,planner,skip,10514,0,1,2,21,22,3,4,0,3,20,0
night,planner,skip,10514,1,1,2,19,22,4,8,0,4,20,0
night,planner,skip,10514,2,0,2,0,22,6,0,0,4,20,0
night,planner,skip,10514,3,1,4,11,22,10,23,0,8,20,0
night,planner,skip,10514,4,1,5,12,22,8,34,6,9,20,0
night,planner,skip,10515,0,1,2,22,22,3,3,0,3,20,0
night,planner,skip,10515,1,1,2,14,22,7,5,0,4,20,0
night,planner,skip,10515,2,1,3,11,22,13,10,0,6,20,0
night,planner,skip,10515,3,1,4,10,22,10,16,0,8,20,0
night,planner,skip,10515,4,1,4,16,22,12,28,14,8,20,0
night,planner,skip,10516,0,1,2,22,22,3,3,0,3,20,0
night,planner,skip,10516,1,1,2,19,22,4,8,0,4,20,0
night,planner,skip,10516,2,1,4,11,22,10,15,0,7,20,0
night,planner,skip,10516,3,1,4,19,22,7,22,0,8,20,0
night,planner,skip,10516,4,1,5,22,22,5,41,4,9,20,0
night,planner,skip,10517,0,1,2,18,22,3,3,0,3,20,0
night,planner,skip,10517,1,1,2,19,22,4,8,0,4,20,0
night,planner,skip,10517,2,1,4,10,22,10,14,0,7,20,0
night,planner,skip,10517,3,1,4,15,22,10,23,0,8,20,0
night,planner,skip,10517,4,1,5,8,22,10,32,10,9,20,0
night,planner,skip,10518,0,1,2,22,22,3,3,0,3,20,0
night,planner,skip,10518,1,1,2,14,22,7,6,0,4,20,0
night,planner,skip,10518,2,1,3,15,22,11,12,0,6,20,0
night,planner,skip,10518,3,1,4,15,22,10,23,0,8,20,0
night,planner,skip,10518,4,1,4,22,22,6,35,4,8,20,0
night,planner,skip,10519,0,1,2,22,22,3,3,0,3,20,0
night,planner,skip,10519,1,1,2,19,22,4,8,0,4,20,0
night,planner,skip,10519,2,1,3,15,22,11,12,0,6,20,0
night,planner,skip,10519,3,1,4,15,22,10,23,0,8,20,0
night,planner,skip,10519,4,1,4,21,22,10,29,10,7,20,0
night,planner,skip,10520,0,1,2,22,22,0,0,0,4,20,0
night,planner,skip,10520,1,1,2,20,22,4,8,0,4,20,0
night,planner,skip,10520,2,1,3,11,22,11,8,0,6,20,0
night,planner,skip,10520,3,1,5,11,22,9,30,0,9,20,0
night,planner,skip,10520,4,1,4,8,22,15,18,0,7,20,0
night,planner,skip,10521,0,1,2,22,22,0,0,0,3,20,0
night,planner,skip,10521,1,1,2,19,22,4,8,0,4,20,0
night,planner,skip,10521,2,1,3,15,22,11,12,0,6,20,0
night,planner,skip,10521,3,1,4,7,22,13,18,0,8,20,0
night,planner,skip,10521,4,1,5,17,22,6,37,0,10,20,0
night,planner,skip,10522,0,1,2,20,22,3,5,0,3,20,0
night,planner,skip,10522,1,1,3,12,22,4,8,0,5,20,0
night,planner,skip,10522,2,1,4,17,22,7,18,0,7,20,0
night,planner,skip,10522,3,1,4,10,22,10,18,0,8,20,0
night,planner,skip,10522,4,1,5,13,22,9,32,0,8,20,0
night,planner,skip,10523,0,1,2,22,22,0,0,0,3,20,0
night,planner,skip,10523,1,1,2,19,22,4,8,0,4,20,0
night,planner,skip,10523,2,1,3,9,22,14,9,0,6,20,0
night,planner,skip,10523,3,1,4,17,22,7,22,0,8,20,0
night,planner,skip,10523,4,1,5,6,22,12,32,4,9,20,0
night,planner,skip,10524,0,1,2,22,22,3,3,0,3,20,0
night,planner,skip,10524,1,1,2,12,22,7,4,0,4,20,0
night,planner,skip,10524,2,1,4,4,22,10,8,0,7,20,0
night,planner,skip,10524,3,1,4,5,22,10,17,0,8,20,0
night,planner,skip,10524,4,1,4,12,22,15,28,10,8,20,0
night,planner,skip,10525,0,1,2,22,22,0,0,0,3,20,0
night,planner,skip,10525,1,1,2,17,22,7,4,0,4,20,0
night,planner,skip,10525,2,1,3,15,22,11,12,0,6,20,0
night,planner,skip,10525,3,1,4,20,22,10,22,0,8,20,0
night,planner,skip,10525,4,1,5,22,22,7,43,10,10,20,0
night,planner,skip,10526,0,1,2,22,22,0,0,0,4,20,0
night,planner,skip,10526,1,1,2,14,22,7,6,0,4,20,0
night,planner,skip,10526,2,1,3,10,22,10,14,0,5,20,0
night,planner,skip,10526,3,1,4,14,22,10,22,0,8,20,0
night,planner,skip,10526,4,1,5,15,22,9,39,6,10,20,0
night,planner,skip,10527,0,1,2,20,22,0,2,0,3,20,0
night,planner,skip,10527,1,1,2,12,22,7,4,0,4,20,0
night,planner,skip,10527,2,1,3,21,22,8,15,0,6,20,0
night,planner,skip,10527,3,1,4,15,22,10,23,0,8,20,0
night,planner,skip,10527,4,1,5,12,22,9,36,0,10,20,0
night,planner,skip,10528,0,1,2,22,22,0,0,0,4,20,0
night,planner,skip,10528,1,1,2,14,22,7,6,0,4,20,0
night,planner,skip,10528,2,0,2,0,22,13,0,0,4,20,0
night,planner,skip,10528,3,1,4,21,22,7,26,0,8,20,0
night,planner,skip,10528,4,1,5,20,22,9,43,6,10,20,0
night,planner,skip,10529,0,1,2,22,22,0,0,0,4,20,0
night,planner,skip,10529,1,1,2,13,22,7,5,0,4,20,0
night,planner,skip,10529,2,1,4,14,22,8,16,0,7,20,0
night,planner,skip,10529,3,1,4,10,22,10,18,0,8,20,0
night,planner,skip,10529,4,1,4,17,22,11,32,6,8,20,0
night,planner,skip,10530,0,1,2,19,22,3,4,0,3,20,0
night,planner,skip,10530,1,1,2,12,22,7,4,0,4,20,0
night,planner,skip,10530,2,1,3,21,22,8,15,0,6,20,0
night,planner,skip,10530,3,1,4,17,22,7,22,0,8,20,0
night,planner,skip,10530,4,1,5,22,22,5,41,6,10,20,0
night,planner,skip,10531,0,1,2,18,22,6,2,0,3,20,0
night,planner,skip,10531,1,1,2,19,22,4,8,0,4,20,0
night,planner,skip,10531,2,1,3,15,22,11,12,0,6,20,0
night,planner,skip,10531,3,1,4,6,22,10,18,0,8,20,0
night,planner,skip,10531,4,1,4,9,22,14,29,12,8,20,0
night,planner,skip,10532,0,1,2,22,22,3,3,0,4,20,0
night,planner,skip,10532,1,1,2,19,22,4,8,0,4,20,0
night,planner,skip,10532,2,1,3,22,22,4,20,0,6,20,0
night,planner,skip,10532,3,1,4,13,22,10,23,0,8,20,0
night,planner,skip,10532,4,0,4,0,22,17,17,4,8,20,0
night,planner,skip,10533,0,1,2,22,22,3,3,0,3,20,0
night,planner,skip,10533,1,1,2,12,22,7,4,0,4,20,0
night,planner,skip,10533,2,1,3,9,22,14,9,0,6,20,0
night,planner,skip,10533,3,1,4,21,22,7,26,0,8,20,0
night,planner,skip,10533,4,1,4,1,22,15,18,0,7,20,0
night,planner,skip,10534,0,1,2,22,22,3,3,0,3,20,0
night,planner,skip,10534,1,1,2,12,22,7,4,0,4,20,0
night,planner,skip,10534,2,1,3,15,22,11,12,0,6,20,0
night,planner,skip,10534,3,0,2,0,22,10,3,0,4,20,0
night,planner,skip,10534,4,1,4,13,22,10,33,10,8,20,0
night,planner,skip,10535,0,1,2,18,22,6,2,0,3,20,0
night,planner,skip,10535,1,1,2,19,22,4,8,0,4,20,0
night,planner,skip,10535,2,1,4,17,22,7,18,0,7,20,0
night,planner,skip,10535,3,0,2,0,22,7,0,0,3,20,0
night,planner,skip,10535,4,1,4,19,22,11,32,10,8,20,0
night,planner,skip,10536,0,1,2,20,22,0,2,0,3,20,0
night,planner,skip,10536,1,1,2,16,22,6,6,0,4,20,0
night,planner,skip,10536,2,1,3,12,22,11,9,0,6,20,0
night,planner,skip,10536,3,1,4,15,22,10,23,0,8,20,0
night,planner,skip,10536,4,1,5,11,22,6,33,0,9,20,0
night,planner,skip,10537,0,1,2,22,22,3,3,0,3,20,0
night,planner,skip,10537,1,1,2,19,22,4,8,0,4,20,0
night,planner,skip,10537,2,1,3,12,22,11,9,0,6,20,0
night,planner,skip,10537,3,1,4,17,22,10,23,0,8,20,0
night,planner,skip,10537,4,1,5,18,22,6,35,0,9,20,0
night,planner,skip,10538,0,1,2,22,22,0,0,0,4,20,0
night,planner,skip,10538,1,1,2,15,22,6,6,0,4,20,0
night,planner,skip,10538,2,1,3,21,22,10,17,0,6,20,0
night,planner,skip,10538,3,0,2,0,22,9,7,0,4,20,0
night,planner,skip,10538,4,1,4,22,22,12,34,6,8,20,0
night,planner,skip,10539,0,1,2,22,22,0,0,0,4,20,0
night,planner,skip,10539,1,1,2,8,22,10,3,0,4,20,0
night,planner,skip,10539,2,1,3,9,22,14,9,0,6,20,0
night,planner,skip,10539,3,1,4,17,22,10,21,0,8,20,0
night,planner,skip,10539,4,1,5,8,22,10,34,10,9,20,0
night,planner,skip,10540,0,1,2,22,22,0,0,0,3,20,0
night,planner,skip,10540,1,1,2,19,22,4,8,0,4,20,0
night,planner,skip,10540,2,1,3,9,22,14,9,0,6,20,0
night,planner,skip,10540,3,1,4,11,22,10,21,0,8,20,0
night,planner,skip,10540,4,0,3,0,22,8,18,8,6,20,0
night,planner,skip,10541,0,1,2,22,22,0,0,0,3,20,0
night,planner,skip,10541,1,1,2,13,22,7,5,0,4,20,0
night,planner,skip,10541,2,1,3,15,22,11,12,0,6,20,0
night,planner,skip,10541,3,1,4,14,22,10,22,0,8,20,0
night,planner,skip,10541,4,1,4,22,22,8,33,10,8,20,0
night,planner,skip,10542,0,1,2,22,22,0,0,0,4,20,0
night,planner,skip,10542,1,1,2,14,22,7,6,0,4,20,0
night,planner,skip,10542,2,1,4,13,22,8,15,0,7,20,0
night,planner,skip,10542,3,1,4,13,22,10,23,0,8,20,0
night,planner,skip,10542,4,1,4,13,22,8,33,4,8,20,0
night,planner,skip,10543,0,1,2,22,22,3,3,0,3,20,0
night,planner,skip,10543,1,1,2,19,22,4,8,0,4,20,0
night,planner,skip,10543,2,1,4,17,22,7,18,0,7,20,0
night,planner,skip,10543,3,1,4,17,22,10,23,0,8,20,0
night,planner,skip,10543,4,1,4,15,22,11,26,6,8,20,0
night,planner,skip,10544,0,1,2,18,22,6,2,0,3,20,0
night,planner,skip,10544,1,1,2,14,22,7,6,0,4,20,0
night,planner,skip,10544,2,1,4,17,22,7,18,0,7,20,0
night,planner,skip,10544,3,1,4,17,22,9,24,0,8,20,0
night,planner,skip,10544,4,1,4,22,22,6,38,4,8,20,0
night,planner,skip,10545,0,1,2,22,22,3,3,0,4,20,0
night,planner,skip,10545,1,1,2,19,22,4,8,0,4,20,0
night,planner,skip,10545,2,1,3,18,22,10,14,0,6,20,0
night,planner,skip,10545,3,1,4,18,22,10,22,0,8,20,0
night,planner,skip,10545,4,1,4,19,22,12,30,6,8,20,0
night,planner,skip,10546,0,1,2,22,22,3,3,0,3,20,0
night,planner,skip,10546,1,1,2,13,22,7,5,0,4,20,0
night,planner,skip,10546,2,1,3,15,22,11,12,0,6,20,0
night,planner,skip,10546,3,1,4,17,22,7,22,0,8,20,0
night,planner,skip,10546,4,1,5,16,22,9,42,6,10,20,0
night,planner,skip,10547,0,1,2,22,22,3,3,0,3,20,0
night,planner,skip,10547,1,1,2,12,22,7,4,0,4,20,0
night,planner,skip,10547,2,1,3,15,22,11,12,0,6,20,0
night,planner,skip,10547,3,1,4,17,22,7,26,0,8,20,0
night,planner,skip,10547,4,0,3,0,22,8,20,10,6,20,0
night,planner,skip,10548,0,1,2,19,22,3,4,0,3,20,0
night,planner,skip,10548,1,1,2,19,22,4,8,0,4,20,0
night,planner,skip,10548,2,1,3,15,22,11,12,0,6,20,0
night,planner,skip,10548,3,1,4,15,22,10,23,0,8,20,0
night,planner,skip,10548,4,1,5,22,22,8,44,10,10,20,0
night,planner,skip,10549,0,1,2,22,22,3,3,0,3,20,0
night,planner,skip,10549,1,1,2,19,22,4,8,0,4,20,0
night,planner,skip,10549,2,1,3,21,22,8,15,0,6,20,0
night,planner,skip,10549,3,1,4,14,22,10,22,0,8,20,0
night,planner,skip,10549,4,0,3,0,22,6,11,4,5,20,0
night,planner,skip,10550,0,1,2,19,22,3,4,0,3,20,0
night,planner,skip,10550,1,1,2,19,22,4,8,0,4,20,0
night,planner,skip,10550,2,1,3,15,22,11,12,0,6,20,0
night,planner,skip,10550,3,1,4,17,22,7,22,0,8,20,0
night,planner,skip,10550,4,1,5,22,22,6,43,8,10,20,0
night,planner,skip,10551,0,1,2,22,22,3,3,0,3,20,0
night,planner,skip,10551,1,1,2,17,22,7,4,0,4,20,0
night,planner,skip,10551,2,1,3,9,22,14,9,0,6,20,0
night,planner,skip,10551,3,1,4,17,22,9,24,0,8,20,0
night,planner,skip,10551,4,1,5,18,22,7,36,0,9,20,0
night,planner,skip,10552,0,1,2,22,22,3,5,0,3,20,0
night,planner,skip,10552,1,1,2,19,22,4,8,0,4,20,0
night,planner,skip,10552,2,0,2,0,22,10,3,0,4,20,0
night,planner,skip,10552,3,1,4,11,22,10,23,0,8,20,0
night,planner,skip,10552,4,1,5,22,22,6,39,4,10,20,0
night,planner,skip,10553,0,1,2,22,22,3,3,0,3,20,0
night,planner,skip,10553,1,1,2,19,22,4,8,0,4,20,0
night,planner,skip,10553,2,1,3,15,22,11,12,0,6,20,0
night,planner,skip,10553,3,1,4,15,22,10,19,0,8,20,0
night,planner,skip,10553,4,1,4,20,22,8,40,6,8,20,0
night,planner,skip,10554,0,1,2,22,22,3,3,0,3,20,0
night,planner,skip,10554,1,1,2,19,22,4,8,0,4,20,0
night,planner,skip,10554,2,1,3,18,22,10,14,0,6,20,0
night,planner,skip,10554,3,1,4,16,22,10,22,0,8,20,0
night,planner,skip,10554,4,1,4,22,22,8,35,6,8,20,0
night,planner,skip,10555,0,1,2,19,22,3,4,0,3,20,0
night,planner,skip,10555,1,1,2,10,22,9,4,4,4,20,0
night,planner,skip,10555,2,1,4,10,22,10,14,0,7,20,0
night,planner,skip,10555,3,1,4,15,22,10,23,0,8,20,0
night,planner,skip,10555,4,1,4,13,22,12,29,6,8,20,0
night,planner,skip,10556,0,1,2,19,22,3,4,0,3,20,0
night,planner,skip,10556,1,1,2,19,22,4,8,0,4,20,0
night,planner,skip,10556,2,1,3,18,22,10,14,0,6,20,0
night,planner,skip,10556,3,1,4,11,22,10,23,0,8,20,0
night,planner,skip,10556,4,1,5,11,22,10,33,10,9,20,0
night,planner,skip,10557,0,1,2,22,22,0,0,0,4,20,0
night,planner,skip,10557,1,1,2,19,22,4,8,0,4,20,0
night,planner,skip,10557,2,1,3,17,22,9,12,0,6,20,0
night,planner,skip,10557,3,1,4,14,22,10,22,0,8,20,0
night,planner,skip,10557,4,1,4,10,22,12,20,0,8,20,0
night,planner,skip,10558,0,1,2,22,22,3,3,0,3,20,0
night,planner,skip,10558,1,1,2,14,22,7,6,0,4,20,0
night,planner,skip,10558,2,1,4,17,22,7,18,0,7,20,0
night,planner,skip,10558,3,1,4,10,22,10,18,0,8,20,0
night,planner,skip,10558,4,1,4,7,22,15,18,0,7,20,0
night,planner,skip,10559,0,1,2,22,22,3,3,0,3,20,0
night,planner,skip,10559,1,1,2,9,22,6,0,0,4,20,0
night,planner,skip,10559,2,1,3,15,22,11,12,0,6,20,0
night,planner,skip,10559,3,1,4,19,22,7,24,0,8,20,0
night,planner,skip,10559,4,1,5,22,22,10,46,12,10,20,0
night,planner,skip,10560,0,1,2,22,22,3,3,0,3,20,0
night,planner,skip,10560,1,1,2,12,22,7,4,0,4,20,0
night,planner,skip,10560,2,1,3,15,22,11,12,0,6,20,0
night,planner,skip,10560,3,1,4,12,22,10,22,0,8,20,0
night,planner,skip,10560,4,1,5,19,22,8,40,6,9,20,0
night,planner,skip,10561,0,1,2,22,22,3,3,0,3,20,0
night,planner,skip,10561,1,1,2,19,22,4,8,0,4,20,0
night,planner,skip,10561,2,1,4,11,22,6,11,0,7,20,0
night,planner,skip,10561,3,1,4,12,22,10,22,0,8,20,0
night,planner,skip,10561,4,1,5,12,22,8,34,6,9,20,0
night,planner,skip,10562,0,1,2,22,22,3,3,0,3,20,0
night,planner,skip,10562,1,1,2,12,22,7,4,0,4,20,0
night,planner,skip,10562,2,1,3,18,22,10,14,0,6,20,0
night,planner,skip,10562,3,1,4,7,22,13,18,0,8,20,0
night,planner,skip,10562,4,1,4,15,22,11,31,6,8,20,0
night,planner,skip,10563,0,1,2,22,22,3,3,0,3,20,0
night,planner,skip,10563,1,1,2,12,22,7,4,0,4,20,0
night,planner,skip,10563,2,1,4,17,22,7,18,0,7,20,0
night,planner,skip,10563,3,1,4,22,22,6,26,0,8,20,0
night,planner,skip,10563,4,1,4,21,22,9,28,4,8,20,0
night,planner,skip,10564,0,1,2,22,22,0,0,0,3,20,0
night,planner,skip,10564,1,1,2,19,22,4,8,0,4,20,0
night,planner,skip,10564,2,1,4,17,22,7,18,0,7,20,0
night,planner,skip,10564,3,1,5,5,22,10,23,0,9,20,0
night,planner,skip,10564,4,1,4,19,22,11,27,6,8,20,0
night,planner,skip,10565,0,1,2,22,22,0,0,0,4,20,0
night,planner,skip,10565,1,1,2,12,22,7,4,0,4,20,0
night,planner,skip,10565,2,1,4,14,22,8,16,0,7,20,0
night,planner,skip,10565,3,1,4,9,22,13,18,0,8,20,0
night,planner,skip,10565,4,1,5,19,22,6,39,4,10,20,0
night,planner,skip,10566,0,1,2,19,22,3,4,0,3,20,0
night,planner,skip,10566,1,1,2,12,22,7,4,0,4,20,0
night,planner,skip,10566,2,1,3,17,22,7,18,0,6,20,0
night,planner,skip,10566,3,1,4,9,22,10,19,0,8,20,0
night,planner,skip,10566,4,1,4,13,22,11,33,6,8,20,0
night,planner,skip,10567,0,1,2,20,22,3,5,0,3,20,0
night,planner,skip,10567,1,1,2,19,22,4,8,0,4,20,0
night,planner,skip,10567,2,1,3,12,22,11,9,0,6,20,0
night,planner,skip,10567,3,1,4,11,22,9,18,0,8,20,0
night,planner,skip,10567,4,1,4,13,22,13,29,12,8,20,0
night,planner,skip,10568,0,1,2,18,22,6,2,0,3,20,0
night,planner,skip,10568,1,1,2,14,22,7,6,0,4,20,0
night,planner,skip,10568,2,1,3,15,22,11,12,0,6,20,0
night,planner,skip,10568,3,1,4,19,22,7,24,0,8,20,0
night,planner,skip,10568,4,1,4,9,22,13,18,0,7,20,0
night,planner,skip,10569,0,1,2,18,22,6,2,0,3,20,0
night,planner,skip,10569,1,1,2,9,22,10,4,4,4,20,0
night,planner,skip,10569,2,1,3,9,22,14,9,0,6,20,0
night,planner,skip,10569,3,1,4,13,22,10,23,0,8,20,0
night,planner,skip,10569,4,1,4,5,22,15,18,0,7,20,0
night,planner,skip,10570,0,1,2,22,22,0,0,0,3,20,0
night,planner,skip,10570,1,1,2,14,22,7,6,0,4,20,0
night,planner,skip,10570,2,1,3,15,22,11,12,0,6,20,0
night,planner,skip,10570,3,1,4,11,22,10,23,0,8,20,0
night,planner,skip,10570,4,1,4,18,22,12,33,6,8,20,0
night,planner,skip,10571,0,1,2,22,22,3,3,0,4,20,0
night,planner,skip,10571,1,1,2,20,22,4,8,0,4,20,0
night,planner,skip,10571,2,1,4,13,22,8,15,0,7,20,0
night,planner,skip,10571,3,1,4,16,22,10,22,0,8,20,0
night,planner,skip,10571,4,1,4,13,22,8,28,4,8,20,0
night,planner,skip,10572,0,1,2,21,22,0,3,0,4,20,0
night,planner,skip,10572,1,1,2,14,22,7,6,0,4,20,0
night,planner,skip,10572,2,1,3,17,22,7,18,0,6,20,0
night,planner,skip,10572,3,1,4,10,22,10,16,0,8,20,0
night,planner,skip,10572,4,1,5,18,22,8,42,8,10,20,0
night,planner,skip,10573,0,1,2,22,22,3,3,0,3,20,0
night,planner,skip,10573,1,1,2,19,22,4,8,0,4,20,0
night,planner,skip,10573,2,1,4,12,22,8,14,0,7,20,0
night,planner,skip,10573,3,1,4,16,22,10,22,0,8,20,0
night,planner,skip,10573,4,1,4,21,22,8,34,6,8,20,0
night,planner,skip,10574,0,1,2,22,22,3,3,0,3,20,0
night,planner,skip,10574,1,1,2,19,22,4,8,0,4,20,0
night,planner,skip,10574,2,0,2,0,22,13,0,0,4,20,0
night,planner,skip,10574,3,1,4,13,22,10,23,0,8,20,0
night,planner,skip,10574,4,1,5,17,22,8,39,6,9,20,0
night,planner,skip,10575,0,1,2,22,22,3,3,0,3,20,0
night,planner,skip,10575,1,1,2,12,22,7,4,0,4,20,0
night,planner,skip,10575,2,1,4,10,22,7,11,0,7,20,0
night,planner,skip,10575,3,1,4,17,22,7,20,0,8,20,0
night,planner,skip,10575,4,1,4,22,22,9,31,4,8,20,0
night,planner,skip,10576,0,1,2,22,22,0,0,0,3,20,0
night,planner,skip,10576,1,1,2,17,22,7,4,0,4,20,0
night,planner,skip,10576,2,1,3,9,22,14,9,0,6,20,0
night,planner,skip,10576,3,1,4,22,22,7,25,0,8,20,0
night,planner,skip,10576,4,1,5,20,22,7,38,0,9,20,0
night,planner,skip,10577,0,1,2,22,22,0,0,0,3,20,0
night,planner,skip,10577,1,1,2,8,22,10,3,0,4,20,0
night,planner,skip,10577,2,1,3,12,22,11,9,0,6,20,0
night,planner,skip,10577,3,1,4,15,22,10,23,0,8,20,0
night,planner,skip,10577,4,1,4,13,22,8,33,6,8,20,0
night,planner,skip,10578,0,1,2,22,22,0,0,0,3,20,0
night,planner,skip,10578,1,1,2,19,22,4,8,0,4,20,0
night,planner,skip,10578,2,1,4,17,22,7,18,0,7,20,0
night,planner,skip,10578,3,1,4,10,22,10,16,0,8,20,0
night,planner,skip,10578,4,1,4,18,22,10,35,12,8,20,0
night,planner,skip,10579,0,1,2,22,22,3,3,0,3,20,0
night,planner,skip,10579,1,1,2,19,22,4,8,0,4,20,0
night,planner,skip,10579,2,1,3,15,22,11,12,0,6,20,0
night,planner,skip,10579,3,1,4,14,22,10,22,0,8,20,0
night,planner,skip,10579,4,0,3,0,22,9,21,6,6,20,0
night,planner,skip,10580,0,1,2,22,22,3,3,0,3,20,0
night,planner,skip,10580,1,1,2,14,22,7,6,0,4,20,0
night,planner,skip,10580,2,1,3,18,22,10,14,0,6,20,0
night,planner,skip,10580,3,1,4,10,22,10,18,0,8,20,0
night,planner,skip,10580,4,1,4,9,22,17,23,6,8,20,0
night,planner,skip,10581,0,1,2,19,22,3,4,0,3,20,0
night,planner,skip,10581,1,1,2,14,22,7,6,0,4,20,0
night,planner,skip,10581,2,1,3,12,22,11,9,0,6,20,0
night,planner,skip,10581,3,1,4,14,22,10,22,0,8,20,0
night,planner,skip,10581,4,1,4,19,22,11,31,6,8,20,0
night,planner,skip,10582,0,1,2,22,22,3,3,0,4,20,0
night,planner,skip,10582,1,1,2,12,22,7,4,0,4,20,0
night,planner,skip,10582,2,0,2,0,22,10,2,0,4,20,0
night,planner,skip,10582,3,1,4,16,22,10,22,0,8,20,0
night,planner,skip,10582,4,1,5,4,22,11,29,4,9,20,0
night,planner,skip,10583,0,1,2,22,22,0,0,0,3,20,0
night,planner,skip,10583,1,1,2,19,22,4,8,0,4,20,0
night,planner,skip,10583,2,1,3,12,22,11,9,0,6,20,0
night,planner,skip,10583,3,1,4,21,22,7,26,0,8,20,0
night,planner,skip,10583,4,1,5,14,22,7,37,8,10,20,0
night,planner,skip,10584,0,1,2,20,22,3,5,0,3,20,0
night,planner,skip,10584,1,1,2,12,22,7,4,0,4,20,0
night,planner,skip,10584,2,1,3,15,22,11,12,0,6,20,0
night,planner,skip,10584,3,1,4,22,22,6,26,0,8,20,0
night,planner,skip,10584,4,1,4,13,22,9,32,4,8,20,0
night,planner,skip,10585,0,1,2,19,22,3,4,0,3,20,0
night,planner,skip,10585,1,1,2,19,22,4,8,0,4,20,0
night,planner,skip,10585,2,1,4,17,22,7,18,0,7,20,0
night,planner,skip,10585,3,1,5,17,22,7,32,0,9,20,0
night,planner,skip,10585,4,1,5,19,22,8,40,6,9,20,0
night,planner,skip,10586,0,1,2,22,22,0,0,0,4,20,0
night,planner,skip,10586,1,1,2,19,22,4,8,0,4,20,0
night,planner,skip,10586,2,1,3,18,22,10,14,0,6,20,0
night,planner,skip,10586,3,1,4,19,22,7,24,0,8,20,0
night,planner,skip,10586,4,1,5,15,22,8,37,6,9,20,0
night,planner,skip,10587,0,1,2,22,22,3,3,0,4,20,0
night,planner,skip,10587,1,1,2,22,22,4,6,0,4,20,0
night,planner,skip,10587,2,1,3,12,22,11,9,0,6,20,0
night,planner,skip,10587,3,1,4,14,22,10,22,0,8,20,0
night,planner,skip,10587,4,1,5,19,22,7,40,8,10,20,0
night,planner,skip,10588,0,1,2,20,22,3,5,0,3,20,0
night,planner,skip,10588,1,1,2,13,22,7,5,0,4,20,0
night,planner,skip,10588,2,1,3,15,22,11,12,0,6,20,0
night,planner,skip,10588,3,1,4,17,22,7,22,0,8,20,0
night,planner,skip,10588,4,0,2,0,22,10,3,0,4,20,0
night,planner,skip,10589,0,1,2,22,22,3,3,0,3,20,0
night,planner,skip,10589,1,1,2,18,22,7,5,0,4,20,0
night,planner,skip,10589,2,1,3,21,22,8,15,0,6,20,0
night,planner,skip,10589,3,1,4,17,22,7,22,0,8,20,0
night,planner,skip,10589,4,1,4,15,22,12,29,6,8,20,0
night,planner,skip,10590,0,1,2,22,22,3,3,0,4,20,0
night,planner,skip,10590,1,1,2,19,22,4,8,0,4,20,0
night,planner,skip,10590,2,1,3,9,22,14,9,0,6,20,0
night,planner,skip,10590,3,1,4,17,22,7,20,0,8,20,0
night,planner,skip,10590,4,1,5,22,22,6,40,4,10,20,0
night,planner,skip,10591,0,1,2,19,22,6,3,0,3,20,0
night,planner,skip,10591,1,1,2,15,22,6,6,0,4,20,0
night,planner,skip,10591,2,1,3,22,22,4,20,0,6,20,0
night,planner,skip,10591,3,1,4,18,22,10,22,0,8,20,0
night,planner,skip,10591,4,1,5,15,22,9,34,0,9,20,0
night,planner,skip,10592,0,1,2,19,22,3,4,0,3,20,0
night,planner,skip,10592,1,1,2,12,22,7,4,0,4,20,0
night,planner,skip,10592,2,1,4,7,22,11,12,0,7,20,0
night,planner,skip,10592,3,1,4,15,22,10,23,0,8,20,0
night,planner,skip,10592,4,0,4,0,22,14,26,6,8,20,0
night,planner,skip,10593,0,1,2,22,22,0,0,0,4,20,0
night,planner,skip,10593,1,1,2,20,22,4,8,0,4,20,0
night,planner,skip,10593,2,1,4,7,22,11,12,0,7,20,0
night,planner,skip,10593,3,1,4,10,22,10,18,0,8,20,0
night,planner,skip,10593,4,1,5,1,22,14,26,4,10,20,0
night,planner,skip,10594,0,1,2,22,22,3,3,0,4,20,0
night,planner,skip,10594,1,1,2,19,22,4,8,0,4,20,0
night,planner,skip,10594,2,1,3,18,22,10,14,0,6,20,0
night,planner,skip,10594,3,1,4,22,22,7,23,0,8,20,0
night,planner,skip,10594,4,1,5,22,22,8,42,6,9,20,0
night,planner,skip,10595,0,1,2,22,22,0,0,0,4,20,0
night,planner,skip,10595,1,1,2,9,22,10,4,4,4,20,0
night,planner,skip,10595,2,1,3,15,22,13,14,0,6,20,0
night,planner,skip,10595,3,1,4,19,22,7,20,0,8,20,0
night,planner,skip,10595,4,1,4,8,22,13,19,0,7,20,0
night,planner,skip,10596,0,1,2,22,22,3,3,0,3,20,0
night,planner,skip,10596,1,1,2,13,22,7,5,0,4,20,0
night,planner,skip,10596,2,1,3,15,22,11,12,0,6,20,0
night,planner,skip,10596,3,1,4,22,22,6,28,0,8,20,0
night,planner,skip,10596,4,1,5,21,22,6,38,0,9,20,0
night,planner,skip,10597,0,1,2,22,22,3,3,0,3,20,0
night,planner,skip,10597,1,1,2,19,22,4,8,0,4,20,0
night,planner,skip,10597,2,1,3,15,22,11,12,0,6,20,0
night,planner,skip,10597,3,1,4,15,22,10,21,0,8,20,0
night,planner,skip,10597,4,1,4,2,22,15,18,0,7,20,0
night,planner,skip,10598,0,1,2,20,22,0,2,0,3,20,0
night,planner,skip,10598,1,1,2,19,22,4,8,0,4,20,0
night,planner,skip,10598,2,0,2,0,22,10,2,0,4,20,0
night,planner,skip,10598,3,1,4,15,22,10,23,0,8,20,0
night,planner,skip,10598,4,1,5,22,22,8,44,10,10,20,0
night,planner,skip,10599,0,1,2,20,22,0,2,0,3,20,0
night,planner,skip,10599,1,1,2,19,22,4,8,0,4,20,0
night,planner,skip,10599,2,1,3,18,22,10,14,0,6,20,0
night,planner,skip,10599,3,1,4,10,22,10,18,0,8,20,0
night,planner,skip,10599,4,1,4,13,22,8,31,6,8,20,0
night,planner,skip,10600,0,1,2,22,22,3,3,0,3,20,0
night,planner,skip,10600,1,1,2,18,22,7,5,0,4,20,0
night,planner,skip,10600,2,1,3,21,22,10,17,0,6,20,0
night,planner,skip,10600,3,1,4,17,22,10,23,0,8,20,0
night,planner,skip,10600,4,1,4,16,22,13,29,14,8,20,0
night,planner,skip,10601,0,1,2,22,22,3,3,0,3,20,0
night,planner,skip,10601,1,1,2,13,22,7,4,0,4,20,0
night,planner,skip,10601,2,1,4,12,22,8,14,0,7,20,0
night,planner,skip,10601,3,1,4,12,22,10,22,0,8,20,0
night,planner,skip,10601,4,0,3,0,22,11,14,6,6,20,0
night,planner,skip,10602,0,1,2,19,22,3,4,0,3,20,0
night,planner,skip,10602,1,1,2,12,22,7,4,0,4,20,0
night,planner,skip,10602,2,0,2,0,22,10,3,0,4,20,0
night,planner,skip,10602,3,1,4,13,22,10,23,0,8,20,0
night,planner,skip,10602,4,1,4,20,22,11,30,6,8,20,0
night,planner,skip,10603,0,1,2,19,22,3,4,0,3,20,0
night,planner,skip,10603,1,1,2,9,22,6,0,0,4,20,0
night,planner,skip,10603,2,1,3,21,22,8,15,0,6,20,0
night,planner,skip,10603,3,0,2,0,22,10,2,0,4,20,0
night,planner,skip,10603,4,1,4,21,22,9,34,14,8,20,0
night,planner,skip,10604,0,1,2,20,22,3,5,0,3,20,0
night,planner,skip,10604,1,1,2,19,22,4,8,0,4,20,0
night,planner,skip,10604,2,1,3,15,22,11,12,0,6,20,0
night,planner,skip,10604,3,1,4,16,22,10,22,0,8,20,0
night,planner,skip,10604,4,1,4,13,22,9,28,0,7,20,0
night,planner,skip,10605,0,1,2,20,22,3,5,0,3,20,0
night,planner,skip,10605,1,1,2,12,22,7,4,0,4,20,0
night,planner,skip,10605,2,1,3,5,22,14,5,0,6,20,0
night,planner,skip,10605,3,1,4,10,22,10,18,0,8,20,0
night,planner,skip,10605,4,1,4,10,22,14,27,6,8,20,0
night,planner,skip,10606,0,1,2,20,22,3,3,0,3,20,0
night,planner,skip,10606,1,1,2,13,22,7,5,0,4,20,0
night,planner,skip,10606,2,1,3,15,22,11,12,0,6,20,0
night,planner,skip,10606,3,1,4,11,22,10,21,0,8,20,0
night,planner,skip,10606,4,1,5,21,22,6,41,0,9,20,0
night,planner,skip,10607,0,1,2,20,22,3,5,0,3,20,0
night,planner,skip,10607,1,1,2,9,22,6,0,0,4,20,0
night,planner,skip,10607,2,1,3,15,22,11,12,0,6,20,0
night,planner,skip,10607,3,1,4,11,22,10,23,0,8,20,0
night,planner,skip,10607,4,1,4,18,22,13,29,12,7,20,0
night,planner,skip,10608,0,1,2,19,22,3,0,0,3,20,0
night,planner,skip,10608,1,1,2,7,22,10,2,0,4,20,0
night,planner,skip,10608,2,1,4,14,22,8,15,0,7,20,0
night,planner,skip,10608,3,1,4,15,22,10,23,0,8,20,0
night,planner,skip,10608,4,1,4,15,22,10,30,10,8,20,0
night,planner,skip,10609,0,1,2,20,22,0,2,0,3,20,0
night,planner,skip,10609,1,1,2,13,22,7,5,0,4,20,0
night,planner,skip,10609,2,1,4,4,22,10,8,0,7,20,0
night,planner,skip,10609,3,1,4,10,22,10,14,0,8,20,0
night,planner,skip,10609,4,1,5,22,22,3,37,0,9,20,0
night,planner,skip,10610,0,1,2,13,22,6,1,0,3,20,0
night,planner,skip,10610,1,1,2,12,22,7,4,0,4,20,0
night,planner,skip,10610,2,0,2,0,22,6,0,0,4,20,0
night,planner,skip,10610,3,1,4,5,22,9,18,0,8,20,0
night,planner,skip,10610,4,1,4,13,22,8,31,6,8,20,0
night,planner,skip,10611,0,1,2,22,22,3,3,0,4,20,0
night,planner,skip,10611,1,1,2,13,22,7,5,0,4,20,0
night,planner,skip,10611,2,1,3,18,22,10,14,0,6,20,0
night,planner,skip,10611,3,1,4,15,22,7,26,0,8,20,0
night,planner,skip,10611,4,1,5,17,22,6,39,0,9,20,0
night,planner,skip,10612,0,1,2,22,22,3,3,0,4,20,0
night,planner,skip,10612,1,1,2,13,22,7,5,0,4,20,0
night,planner,skip,10612,2,1,4,17,22,7,18,0,7,20,0
night,planner,skip,10612,3,1,4,12,22,10,22,0,8,20,0
night,planner,skip,10612,4,1,6,10,22,6,42,4,10,20,0
night,planner,skip,10613,0,1,2,22,22,3,3,0,3,20,0
night,planner,skip,10613,1,1,2,7,22,10,2,0,4,20,0
night,planner,skip,10613,2,1,4,17,22,7,18,0,7,20,0
night,planner,skip,10613,3,1,4,16,22,10,22,0,8,20,0
night,planner,skip,10613,4,1,4,18,22,12,31,6,8,20,0
night,planner,skip,10614,0,1,2,20,22,0,2,0,3,20,0
night,planner,skip,10614,1,1,2,15,22,6,6,0,4,20,0
night,planner,skip,10614,2,1,3,21,22,8,15,0,6,20,0
night,planner,skip,10614,3,1,4,17,22,7,22,0,8,20,0
night,planner,skip,10614,4,1,5,22,22,8,42,10,10,20,0
night,planner,skip,10615,0,1,2,22,22,0,0,0,4,20,0
night,planner,skip,10615,1,1,2,12,22,7,4,0,4,20,0
night,planner,skip,10615,2,1,4,14,22,8,16,0,7,20,0
night,planner,skip,10615,3,1,4,15,22,10,23,0,8,20,0
night,planner,skip,10615,4,1,5,19,22,11,44,10,10,20,0
night,planner,skip,10616,0,1,2,22,22,3,3,0,4,20,0
night,planner,skip,10616,1,1,2,19,22,4,8,0,4,20,0
night,planner,skip,10616,2,1,3,21,22,8,15,0,6,20,0
night,planner,skip,10616,3,1,4,10,22,10,16,0,8,20,0
night,planner,skip,10616,4,1,4,18,22,11,34,10,8,20,0
night,planner,skip,10617,0,1,2,22,22,3,3,0,3,20,0
night,planner,skip,10617,1,1,2,22,22,4,6,0,4,20,0
night,planner,skip,10617,2,1,3,15,22,11,12,0,6,20,0
night,planner,skip,10617,3,1,4,16,22,10,22,0,8,20,0
night,planner,skip,10617,4,1,5,22,22,5,41,6,10,20,0
night,planner,skip,10618,0,1,2,20,22,0,2,0,3,20,0
night,planner,skip,10618,1,1,2,12,22,7,4,0,4,20,0
night,planner,skip,10618,2,1,3,21,22,8,15,0,6,20,0
night,planner,skip,10618,3,1,4,9,22,9,18,0,8,20,0
night,planner,skip,10618,4,1,5,17,22,7,40,0,10,20,0
night,planner,skip,10619,0,1,2,21,22,0,3,0,3,20,0
night,planner,skip,10619,1,1,2,19,22,4,8,0,4,20,0
night,planner,skip,10619,2,1,4,10,22,7,11,0,7,20,0
night,planner,skip,10619,3,1,4,16,22,10,22,0,8,20,0
night,planner,skip,10619,4,1,4,13,22,8,33,4,8,20,0
night,planner,skip,10620,0,1,2,22,22,3,3,0,3,20,0
night,planner,skip,10620,1,1,2,19,22,4,8,0,4,20,0
night,planner,skip,10620,2,0,2,0,22,13,0,0,4,20,0
night,planner,skip,10620,3,1,4,11,22,9,18,0,8,20,0
night,planner,skip,10620,4,1,6,20,22,6,49,8,11,20,0
night,planner,skip,10621,0,1,2,21,22,3,4,0,3,20,0
night,planner,skip,10621,1,1,2,13,22,7,4,0,4,20,0
night,planner,skip,10621,2,1,3,18,22,10,14,0,6,20,0
night,planner,skip,10621,3,1,4,12,22,10,22,0,8,20,0
night,planner,skip,10621,4,0,3,0,22,11,17,6,6,20,0
night,planner,skip,10622,0,1,2,20,22,3,5,0,3,20,0
night,planner,skip,10622,1,1,2,12,22,7,4,0,4,20,0
night,planner,skip,10622,2,1,4,14,22,8,16,0,7,20,0
night,planner,skip,10622,3,0,3,0,22,10,9,0,6,20,0
night,planner,skip,10622,4,1,5,22,22,10,43,12,10,20,0
night,planner,skip,10623,0,1,2,20,22,0,2,0,3,20,0
night,planner,skip,10623,1,1,2,14,22,7,6,0,4,20,0
night,planner,skip,10623,2,1,3,18,22,10,14,0,6,20,0
night,planner,skip,10623,3,1,4,17,22,7,26,0,8,20,0
night,planner,skip,10623,4,1,5,20,22,3,41,0,9,20,0
night,planner,skip,10624,0,1,2,22,22,0,0,0,4,20,0
night,planner,skip,10624,1,1,2,9,22,6,0,0,4,20,0
night,planner,skip,10624,2,1,3,17,22,7,18,0,6,20,0
night,planner,skip,10624,3,1,4,13,22,10,23,0,8,20,0
night,planner,skip,10624,4,1,4,18,22,11,31,10,8,20,0
night,planner,skip,10625,0,1,2,22,22,3,3,0,4,20,0
night,planner,skip,10625,1,1,2,12,22,7,4,0,4,20,0
night,planner,skip,10625,2,1,4,17,22,7,18,0,7,20,0
night,planner,skip,10625,3,1,4,21,22,7,26,0,8,20,0
night,planner,skip,10625,4,1,5,18,22,6,42,4,10,20,0
night,planner,skip,10626,0,1,2,22,22,3,3,0,3,20,0
night,planner,skip,10626,1,1,2,19,22,4,8,0,4,20,0
night,planner,skip,10626,2,0,2,0,22,13,0,0,4,20,0
night,planner,skip,10626,3,1,5,13,22,6,27,0,9,20,0
night,planner,skip,10626,4,1,4,11,22,17,28,12,8,20,0
night,planner,skip,10627,0,1,2,22,22,3,3,0,3,20,0
night,planner,skip,10627,1,1,2,19,22,4,8,0,4,20,0
night,planner,skip,10627,2,1,3,15,22,11,12,0,6,20,0
night,planner,skip,10627,3,1,4,17,22,10,23,0,8,20,0
night,planner,skip,10627,4,1,5,12,22,7,35,0,9,20,0
night,planner,skip,10628,0,1,2,20,22,3,5,0,3,20,0
night,planner,skip,10628,1,1,2,19,22,4,8,0,4,20,0
night,planner,skip,10628,2,1,3,12,22,11,9,0,6,20,0
night,planner,skip,10628,3,1,4,17,22,7,26,0,8,20,0
night,planner,skip,10628,4,1,5,22,22,4,40,8,10,20,0
night,planner,skip,10629,0,1,2,22,22,3,3,0,3,20,0
night,planner,skip,10629,1,1,2,5,22,10,0,0,3,20,0
night,planner,skip,10629,2,1,4,10,22,7,11,0,7,20,0
night,planner,skip,10629,3,1,4,15,22,10,23,0,8,20,0
night,planner,skip,10629,4,1,5,20,22,6,40,0,9,20,0
night,planner,skip,10630,0,1,2,22,22,3,3,0,4,20,0
night,planner,skip,10630,1,1,2,8,22,10,3,0,4,20,0
night,planner,skip,10630,2,1,4,13,22,6,13,0,7,20,0
night,planner,skip,10630,3,1,4,17,22,7,22,0,8,20,0
night,planner,skip,10630,4,1,5,11,22,11,36,10,9,20,0
night,planner,skip,10631,0,1,2,22,22,0,0,0,3,20,0
night,planner,skip,10631,1,1,2,15,22,6,6,0,4,20,0
night,planner,skip,10631,2,1,4,15,22,6,15,0,7,20,0
night,planner,skip,10631,3,1,4,15,22,10,23,0,8,20,0
night,planner,skip,10631,4,1,4,22,22,8,36,6,8,20,0
night,planner,skip,10632,0,1,2,19,22,3,4,0,3,20,0
night,planner,skip,10632,1,1,2,19,22,4,8,0,4,20,0
night,planner,skip,10632,2,1,3,15,22,11,12,0,6,20,0
night,planner,skip,10632,3,1,4,21,22,7,26,0,8,20,0
night,planner,skip,10632,4,1,5,22,22,10,40,10,10,20,0
night,planner,skip,10633,0,1,2,22,22,3,3,0,3,20,0
night,planner,skip,10633,1,1,2,19,22,4,8,0,4,20,0
night,planner,skip,10633,2,1,3,18,22,10,14,0,6,20,0
night,planner,skip,10633,3,1,4,19,22,7,26,0,8,20,0
night,planner,skip,10633,4,1,5,20,22,7,43,10,10,20,0
night,planner,skip,10634,0,1,2,22,22,0,0,0,4,20,0
night,planner,skip,10634,1,1,2,19,22,4,8,0,4,20,0
night,planner,skip,10634,2,1,4,19,22,7,20,0,7,20,0
night,planner,skip,10634,3,1,4,14,22,10,22,0,8,20,0
night,planner,skip,10634,4,1,5,19,22,6,39,4,9,20,0
night,planner,skip,10635,0,1,2,22,22,0,0,0,3,20,0
night,planner,skip,10635,1,1,2,13,22,7,5,0,4,20,0
night,planner,skip,10635,2,1,3,21,22,8,15,0,6,20,0
night,planner,skip,10635,3,1,4,17,22,10,23,0,8,20,0
night,planner,skip,10635,4,1,4,21,22,11,34,10,8,20,0
night,planner,skip,10636,0,1,2,22,22,3,3,0,3,20,0
night,planner,skip,10636,1,1,2,12,22,7,4,0,4,20,0
night,planner,skip,10636,2,1,3,18,22,10,14,0,6,20,0
night,planner,skip,10636,3,1,4,18,22,7,27,0,8,20,0
night,planner,skip,10636,4,1,5,20,22,9,43,6,10,20,0
night,planner,skip,10637,0,1,2,19,22,3,4,0,3,20,0
night,planner,skip,10637,1,1,2,19,22,4,8,0,4,20,0
night,planner,skip,10637,2,1,3,18,22,10,14,0,6,20,0
night,planner,skip,10637,3,0,2,0,22,10,2,0,4,20,0
night,planner,skip,10637,4,1,4,12,22,13,29,12,7,20,0
night,planner,skip,10638,0,1,2,22,22,3,3,0,3,20,0
night,planner,skip,10638,1,1,2,9,22,6,0,0,4,20,0
night,planner,skip,10638,2,1,3,21,22,8,15,0,6,20,0
night,planner,skip,10638,3,1,4,15,22,10,23,0,8,20,0
night,planner,skip,10638,4,1,5,4,22,13,29,10,9,20,0
night,planner,skip,10639,0,1,2,22,22,3,3,0,3,20,0
night,planner,skip,10639,1,1,2,15,22,6,6,0,4,20,0
night,planner,skip,10639,2,1,4,4,22,10,8,0,7,20,0
night,planner,skip,10639,3,1,4,15,22,10,23,0,8,20,0
night,planner,skip,10639,4,1,4,10,22,14,29,12,8,20,0
night,planner,skip,10640,0,1,2,21,22,3,4,0,3,20,0
night,planner,skip,10640,1,1,2,19,22,4,8,0,4,20,0
night,planner,skip,10640,2,1,3,18,22,10,14,0,6,20,0
night,planner,skip,10640,3,1,4,10,22,10,18,0,8,20,0
night,planner,skip,10640,4,1,4,20,22,13,33,12,8,20,0
night,planner,skip,10641,0,1,2,22,22,3,3,0,3,20,0
night,planner,skip,10641,1,1,2,19,22,4,8,0,4,20,0
night,planner,skip,10641,2,1,3,18,22,10,14,0,6,20,0
night,planner,skip,10641,3,1,5,13,22,9,30,0,9,20,0
night,planner,skip,10641,4,1,5,17,22,8,39,6,9,20,0
night,planner,skip,10642,0,1,2,22,22,3,3,0,3,20,0
night,planner,skip,10642,1,1,2,19,22,4,8,0,4,20,0
night,planner,skip,10642,2,1,4,7,22,10,11,0,7,20,0
night,planner,skip,10642,3,1,4,19,22,7,20,0,8,20,0
night,planner,skip,10642,4,1,4,22,22,9,32,6,8,20,0
night,planner,skip,10643,0,1,2,20,22,0,2,0,3,20,0
night,planner,skip,10643,1,1,2,13,22,7,4,0,4,20,0
night,planner,skip,10643,2,1,3,12,22,11,9,0,6,20,0
night,planner,skip,10643,3,1,4,16,22,10,22,0,8,20,0
night,planner,skip,10643,4,1,4,19,22,13,28,12,8,20,0
night,planner,skip,10644,0,1,2,22,22,3,3,0,3,20,0
night,planner,skip,10644,1,1,2,19,22,4,8,0,4,20,0
night,planner,skip,10644,2,1,3,15,22,11,12,0,6,20,0
night,planner,skip,10644,3,1,4,17,22,10,23,0,8,20,0
night,planner,skip,10644,4,1,4,13,22,12,31,6,8,20,0
night,planner,skip,10645,0,1,2,22,22,3,3,0,3,20,0
night,planner,skip,10645,1,1,2,19,22,4,8,0,4,20,0
night,planner,skip,10645,2,1,4,13,22,8,14,0,7,20,0
night,planner,skip,10645,3,1,4,19,22,7,24,0,8,20,0
night,planner,skip,10645,4,1,5,11,22,9,36,0,9,20,0
night,planner,skip,10646,0,1,2,22,22,3,3,0,3,20,0
night,planner,skip,10646,1,1,2,12,22,7,4,0,4,20,0
night,planner,skip,10646,2,1,3,5,22,14,5,0,6,20,0
night,planner,skip,10646,3,1,4,10,22,10,18,0,8,20,0
night,planner,skip,10646,4,1,4,1,22,11,21,0,7,20,0
night,planner,skip,10647,0,1,2,22,22,3,3,0,3,20,0
night,planner,skip,10647,1,1,2,13,22,7,5,0,4,20,0
night,planner,skip,10647,2,1,3,18,22,8,12,0,6,20,0
night,planner,skip,10647,3,1,4,17,22,7,20,0,8,20,0
night,planner,skip,10647,4,1,5,6,22,9,31,0,8,20,0
night,planner,skip,10648,0,1,2,19,22,3,4,0,3,20,0
night,planner,skip,10648,1,1,2,12,22,7,4,0,4,20,0
night,planner,skip,10648,2,1,3,12,22,11,9,0,6,20,0
night,planner,skip,10648,3,1,4,15,22,10,23,0,8,20,0
night,planner,skip,10648,4,1,4,18,22,12,28,6,8,20,0
night,planner,skip,10649,0,1,2,22,22,0,0,0,4,20,0
night,planner,skip,10649,1,1,2,19,22,4,8,0,4,20,0
night,planner,skip,10649,2,1,4,10,22,7,11,0,7,20,0
night,planner,skip,10649,3,1,4,12,22,10,22,0,8,20,0
night,planner,skip,10649,4,1,4,15,22,11,29,6,8,20,0
night,planner,skip,10650,0,1,2,22,22,3,3,0,4,20,0
night,planner,skip,10650,1,1,2,14,22,7,6,0,4,20,0
night,planner,skip,10650,2,1,3,15,22,11,12,0,6,20,0
night,planner,skip,10650,3,1,4,17,22,10,23,0,8,20,0
night,planner,skip,10650,4,1,5,22,22,3,35,0,8,20,0
night,planner,skip,10651,0,1,2,22,22,3,3,0,4,20,0
night,planner,skip,10651,1,1,2,12,22,7,4,0,4,20,0
night,planner,skip,10651,2,1,3,21,22,8,15,0,6,20,0
night,planner,skip,10651,3,1,4,13,22,9,18,0,8,20,0
night,planner,skip,10651,4,1,4,22,22,9,34,6,8,20,0
night,planner,skip,10652,0,1,2,22,22,3,3,0,3,20,0
night,planner,skip,10652,1,1,2,19,22,4,8,0,4,20,0
night,planner,skip,10652,2,1,3,9,22,14,9,0,6,20,0
night,planner,skip,10652,3,1,4,15,22,10,23,0,8,20,0
night,planner,skip,10652,4,1,4,9,22,11,32,4,8,20,0
night,planner,skip,10653,0,1,2,21,22,3,4,0,3,20,0
night,planner,skip,10653,1,1,2,13,22,7,5,0,4,20,0
night,planner,skip,10653,2,1,4,13,22,8,15,0,7,20,0
night,planner,skip,10653,3,1,4,15,22,10,23,0,8,20,0
night,planner,skip,10653,4,1,4,7,22,10,26,0,7,20,0
night,planner,skip,10654,0,1,2,22,22,0,0,0,4,20,0
night,planner,skip,10654,1,1,2,2,22,13,0,4,4,20,0
night,planner,skip,10654,2,1,3,18,22,10,14,0,6,20,0
night,planner,skip,10654,3,1,4,12,22,10,22,0,8,20,0
night,planner,skip,10654,4,1,5,15,22,9,34,0,9,20,0
night,planner,skip,10655,0,1,2,20,22,3,5,0,3,20,0
night,planner,skip,10655,1,1,2,14,22,7,6,0,4,20,0
night,planner,skip,10655,2,1,3,18,22,10,14,0,6,20,0
night,planner,skip,10655,3,1,4,15,22,9,24,0,8,20,0
night,planner,skip,10655,4,1,4,22,22,9,34,6,8,20,0
night,planner,skip,10656,0,1,2,22,22,0,0,0,4,20,0
night,planner,skip,10656,1,1,2,19,22,4,8,0,4,20,0
night,planner,skip,10656,2,1,4,17,22,7,18,0,7,20,0
night,planner,skip,10656,3,1,4,13,22,10,21,0,8,20,0
night,planner,skip,10656,4,0,3,0,22,11,14,6,6,20,0
night,planner,skip,10657,0,1,2,19,22,3,4,0,3,20,0
night,planner,skip,10657,1,1,2,14,22,7,6,0,4,20,0
night,planner,skip,10657,2,1,4,14,22,8,16,0,7,20,0
night,planner,skip,10657,3,1,4,5,22,13,18,0,8,20,0
night,planner,skip,10657,4,1,5,22,22,5,41,4,10,20,0
night,planner,skip,10658,0,1,2,22,22,3,5,0,3,20,0
night,planner,skip,10658,1,1,2,17,22,7,4,0,4,20,0
night,planner,skip,10658,2,1,3,21,22,8,15,0,6,20,0
night,planner,skip,10658,3,1,4,14,22,10,22,0,8,20,0
night,planner,skip,10658,4,1,4,18,22,8,39,10,8,20,0
night,planner,skip,10659,0,1,2,22,22,3,3,0,4,20,0
night,planner,skip,10659,1,1,2,12,22,7,4,0,4,20,0
night,planner,skip,10659,2,1,3,15,22,11,12,0,6,20,0
night,planner,skip,10659,3,1,4,7,22,13,18,0,8,20,0
night,planner,skip,10659,4,0,4,0,22,11,25,0,7,20,0
night,planner,skip,10660,0,1,2,19,22,3,0,0,3,20,0
night,planner,skip,10660,1,1,2,10,22,9,4,4,4,20,0
night,planner,skip,10660,2,1,3,15,22,11,12,0,6,20,0
night,planner,skip,10660,3,1,4,12,22,10,22,0,8,20,0
night,planner,skip,10660,4,0,2,0,22,6,0,0,3,20,0
night,planner,skip,10661,0,1,2,22,22,3,3,0,3,20,0
night,planner,skip,10661,1,1,2,12,22,7,4,0,4,20,0
night,planner,skip,10661,2,1,3,12,22,11,9,0,6,20,0
night,planner,skip,10661,3,1,4,9,22,13,18,0,8,20,0
night,planner,skip,10661,4,1,5,12,22,11,37,4,10,20,0
night,planner,skip,10662,0,1,2,17,22,3,0,0,3,20,0
night,planner,skip,10662,1,1,2,19,22,4,8,0,4,20,0
night,planner,skip,10662,2,1,3,15,22,11,12,0,6,20,0
night,planner,skip,10662,3,1,4,17,22,7,20,0,8,20,0
night,planner,skip,10662,4,1,5,18,22,6,38,0,10,20,0
night,planner,skip,10663,0,1,2,22,22,3,3,0,4,20,0
night,planner,skip,10663,1,1,2,19,22,4,8,0,4,20,0
night,planner,skip,10663,2,1,3,15,22,11,12,0,6,20,0
night,planner,skip,10663,3,1,4,17,22,10,23,0,8,20,0
night,planner,skip,10663,4,1,4,19,22,11,31,6,8,20,0
night,planner,skip,10664,0,1,2,22,22,3,3,0,4,20,0
night,planner,skip,10664,1,1,2,9,22,6,0,0,4,20,0
night,planner,skip,10664,2,1,3,15,22,11,12,0,6,20,0
night,planner,skip,10664,3,1,4,7,22,13,18,0,8,20,0
night,planner,skip,10664,4,1,4,3,22,15,18,0,7,20,0
night,planner,skip,10665,0,1,2,22,22,0,0,0,3,20,0
night,planner,skip,10665,1,1,2,12,22,7,4,0,4,20,0
night,planner,skip,10665,2,1,3,15,22,11,12,0,6,20,0
night,planner,skip,10665,3,1,4,9,22,10,17,0,8,20,0
night,planner,skip,10665,4,1,4,19,22,11,35,6,8,20,0
night,planner,skip,10666,0,1,2,22,22,3,3,0,3,20,0
night,planner,skip,10666,1,1,2,19,22,4,8,0,4,20,0
night,planner,skip,10666,2,1,3,9,22,14,9,0,6,20,0
night,planner,skip,10666,3,1,4,19,22,10,23,0,8,20,0
night,planner,skip,10666,4,1,5,10,22,6,32,4,9,20,0
night,planner,skip,10667,0,1,2,17,22,5,0,4,4,20,0
night,planner,skip,10667,1,1,2,12,22,7,4,0,4,20,0
night,planner,skip,10667,2,1,3,15,22,11,12,0,6,20,0
night,planner,skip,10667,3,1,4,17,22,7,22,0,8,20,0
night,planner,skip,10667,4,1,4,2,22,13,27,6,8,20,0
night,planner,skip,10668,0,1,2,22,22,0,0,0,3,20,0
night,planner,skip,10668,1,1,2,19,22,4,8,0,4,20,0
night,planner,skip,10668,2,1,3,15,22,11,12,0,6,20,0
night,planner,skip,10668,3,1,4,4,22,13,15,0,8,20,0
night,planner,skip,10668,4,1,5,14,22,9,38,8,9,20,0
night,planner,skip,10669,0,1,2,20,22,3,5,0,3,20,0
night,planner,skip,10669,1,1,2,13,22,7,5,0,4,20,0
night,planner,skip,10669,2,1,4,12,22,7,13,0,7,20,0
night,planner,skip,10669,3,1,4,15,22,10,23,0,8,20,0
night,planner,skip,10669,4,1,5,21,22,9,41,6,10,20,0
night,planner,skip,10670,0,1,2,20,22,0,2,0,3,20,0
night,planner,skip,10670,1,1,2,6,22,10,0,0,3,20,0
night,planner,skip,10670,2,1,4,17,22,7,18,0,7,20,0
night,planner,skip,10670,3,1,4,17,22,9,24,0,8,20,0
night,planner,skip,10670,4,1,5,17,22,6,39,0,9,20,0
night,planner,skip,10671,0,1,2,19,22,3,0,0,3,20,0
night,planner,skip,10671,1,1,2,13,22,7,5,0,4,20,0
night,planner,skip,10671,2,1,4,10,22,7,11,0,7,20,0
night,planner,skip,10671,3,1,4,10,22,10,20,0,8,20,0
night,planner,skip,10671,4,1,4,5,22,15,18,0,7,20,0
night,planner,skip,10672,0,1,2,19,22,3,4,0,3,20,0
night,planner,skip,10672,1,1,2,19,22,4,8,0,4,20,0
night,planner,skip,10672,2,1,3,16,22,11,12,0,6,20,0
night,planner,skip,10672,3,1,4,10,22,10,16,0,8,20,0
night,planner,skip,10672,4,1,5,14,22,6,38,0,9,20,0
night,planner,skip,10673,0,1,2,22,22,3,3,0,3,20,0
night,planner,skip,10673,1,1,2,19,22,4,8,0,4,20,0
night,planner,skip,10673,2,1,4,12,22,7,13,0,7,20,0
night,planner,skip,10673,3,1,4,10,22,10,20,0,8,20,0
night,planner,skip,10673,4,1,4,19,22,11,29,6,8,20,0
night,planner,skip,10674,0,1,2,22,22,3,3,0,3,20,0
night,planner,skip,10674,1,1,2,19,22,4,8,0,4,20,0
night,planner,skip,10674,2,1,3,20,22,11,11,0,6,20,0
night,planner,skip,10674,3,1,4,15,22,10,23,0,8,20,0
night,planner,skip,10674,4,1,4,16,22,13,29,6,8,20,0
night,planner,skip,10675,0,1,2,22,22,3,3,0,4,20,0
night,planner,skip,10675,1,1,2,13,22,7,5,0,4,20,0
night,planner,skip,10675,2,1,3,15,22,11,12,0,6,20,0
night,planner,skip,10675,3,1,4,9,22,13,18,0,8,20,0
night,planner,skip,10675,4,1,5,22,22,3,37,0,8,20,0
night,planner,skip,10676,0,1,2,22,22,3,5,0,3,20,0
night,planner,skip,10676,1,1,2,14,22,7,5,0,4,20,0
night,planner,skip,10676,2,1,3,9,22,14,9,0,6,20,0
night,planner,skip,10676,3,1,4,9,22,13,18,0,8,20,0
night,planner,skip,10676,4,0,3,0,22,6,18,0,6,20,0
night,planner,skip,10677,0,1,2,19,22,3,4,0,3,20,0
night,planner,skip,10677,1,1,2,19,22,4,8,0,4,20,0
night,planner,skip,10677,2,1,3,15,22,11,12,0,6,20,0
night,planner,skip,10677,3,1,4,15,22,10,23,0,8,20,0
night,planner,skip,10677,4,1,4,22,22,7,41,10,8,20,0
night,planner,skip,10678,0,1,2,20,22,0,2,0,3,20,0
night,planner,skip,10678,1,1,2,12,22,7,4,0,4,20,0
night,planner,skip,10678,2,1,3,21,22,8,15,0,6,20,0
night,planner,skip,10678,3,1,4,10,22,10,22,0,8,20,0
night,planner,skip,10678,4,1,4,22,22,8,34,6,8,20,0
night,planner,skip,10679,0,1,2,22,22,3,3,0,4,20,0
night,planner,skip,10679,1,1,2,12,22,7,4,0,4,20,0
night,planner,skip,10679,2,1,4,11,22,6,11,0,7,20,0
night,planner,skip,10679,3,1,4,17,22,10,23,0,8,20,0
night,planner,skip,10679,4,1,4,16,22,13,29,12,7,20,0
night,planner,skip,10680,0,1,2,21,22,0,3,0,3,20,0
night,planner,skip,10680,1,1,2,12,22,7,4,0,4,20,0
night,planner,skip,10680,2,1,3,9,22,14,9,0,6,20,0
night,planner,skip,10680,3,1,4,9,22,13,18,0,8,20,0
night,planner,skip,10680,4,1,5,8,22,10,34,4,9,20,0
night,planner,skip,10681,0,1,2,22,22,3,3,0,3,20,0
night,planner,skip,10681,1,1,2,19,22,4,8,0,4,20,0
night,planner,skip,10681,2,1,3,15,22,11,12,0,6,20,0
night,planner,skip,10681,3,1,4,17,22,7,20,0,8,20,0
night,planner,skip,10681,4,1,5,22,22,7,40,4,10,20,0
night,planner,skip,10682,0,1,2,20,22,3,5,0,3,20,0
night,planner,skip,10682,1,1,2,19,22,4,8,0,4,20,0
night,planner,skip,10682,2,1,4,14,22,8,16,0,7,20,0
night,planner,skip,10682,3,1,4,17,22,7,20,0,8,20,0
night,planner,skip,10682,4,1,4,17,22,8,37,10,8,20,0
night,planner,skip,10683,0,1,2,22,22,3,3,0,3,20,0
night,planner,skip,10683,1,1,2,19,22,4,8,0,4,20,0
night,planner,skip,10683,2,1,4,12,22,8,14,0,7,20,0
night,planner,skip,10683,3,1,4,22,22,7,25,0,8,20,0
night,planner,skip,10683,4,1,4,9,22,14,28,6,8,20,0
night,planner,skip,10684,0,1,2,19,22,3,4,0,3,20,0
night,planner,skip,10684,1,1,2,14,22,7,6,0,4,20,0
night,planner,skip,10684,2,1,3,21,22,8,15,0,6,20,0
night,planner,skip,10684,3,0,2,0,22,13,0,0,4,20,0
night,planner,skip,10684,4,1,5,22,22,6,42,4,10,20,0
night,planner,skip,10685,0,1,2,19,22,3,0,0,3,20,0
night,planner,skip,10685,1,1,2,19,22,4,8,0,4,20,0
night,planner,skip,10685,2,1,3,15,22,11,12,0,6,20,0
night,planner,skip,10685,3,0,2,0,22,13,0,0,4,20,0
night,planner,skip,10685,4,1,4,21,22,13,33,12,8,20,0
night,planner,skip,10686,0,1,2,22,22,0,0,0,3,20,0
night,planner,skip,10686,1,1,2,13,22,7,5,0,4,20,0
night,planner,skip,10686,2,1,3,21,22,8,15,0,6,20,0
night,planner,skip,10686,3,1,4,15,22,10,23,0,8,20,0
night,planner,skip,10686,4,1,4,5,22,15,17,0,7,20,0
night,planner,skip,10687,0,1,2,22,22,3,3,0,4,20,0
night,planner,skip,10687,1,1,2,10,22,9,4,4,4,20,0
night,planner,skip,10687,2,1,3,22,22,10,12,0,6,20,0
night,planner,skip,10687,3,1,4,16,22,7,27,0,8,20,0
night,planner,skip,10687,4,1,4,16,22,11,32,6,8,20,0
night,planner,skip,10688,0,1,2,19,22,3,4,0,3,20,0
night,planner,skip,10688,1,1,2,12,22,7,4,0,4,20,0
night,planner,skip,10688,2,1,4,14,22,8,16,0,7,20,0
night,planner,skip,10688,3,1,4,10,22,10,16,0,8,20,0
night,planner,skip,10688,4,1,5,19,22,9,38,4,10,20,0
night,planner,skip,10689,0,1,2,19,22,3,4,0,3,20,0
night,planner,skip,10689,1,1,2,12,22,7,4,0,4,20,0
night,planner,skip,10689,2,1,3,15,22,11,12,0,6,20,0
night,planner,skip,10689,3,1,4,17,22,9,24,0,8,20,0
night,planner,skip,10689,4,1,5,13,22,10,38,14,10,20,0
night,planner,skip,10690,0,1,2,22,22,0,0,0,4,20,0
night,planner,skip,10690,1,1,2,7,22,10,2,0,4,20,0
night,planner,skip,10690,2,1,3,15,22,11,12,0,6,20,0
night,planner,skip,10690,3,1,4,18,22,10,22,0,8,20,0
night,planner,skip,10690,4,1,5,13,22,8,35,8,10,20,0
night,planner,skip,10691,0,1,2,22,22,0,0,0,4,20,0
night,planner,skip,10691,1,1,2,12,22,7,4,0,4,20,0
night,planner,skip,10691,2,1,3,15,22,11,12,0,6,20,0
night,planner,skip,10691,3,1,4,17,22,10,23,0,8,20,0
night,planner,skip,10691,4,0,2,0,22,10,3,0,4,20,0
night,planner,skip,10692,0,1,2,22,22,3,3,0,3,20,0
night,planner,skip,10692,1,1,2,12,22,7,4,0,4,20,0
night,planner,skip,10692,2,1,4,17,22,7,18,0,7,20,0
night,planner,skip,10692,3,1,4,17,22,10,23,0,8,20,0
night,planner,skip,10692,4,1,4,8,22,13,28,6,8,20,0
night,planner,skip,10693,0,1,2,21,22,3,4,0,3,20,0
night,planner,skip,10693,1,1,2,20,22,4,8,0,4,20,0
night,planner,skip,10693,2,1,3,15,22,11,12,0,6,20,0
night,planner,skip,10693,3,1,4,11,22,10,23,0,8,20,0
night,planner,skip,10693,4,0,3,0,22,8,19,6,5,20,0
night,planner,skip,10694,0,1,2,20,22,3,5,0,3,20,0
night,planner,skip,10694,1,1,2,19,22,4,8,0,4,20,0
night,planner,skip,10694,2,1,3,12,22,11,9,0,6,20,0
night,planner,skip,10694,3,1,4,16,22,10,22,0,8,20,0
night,planner,skip,10694,4,1,4,13,22,13,25,4,8,20,0
night,planner,skip,10695,0,1,2,22,22,3,3,0,3,20,0
night,planner,skip,10695,1,1,2,10,22,9,4,4,4,20,0
night,planner,skip,10695,2,1,3,9,22,14,9,0,6,20,0
night,planner,skip,10695,3,1,4,5,22,13,18,0,8,20,0
night,planner,skip,10695,4,1,4,22,22,12,29,6,8,20,0
night,planner,skip,10696,0,1,2,22,22,0,0,0,4,20,0
night,planner,skip,10696,1,1,2,12,22,7,4,0,4,20,0
night,planner,skip,10696,2,1,3,5,22,14,5,0,6,20,0
night,planner,skip,10696,3,1,4,15,22,10,23,0,8,20,0
night,planner,skip,10696,4,1,4,17,22,13,25,4,8,20,0
night,planner,skip,10697,0,1,2,20,22,0,2,0,3,20,0
night,planner,skip,10697,1,1,2,13,22,7,5,0,4,20,0
night,planner,skip,10697,2,1,3,15,22,11,12,0,6,20,0
night,planner,skip,10697,3,1,4,13,22,9,18,0,8,20,0
night,planner,skip,10697,4,1,4,8,22,15,18,0,7,20,0
night,planner,skip,10698,0,1,2,22,22,0,0,0,4,20,0
night,planner,skip,10698,1,1,2,19,22,4,8,0,4,20,0
night,planner,skip,10698,2,1,3,18,22,10,14,0,6,20,0
night,planner,skip,10698,3,1,4,17,22,10,23,0,8,20,0
night,planner,skip,10698,4,1,5,14,22,6,34,0,9,20,0
night,planner,skip,10699,0,1,2,22,22,3,3,0,3,20,0
night,planner,skip,10699,1,1,2,12,22,7,4,0,4,20,0
night,planner,skip,10699,2,1,3,18,22,10,14,0,6,20,0
night,planner,skip,10699,3,1,4,12,22,10,22,0,8,20,0
night,planner,skip,10699,4,1,4,19,22,7,38,10,8,20,0
night,planner,skip,10700,0,1,2,22,22,3,3,0,3,20,0
night,planner,skip,10700,1,1,2,12,22,7,4,0,4,20,0
night,planner,skip,10700,2,1,4,17,22,7,18,0,7,20,0
night,planner,skip,10700,3,1,4,13,22,10,23,0,8,20,0
night,planner,skip,10700,4,1,5,17,22,11,38,4,10,20,0
night,planner,skip,10701,0,1,2,22,22,3,3,0,3,20,0
night,planner,skip,10701,1,1,2,19,22,4,8,0,4,20,0
night,planner,skip,10701,2,0,2,0,22,10,2,0,4,20,0
night,planner,skip,10701,3,1,4,10,22,10,22,0,8,20,0
night,planner,skip,10701,4,1,5,10,22,12,36,6,9,20,0
night,planner,skip,10702,0,1,2,22,22,3,3,0,3,20,0
night,planner,skip,10702,1,1,2,12,22,7,4,0,4,20,0
night,planner,skip,10702,2,1,3,15,22,11,12,0,6,20,0
night,planner,skip,10702,3,1,4,22,22,6,26,0,8,20,0
night,planner,skip,10702,4,1,5,16,22,9,39,6,10,20,0
night,planner,skip,10703,0,1,2,22,22,3,3,0,3,20,0
night,planner,skip,10703,1,1,2,22,22,4,6,0,4,20,0
night,planner,skip,10703,2,1,3,15,22,11,12,0,6,20,0
night,planner,skip,10703,3,1,4,11,22,10,23,0,8,20,0
night,planner,skip,10703,4,1,5,21,22,7,39,0,9,20,0
night,planner,skip,10704,0,1,2,22,22,3,3,0,3,20,0
night,planner,skip,10704,1,1,2,12,22,7,4,0,4,20,0
night,planner,skip,10704,2,1,3,14,22,10,10,0,6,20,0
night,planner,skip,10704,3,1,4,15,22,10,23,0,8,20,0
night,planner,skip,10704,4,1,5,11,22,9,38,4,9,20,0
night,planner,skip,10705,0,1,2,22,22,3,3,0,3,20,0
night,planner,skip,10705,1,1,2,17,22,7,4,0,4,20,0
night,planner,skip,10705,2,1,3,18,22,10,14,0,6,20,0
night,planner,skip,10705,3,1,4,18,22,10,22,0,8,20,0
night,planner,skip,10705,4,1,4,16,22,12,33,10,8,20,0
night,planner,skip,10706,0,1,2,22,22,0,0,0,3,20,0
night,planner,skip,10706,1,1,2,13,22,7,5,0,4,20,0
night,planner,skip,10706,2,1,3,18,22,10,14,0,6,20,0
night,planner,skip,10706,3,1,4,20,22,8,24,0,8,20,0
night,planner,skip,10706,4,1,4,15,22,14,32,12,8,20,0
night,planner,skip,10707,0,1,2,20,22,0,2,0,3,20,0
night,planner,skip,10707,1,1,2,3,22,12,0,4,4,20,0
night,planner,skip,10707,2,1,4,3,22,13,10,0,7,20,0
night,planner,skip,10707,3,1,4,19,22,9,24,0,8,20,0
night,planner,skip,10707,4,1,5,22,22,3,36,0,8,20,0
night,planner,skip,10708,0,1,2,22,22,3,3,0,3,20,0
night,planner,skip,10708,1,1,2,9,22,10,4,4,4,20,0
night,planner,skip,10708,2,1,4,17,22,7,18,0,7,20,0
night,planner,skip,10708,3,1,4,10,22,10,18,0,8,20,0
night,planner,skip,10708,4,1,5,19,22,6,39,0,9,20,0
night,planner,skip,10709,0,1,2,20,22,3,5,0,3,20,0
night,planner,skip,10709,1,1,2,12,22,7,4,0,4,20,0
night,planner,skip,10709,2,1,3,15,22,11,12,0,6,20,0
night,planner,skip,10709,3,1,4,14,22,10,22,0,8,20,0
night,planner,skip,10709,4,1,5,12,22,8,35,6,9,20,0
night,planner,skip,10710,0,1,2,22,22,3,3,0,3,20,0
night,planner,skip,10710,1,1,2,12,22,7,4,0,4,20,0
night,planner,skip,10710,2,0,2,0,22,10,2,0,4,20,0
night,planner,skip,10710,3,1,4,9,22,10,23,0,8,20,0
night,planner,skip,10710,4,1,4,20,22,12,31,6,8,20,0
night,planner,skip,10711,0,1,2,21,22,3,4,0,3,20,0
night,planner,skip,10711,1,1,2,19,22,4,8,0,4,20,0
night,planner,skip,10711,2,1,3,15,22,11,12,0,6,20,0
night,planner,skip,10711,3,1,4,17,22,7,22,0,8,20,0
night,planner,skip,10711,4,1,4,1,22,11,21,0,7,20,0
night,planner,skip,10712,0,1,2,22,22,3,3,0,4,20,0
night,planner,skip,10712,1,1,2,13,22,7,4,0,4,20,0
night,planner,skip,10712,2,1,3,15,22,11,12,0,6,20,0
night,planner,skip,10712,3,1,4,5,22,13,18,0,8,20,0
night,planner,skip,10712,4,1,5,22,22,7,33,0,9,20,0
night,planner,skip,10713,0,1,2,22,22,3,5,0,3,20,0
night,planner,skip,10713,1,1,2,19,22,4,8,0,4,20,0
night,planner,skip,10713,2,1,3,14,22,6,14,0,6,20,0
night,planner,skip,10713,3,1,4,15,22,10,23,0,8,20,0
night,planner,skip,10713,4,1,4,22,22,8,35,6,8,20,0
night,planner,skip,10714,0,1,2,20,22,0,2,0,3,20,0
night,planner,skip,10714,1,1,2,15,22,6,6,0,4,20,0
night,planner,skip,10714,2,1,3,21,22,8,15,0,6,20,0
night,planner,skip,10714,3,1,4,15,22,10,23,0,8,20,0
night,planner,skip,10714,4,1,4,8,22,15,28,6,8,20,0
night,planner,skip,10715,0,1,2,22,22,3,3,0,3,20,0
night,planner,skip,10715,1,1,2,12,22,7,4,0,4,20,0
night,planner,skip,10715,2,1,3,15,22,11,12,0,6,20,0
night,planner,skip,10715,3,1,4,15,22,10,23,0,8,20,0
night,planner,skip,10715,4,1,4,10,22,12,29,6,8,20,0
night,planner,skip,10716,0,1,2,22,22,3,3,0,4,20,0
night,planner,skip,10716,1,1,2,20,22,6,6,0,4,20,0
night,planner,skip,10716,2,1,4,17,22,7,18,0,7,20,0
night,planner,skip,10716,3,1,4,10,22,10,18,0,8,20,0
night,planner,skip,10716,4,1,4,10,22,14,24,6,8,20,0
night,planner,skip,10717,0,1,2,20,22,3,5,0,3,20,0
night,planner,skip,10717,1,1,2,19,22,4,8,0,4,20,0
night,planner,skip,10717,2,1,3,15,22,11,12,0,6,20,0
night,planner,skip,10717,3,1,4,17,22,10,23,0,8,20,0
night,planner,skip,10717,4,1,5,16,22,12,38,6,10,20,0
night,planner,skip,10718,0,1,2,22,22,3,3,0,3,20,0
night,planner,skip,10718,1,1,2,19,22,4,8,0,4,20,0
night,planner,skip,10718,2,1,3,21,22,8,15,0,6,20,0
night,planner,skip,10718,3,1,4,10,22,10,20,0,8,20,0
night,planner,skip,10718,4,0,2,0,22,8,2,4,4,20,0
night,planner,skip,10719,0,1,2,20,22,3,5,0,3,20,0
night,planner,skip,10719,1,1,2,19,22,4,8,0,4,20,0
night,planner,skip,10719,2,1,3,9,22,10,4,0,6,20,0
night,planner,skip,10719,3,1,4,13,22,10,23,0,8,20,0
night,planner,skip,10719,4,1,5,16,22,9,42,6,10,20,0
night,planner,skip,10720,0,1,2,21,22,3,4,0,3,20,0
night,planner,skip,10720,1,1,2,13,22,7,5,0,4,20,0
night,planner,skip,10720,2,1,3,15,22,11,12,0,6,20,0
night,planner,skip,10720,3,1,4,21,22,7,26,0,8,20,0
night,planner,skip,10720,4,1,5,19,22,8,44,6,9,20,0
night,planner,skip,10721,0,1,2,22,22,3,3,0,3,20,0
night,planner,skip,10721,1,1,2,12,22,7,4,0,4,20,0
night,planner,skip,10721,2,1,3,15,22,11,12,0,6,20,0
night,planner,skip,10721,3,1,4,10,22,10,16,0,8,20,0
night,planner,skip,10721,4,1,4,15,22,11,29,6,8,20,0
night,planner,skip,10722,0,1,2,19,22,3,4,0,3,20,0
night,planner,skip,10722,1,1,2,19,22,4,8,0,4,20,0
night,planner,skip,10722,2,1,3,15,22,11,12,0,6,20,0
night,planner,skip,10722,3,1,4,10,22,10,16,0,8,20,0
night,planner,skip,10722,4,1,4,22,22,9,34,6,8,20,0
night,planner,skip,10723,0,1,2,21,22,0,3,0,4,20,0
night,planner,skip,10723,1,1,2,19,22,4,8,0,4,20,0
night,planner,skip,10723,2,1,4,17,22,7,18,0,7,20,0
night,planner,skip,10723,3,1,4,2,22,14,14,0,8,20,0
night,planner,skip,10723,4,1,4,15,22,11,28,6,8,20,0
night,planner,skip,10724,0,1,2,19,22,3,4,0,3,20,0
night,planner,skip,10724,1,1,2,19,22,4,8,0,4,20,0
night,planner,skip,10724,2,1,4,17,22,7,18,0,7,20,0
night,planner,skip,10724,3,1,4,7,22,13,18,0,8,20,0
night,planner,skip,10724,4,1,5,22,22,5,41,8,10,20,0
night,planner,skip,10725,0,1,2,20,22,3,5,0,3,20,0
night,planner,skip,10725,1,1,2,15,22,6,6,0,4,20,0
night,planner,skip,10725,2,1,3,15,22,11,12,0,6,20,0
night,planner,skip,10725,3,1,4,17,22,7,20,0,8,20,0
night,planner,skip,10725,4,1,5,13,22,10,34,10,9,20,0
night,planner,skip,10726,0,1,2,22,22,3,3,0,4,20,0
night,planner,skip,10726,1,1,2,19,22,4,8,0,4,20,0
night,planner,skip,10726,2,1,3,18,22,10,14,0,6,20,0
night,planner,skip,10726,3,1,4,22,22,7,25,0,8,20,0
night,planner,skip,10726,4,1,5,2,22,9,28,0,9,20,0
night,planner,skip,10727,0,1,2,22,22,0,0,0,3,20,0
night,planner,skip,10727,1,1,2,9,22,6,0,0,4,20,0
night,planner,skip,10727,2,1,3,15,22,11,12,0,6,20,0
night,planner,skip,10727,3,1,4,17,22,7,22,0,8,20,0
night,planner,skip,10727,4,1,5,20,22,9,40,4,10,20,0
night,planner,skip,10728,0,1,2,22,22,3,3,0,3,20,0
night,planner,skip,10728,1,1,2,13,22,7,5,0,4,20,0
night,planner,skip,10728,2,1,4,10,22,10,14,0,7,20,0
night,planner,skip,10728,3,0,2,0,22,10,2,0,4,20,0
night,planner,skip,10728,4,1,4,12,22,10,34,10,8,20,0
night,planner,skip,10729,0,1,2,22,22,3,3,0,3,20,0
night,planner,skip,10729,1,1,2,12,22,7,4,0,4,20,0
night,planner,skip,10729,2,1,3,15,22,11,12,0,6,20,0
night,planner,skip,10729,3,1,4,13,22,10,23,0,8,20,0
night,planner,skip,10729,4,1,4,19,22,11,33,6,8,20,0
night,planner,skip,10730,0,1,2,19,22,3,4,0,3,20,0
night,planner,skip,10730,1,1,2,13,22,7,5,0,4,20,0
night,planner,skip,10730,2,1,3,15,22,11,12,0,6,20,0
night,planner,skip,10730,3,1,4,17,22,7,20,0,8,20,0
night,planner,skip,10730,4,1,5,21,22,6,42,0,9,20,0
night,planner,skip,10731,0,1,2,19,22,3,4,0,3,20,0
night,planner,skip,10731,1,1,2,19,22,4,8,0,4,20,0
night,planner,skip,10731,2,1,4,17,22,7,18,0,7,20,0
night,planner,skip,10731,3,1,4,7,22,13,18,0,8,20,0
night,planner,skip,10731,4,1,5,9,22,9,32,0,8,20,0
night,planner,skip,10732,0,1,2,22,22,3,5,0,3,20,0
night,planner,skip,10732,1,1,2,19,22,4,8,0,4,20,0
night,planner,skip,10732,2,1,3,15,22,11,12,0,6,20,0
night,planner,skip,10732,3,1,4,9,22,13,18,0,8,20,0
night,planner,skip,10732,4,1,5,10,22,9,30,0,8,20,0
night,planner,skip,10733,0,1,2,22,22,3,3,0,3,20,0
night,planner,skip,10733,1,1,2,13,22,7,5,0,4,20,0
night,planner,skip,10733,2,1,3,15,22,11,12,0,6,20,0
night,planner,skip,10733,3,1,4,16,22,7,27,0,8,20,0
night,planner,skip,10733,4,1,4,7,22,15,27,6,8,20,0
night,planner,skip,10734,0,1,2,19,22,3,4,0,3,20,0
night,planner,skip,10734,1,1,2,16,22,6,6,0,4,20,0
night,planner,skip,10734,2,1,3,18,22,10,14,0,6,20,0
night,planner,skip,10734,3,1,4,15,22,10,23,0,8,20,0
night,planner,skip,10734,4,1,5,19,22,6,39,4,10,20,0
night,planner,skip,10735,0,1,2,22,22,0,0,0,4,20,0
night,planner,skip,10735,1,1,2,19,22,4,8,0,4,20,0
night,planner,skip,10735,2,1,3,15,22,11,12,0,6,20,0
night,planner,skip,10735,3,1,4,5,22,13,14,0,8,20,0
night,planner,skip,10735,4,1,4,7,22,15,27,6,8,20,0
night,planner,skip,10736,0,1,2,20,22,0,2,0,3,20,0
night,planner,skip,10736,1,1,2,13,22,7,5,0,4,20,0
night,planner,skip,10736,2,1,4,13,22,8,15,0,7,20,0
night,planner,skip,10736,3,1,4,17,22,7,20,0,8,20,0
night,planner,skip,10736,4,1,5,21,22,7,40,0,9,20,0
night,planner,skip,10737,0,1,2,22,22,0,0,0,4,20,0
night,planner,skip,10737,1,1,2,12,22,7,4,0,4,20,0
night,planner,skip,10737,2,1,4,17,22,7,18,0,7,20,0
night,planner,skip,10737,3,1,4,15,22,10,23,0,8,20,0
night,planner,skip,10737,4,1,5,9,22,12,29,6,9,20,0
night,planner,skip,10738,0,1,2,22,22,3,3,0,3,20,0
night,planner,skip,10738,1,1,2,19,22,4,8,0,4,20,0
night,planner,skip,10738,2,1,3,21,22,10,17,0,6,20,0
night,planner,skip,10738,3,1,4,22,22,7,25,0,8,20,0
night,planner,skip,10738,4,1,4,19,22,12,34,6,8,20,0
night,planner,skip,10739,0,1,2,22,22,3,3,0,4,20,0
night,planner,skip,10739,1,1,2,10,22,9,4,4,4,20,0
night,planner,skip,10739,2,1,4,7,22,11,12,0,7,20,0
night,planner,skip,10739,3,1,4,16,22,10,22,0,8,20,0
night,planner,skip,10739,4,1,5,20,22,9,40,6,10,20,0
night,planner,skip,10740,0,1,2,22,22,3,3,0,3,20,0
night,planner,skip,10740,1,1,2,19,22,4,8,0,4,20,0
night,planner,skip,10740,2,1,4,14,22,8,16,0,7,20,0
night,planner,skip,10740,3,1,4,4,22,13,15,0,8,20,0
night,planner,skip,10740,4,1,4,10,22,15,28,10,8,20,0
night,planner,skip,10741,0,1,2,20,22,3,5,0,3,20,0
night,planner,skip,10741,1,1,2,12,22,7,4,0,4,20,0
night,planner,skip,10741,2,1,3,18,22,10,14,0,6,20,0
night,planner,skip,10741,3,1,4,10,22,10,14,0,8,20,0
night,planner,skip,10741,4,1,4,19,22,8,40,10,8,20,0
night,planner,skip,10742,0,1,2,22,22,0,0,0,4,20,0
night,planner,skip,10742,1,1,2,8,22,7,0,0,4,20,0
night,planner,skip,10742,2,1,4,7,22,11,12,0,7,20,0
night,planner,skip,10742,3,1,4,15,22,10,23,0,8,20,0
night,planner,skip,10742,4,1,5,13,22,11,38,10,10,20,0
night,planner,skip,10743,0,1,2,22,22,3,3,0,4,20,0
night,planner,skip,10743,1,1,2,12,22,7,4,0,4,20,0
night,planner,skip,10743,2,1,4,17,22,7,18,0,7,20,0
night,planner,skip,10743,3,1,5,11,22,9,30,0,9,20,0
night,planner,skip,10743,4,1,4,19,22,12,33,6,8,20,0
night,planner,skip,10744,0,1,2,22,22,3,3,0,4,20,0
night,planner,skip,10744,1,1,2,18,22,7,5,0,4,20,0
night,planner,skip,10744,2,1,4,13,22,8,15,0,7,20,0
night,planner,skip,10744,3,1,4,22,22,7,23,0,8,20,0
night,planner,skip,10744,4,1,5,20,22,9,40,4,10,20,0
night,planner,skip,10745,0,1,2,22,22,3,3,0,4,20,0
night,planner,skip,10745,1,1,2,14,22,7,5,0,4,20,0
night,planner,skip,10745,2,1,3,18,22,10,14,0,6,20,0
night,planner,skip,10745,3,1,4,20,22,7,25,0,8,20,0
night,planner,skip,10745,4,1,5,19,22,6,39,0,9,20,0
night,planner,skip,10746,0,1,2,22,22,3,3,0,4,20,0
night,planner,skip,10746,1,1,2,14,22,7,6,0,4,20,0
night,planner,skip,10746,2,1,3,14,22,10,10,0,6,20,0
night,planner,skip,10746,3,1,5,17,22,6,33,0,9,20,0
night,planner,skip,10746,4,1,5,21,22,8,39,6,9,20,0
night,planner,skip,10747,0,1,2,13,22,6,1,0,3,20,0
night,planner,skip,10747,1,1,2,10,22,9,4,4,4,20,0
night,planner,skip,10747,2,1,3,18,22,8,12,0,6,20,0
night,planner,skip,10747,3,1,4,17,22,10,23,0,8,20,0
night,planner,skip,10747,4,1,4,18,22,12,28,6,8,20,0
night,planner,skip,10748,0,1,2,22,22,3,3,0,3,20,0
night,planner,skip,10748,1,1,2,9,22,10,4,4,4,20,0
night,planner,skip,10748,2,1,4,14,22,8,16,0,7,20,0
night,planner,skip,10748,3,1,4,9,22,10,17,0,8,20,0
night,planner,skip,10748,4,1,5,17,22,8,36,4,10,20,0
night,planner,skip,10749,0,1,2,22,22,3,3,0,4,20,0
night,planner,skip,10749,1,1,2,20,22,4,8,0,4,20,0
night,planner,skip,10749,2,1,4,9,22,10,13,0,7,20,0
night,planner,skip,10749,3,1,4,17,22,7,22,0,8,20,0
night,planner,skip,10749,4,1,5,22,22,5,35,8,10,20,0
night,planner,skip,10750,0,1,2,22,22,3,3,0,4,20,0
night,planner,skip,10750,1,1,2,19,22,4,8,0,4,20,0
night,planner,skip,10750,2,1,3,21,22,8,14,0,6,20,0
night,planner,skip,10750,3,1,4,7,22,13,18,0,8,20,0
night,planner,skip,10750,4,1,5,9,22,10,35,0,9,20,0
night,planner,skip,10751,0,1,2,20,22,0,2,0,3,20,0
night,planner,skip,10751,1,1,2,19,22,4,8,0,4,20,0
night,planner,skip,10751,2,1,3,18,22,10,14,0,6,20,0
night,planner,skip,10751,3,1,4,22,22,6,26,0,8,20,0
night,planner,skip,10751,4,1,4,21,22,12,33,6,8,20,0
night,planner,skip,10752,0,1,2,22,22,3,3,0,3,20,0
night,planner,skip,10752,1,1,2,12,22,7,4,0,4,20,0
night,planner,skip,10752,2,1,4,7,22,11,12,0,7,20,0
night,planner,skip,10752,3,1,4,10,22,10,16,0,8,20,0
night,planner,skip,10752,4,1,4,10,22,13,22,4,8,20,0
night,planner,skip,10753,0,1,2,19,22,3,4,0,3,20,0
night,planner,skip,10753,1,1,2,12,22,7,4,0,4,20,0
night,planner,skip,10753,2,1,3,12,22,11,9,0,6,20,0
night,planner,skip,10753,3,1,4,22,22,7,23,0,8,20,0
night,planner,skip,10753,4,1,4,11,22,9,33,8,8,20,0
night,planner,skip,10754,0,1,2,20,22,3,5,0,3,20,0
night,planner,skip,10754,1,1,2,15,22,6,6,0,4,20,0
night,planner,skip,10754,2,1,3,12,22,11,9,0,6,20,0
night,planner,skip,10754,3,1,4,16,22,10,22,0,8,20,0
night,planner,skip,10754,4,1,4,11,22,13,26,4,8,20,0
night,planner,skip,10755,0,1,2,22,22,0,0,0,4,20,0
night,planner,skip,10755,1,1,2,12,22,7,4,0,4,20,0
night,planner,skip,10755,2,1,4,7,22,11,12,0,7,20,0
night,planner,skip,10755,3,1,4,17,22,7,20,0,8,20,0
night,planner,skip,10755,4,1,5,7,22,10,33,10,9,20,0
night,planner,skip,10756,0,1,2,20,22,0,2,0,3,20,0
night,planner,skip,10756,1,1,2,8,22,10,3,0,4,20,0
night,planner,skip,10756,2,1,3,18,22,10,14,0,6,20,0
night,planner,skip,10756,3,1,4,10,22,10,22,0,8,20,0
night,planner,skip,10756,4,0,4,0,22,11,28,6,8,20,0
night,planner,skip,10757,0,1,2,19,22,3,4,0,3,20,0
night,planner,skip,10757,1,1,2,22,22,4,6,0,4,20,0
night,planner,skip,10757,2,1,3,18,22,10,14,0,6,20,0
night,planner,skip,10757,3,1,4,16,22,10,22,0,8,20,0
night,planner,skip,10757,4,1,5,19,22,8,37,4,9,20,0
night,planner,skip,10758,0,1,2,20,22,0,2,0,3,20,0
night,planner,skip,10758,1,1,2,19,22,4,8,0,4,20,0
night,planner,skip,10758,2,1,3,22,22,4,20,0,6,20,0
night,planner,skip,10758,3,1,4,20,22,7,21,0,8,20,0
night,planner,skip,10758,4,1,5,19,22,9,42,8,10,20,0
night,planner,skip,10759,0,1,2,22,22,0,0,0,4,20,0
night,planner,skip,10759,1,1,2,15,22,6,6,0,4,20,0
night,planner,skip,10759,2,1,3,9,22,14,9,0,6,20,0
night,planner,skip,10759,3,1,4,21,22,7,26,0,8,20,0
night,planner,skip,10759,4,1,4,11,22,11,31,10,8,20,0
night,planner,skip,10760,0,1,2,20,22,3,5,0,3,20,0
night,planner,skip,10760,1,1,2,19,22,4,8,0,4,20,0
night,planner,skip,10760,2,1,3,18,22,10,14,0,6,20,0
night,planner,skip,10760,3,1,4,14,22,10,22,0,8,20,0
night,planner,skip,10760,4,1,4,8,22,9,26,0,7,20,0
night,planner,skip,10761,0,1,2,22,22,3,3,0,3,20,0
night,planner,skip,10761,1,1,2,19,22,4,8,0,4,20,0
night,planner,skip,10761,2,1,3,15,22,11,12,0,6,20,0
night,planner,skip,10761,3,1,4,14,22,10,22,0,8,20,0
night,planner,skip,10761,4,1,4,9,22,14,28,10,8,20,0
night,planner,skip,10762,0,1,2,20,22,0,2,0,3,20,0
night,planner,skip,10762,1,1,2,9,22,10,4,4,4,20,0
night,planner,skip,10762,2,1,3,15,22,11,12,0,6,20,0
night,planner,skip,10762,3,1,4,16,22,10,22,0,8,20,0
night,planner,skip,10762,4,1,4,20,22,10,32,4,8,20,0
night,planner,skip,10763,0,1,2,22,22,0,2,0,3,20,0
night,planner,skip,10763,1,1,2,19,22,4,8,0,4,20,0
night,planner,skip,10763,2,1,3,16,22,11,12,0,6,20,0
night,planner,skip,10763,3,1,4,17,22,7,22,0,8,20,0
night,planner,skip,10763,4,1,5,22,22,7,40,8,10,20,0
night,planner,skip,10764,0,1,2,22,22,0,0,0,3,20,0
night,planner,skip,10764,1,1,2,19,22,4,8,0,4,20,0
night,planner,skip,10764,2,1,4,17,22,7,18,0,7,20,0
night,planner,skip,10764,3,1,4,18,22,7,25,0,8,20,0
night,planner,skip,10764,4,1,5,19,22,5,33,4,9,20,0
night,planner,skip,10765,0,1,2,22,22,3,3,0,3,20,0
night,planner,skip,10765,1,1,2,19,22,4,8,0,4,20,0
night,planner,skip,10765,2,1,3,10,22,14,9,0,6,20,0
night,planner,skip,10765,3,1,4,9,22,13,18,0,8,20,0
night,planner,skip,10765,4,1,5,15,22,7,32,8,9,20,0
night,planner,skip,10766,0,1,2,22,22,3,3,0,3,20,0
night,planner,skip,10766,1,1,2,3,22,12,0,4,4,20,0
night,planner,skip,10766,2,1,4,3,22,13,10,0,7,20,0
night,planner,skip,10766,3,1,4,9,22,10,17,0,8,20,0
night,planner,skip,10766,4,1,5,14,22,7,37,4,10,20,0
night,planner,skip,10767,0,1,2,22,22,3,3,0,3,20,0
night,planner,skip,10767,1,1,2,19,22,4,8,0,4,20,0
night,planner,skip,10767,2,1,4,12,22,10,16,0,7,20,0
night,planner,skip,10767,3,1,4,17,22,7,20,0,8,20,0
night,planner,skip,10767,4,1,5,22,22,5,35,4,9,20,0
night,planner,skip,10768,0,1,2,22,22,3,3,0,3,20,0
night,planner,skip,10768,1,1,2,19,22,4,8,0,4,20,0
night,planner,skip,10768,2,1,4,11,22,10,15,0,7,20,0
night,planner,skip,10768,3,1,4,10,22,10,18,0,8,20,0
night,planner,skip,10768,4,1,4,11,22,14,28,6,8,20,0
night,planner,skip,10769,0,1,2,19,22,3,0,0,3,20,0
night,planner,skip,10769,1,1,2,10,22,9,4,4,4,20,0
night,planner,skip,10769,2,1,3,15,22,11,12,0,6,20,0
night,planner,skip,10769,3,1,4,9,22,10,17,0,8,20,0
night,planner,skip,10769,4,1,5,10,22,11,31,10,9,20,0
night,planner,skip,10770,0,1,2,22,22,3,5,0,3,20,0
night,planner,skip,10770,1,1,2,19,22,4,8,0,4,20,0
night,planner,skip,10770,2,1,3,15,22,11,12,0,6,20,0
night,planner,skip,10770,3,0,3,0,22,10,12,0,6,20,0
night,planner,skip,10770,4,1,5,15,22,9,38,4,10,20,0
night,planner,skip,10771,0,1,2,22,22,3,3,0,4,20,0
night,planner,skip,10771,1,1,2,19,22,4,8,0,4,20,0
night,planner,skip,10771,2,1,4,14,22,8,16,0,7,20,0
night,planner,skip,10771,3,1,4,14,22,10,22,0,8,20,0
night,planner,skip,10771,4,1,5,5,22,13,29,10,9,20,0
night,planner,skip,10772,0,1,2,19,22,3,4,0,3,20,0
night,planner,skip,10772,1,1,2,10,22,9,4,4,4,20,0
night,planner,skip,10772,2,1,4,11,22,7,12,0,7,20,0
night,planner,skip,10772,3,0,3,0,22,13,6,0,6,20,0
night,planner,skip,10772,4,1,4,20,22,10,29,10,8,20,0
night,planner,skip,10773,0,1,2,19,22,3,4,0,3,20,0
night,planner,skip,10773,1,1,2,19,22,4,8,0,4,20,0
night,planner,skip,10773,2,1,3,15,22,11,12,0,6,20,0
night,planner,skip,10773,3,1,4,5,22,10,17,0,8,20,0
night,planner,skip,10773,4,1,5,16,22,11,39,6,9,20,0
night,planner,skip,10774,0,1,2,22,22,3,3,0,4,20,0
night,planner,skip,10774,1,1,2,20,22,4,8,0,4,20,0
night,planner,skip,10774,2,1,3,18,22,10,14,0,6,20,0
night,planner,skip,10774,3,1,4,20,22,8,24,0,8,20,0
night,planner,skip,10774,4,1,5,19,22,9,42,6,10,20,0
night,planner,skip,10775,0,1,2,22,22,0,0,0,4,20,0
night,planner,skip,10775,1,1,2,19,22,4,8,0,4,20,0
night,planner,skip,10775,2,1,3,11,22,11,8,0,6,20,0
night,planner,skip,10775,3,1,4,10,22,10,18,0,8,20,0
night,planner,skip,10775,4,1,5,21,22,6,41,0,9,20,0
night,planner,skip,10776,0,1,2,22,22,0,0,0,3,20,0
night,planner,skip,10776,1,1,2,19,22,4,8,0,4,20,0
night,planner,skip,10776,2,1,3,15,22,11,12,0,6,20,0
night,planner,skip,10776,3,1,4,22,22,6,26,0,8,20,0
night,planner,skip,10776,4,0,3,0,22,9,21,14,6,20,0
night,planner,skip,10777,0,1,2,22,22,3,3,0,3,20,0
night,planner,skip,10777,1,1,2,7,22,10,2,0,4,20,0
night,planner,skip,10777,2,1,4,10,22,10,14,0,7,20,0
night,planner,skip,10777,3,1,4,10,22,10,22,0,8,20,0
night,planner,skip,10777,4,1,5,21,22,9,42,6,10,20,0
night,planner,skip,10778,0,1,2,22,22,3,3,0,4,20,0
night,planner,skip,10778,1,1,2,15,22,6,6,0,4,20,0
night,planner,skip,10778,2,1,3,21,22,8,15,0,6,20,0
night,planner,skip,10778,3,1,4,15,22,10,23,0,8,20,0
night,planner,skip,10778,4,1,4,18,22,8,39,6,8,20,0
night,planner,skip,10779,0,1,2,20,22,3,5,0,3,20,0
night,planner,skip,10779,1,1,2,13,22,7,5,0,4,20,0
night,planner,skip,10779,2,1,3,18,22,8,12,0,6,20,0
night,planner,skip,10779,3,1,4,17,22,10,21,0,8,20,0
night,planner,skip,10779,4,1,5,22,22,6,42,8,10,20,0
night,planner,skip,10780,0,1,2,22,22,3,3,0,3,20,0
night,planner,skip,10780,1,1,2,9,22,6,0,0,4,20,0
night,planner,skip,10780,2,1,3,18,22,10,14,0,6,20,0
night,planner,skip,10780,3,1,4,9,22,13,18,0,8,20,0
night,planner,skip,10780,4,0,3,0,22,11,16,6,6,20,0
night,planner,skip,10781,0,1,2,18,22,6,2,0,3,20,0
night,planner,skip,10781,1,1,2,12,22,7,4,0,4,20,0
night,planner,skip,10781,2,1,3,15,22,11,12,0,6,20,0
night,planner,skip,10781,3,1,4,19,22,7,26,0,8,20,0
night,planner,skip,10781,4,1,4,12,22,14,29,12,8,20,0
night,planner,skip,10782,0,1,2,13,22,6,1,0,3,20,0
night,planner,skip,10782,1,1,2,9,22,6,0,0,4,20,0
night,planner,skip,10782,2,1,4,13,22,8,15,0,7,20,0
night,planner,skip,10782,3,1,4,13,22,10,23,0,8,20,0
night,planner,skip,10782,4,1,5,15,22,9,40,6,10,20,0
night,planner,skip,10783,0,1,2,22,22,3,3,0,4,20,0
night,planner,skip,10783,1,1,2,13,22,10,3,0,4,20,0
night,planner,skip,10783,2,1,4,10,22,10,14,0,7,20,0
night,planner,skip,10783,3,1,4,10,22,10,16,0,8,20,0
night,planner,skip,10783,4,1,5,17,22,8,38,6,9,20,0
night,planner,skip,10784,0,1,2,22,22,0,2,0,3,20,0
night,planner,skip,10784,1,1,2,19,22,4,8,0,4,20,0
night,planner,skip,10784,2,1,4,4,22,10,8,0,7,20,0
night,planner,skip,10784,3,1,4,7,22,13,18,0,8,20,0
night,planner,skip,10784,4,1,5,14,22,5,34,4,9,20,0
night,planner,skip,10785,0,1,2,20,22,3,5,0,3,20,0
night,planner,skip,10785,1,1,2,12,22,7,4,0,4,20,0
night,planner,skip,10785,2,1,3,18,22,10,14,0,6,20,0
night,planner,skip,10785,3,1,4,10,22,10,18,0,8,20,0
night,planner,skip,10785,4,1,4,22,22,9,34,6,8,20,0
night,planner,skip,10786,0,1,2,22,22,3,3,0,3,20,0
night,planner,skip,10786,1,1,2,19,22,4,8,0,4,20,0
night,planner,skip,10786,2,1,3,18,22,10,14,0,6,20,0
night,planner,skip,10786,3,1,4,17,22,7,26,0,8,20,0
night,planner,skip,10786,4,1,5,15,22,11,37,10,9,20,0
night,planner,skip,10787,0,1,2,22,22,0,0,0,4,20,0
night,planner,skip,10787,1,1,2,12,22,7,4,0,4,20,0
night,planner,skip,10787,2,1,3,21,22,8,15,0,6,20,0
night,planner,skip,10787,3,1,4,17,22,10,23,0,8,20,0
night,planner,skip,10787,4,1,4,10,22,10,32,10,8,20,0
night,planner,skip,10788,0,1,2,13,22,6,1,0,3,20,0
night,planner,skip,10788,1,1,2,14,22,7,6,0,4,20,0
night,planner,skip,10788,2,1,4,7,22,11,12,0,7,20,0
night,planner,skip,10788,3,1,4,17,22,7,22,0,8,20,0
night,planner,skip,10788,4,0,2,0,22,11,5,6,4,20,0
night,planner,skip,10789,0,1,2,18,22,6,2,0,3,20,0
night,planner,skip,10789,1,1,2,20,22,4,8,0,4,20,0
night,planner,skip,10789,2,1,4,17,22,7,18,0,7,20,0
night,planner,skip,10789,3,1,4,17,22,7,22,0,8,20,0
night,planner,skip,10789,4,1,4,16,22,8,34,6,8,20,0
night,planner,skip,10790,0,1,2,22,22,0,0,0,4,20,0
night,planner,skip,10790,1,1,2,15,22,6,6,0,4,20,0
night,planner,skip,10790,2,1,4,12,22,8,14,0,7,20,0
night,planner,skip,10790,3,1,4,17,22,10,23,0,8,20,0
night,planner,skip,10790,4,1,5,22,22,10,43,10,10,20,0
night,planner,skip,10791,0,1,2,22,22,3,3,0,3,20,0
night,planner,skip,10791,1,1,2,7,22,10,2,0,4,20,0
night,planner,skip,10791,2,1,3,21,22,10,17,0,6,20,0
night,planner,skip,10791,3,1,4,15,22,10,23,0,8,20,0
night,planner,skip,10791,4,1,4,19,22,7,38,10,8,20,0
night,planner,skip,10792,0,1,2,22,22,0,0,0,3,20,0
night,planner,skip,10792,1,1,2,12,22,7,4,0,4,20,0
night,planner,skip,10792,2,1,4,17,22,7,18,0,7,20,0
night,planner,skip,10792,3,1,4,13,22,10,23,0,8,20,0
night,planner,skip,10792,4,1,5,13,22,10,37,10,9,20,0
night,planner,skip,10793,0,1,2,21,22,3,4,0,3,20,0
night,planner,skip,10793,1,1,2,9,22,6,0,0,4,20,0
night,planner,skip,10793,2,1,3,15,22,11,12,0,6,20,0
night,planner,skip,10793,3,1,4,15,22,10,23,0,8,20,0
night,planner,skip,10793,4,1,5,21,22,6,44,4,10,20,0
night,planner,skip,10794,0,1,2,22,22,3,3,0,4,20,0
night,planner,skip,10794,1,1,2,14,22,7,6,0,4,20,0
night,planner,skip,10794,2,1,3,18,22,10,14,0,6,20,0
night,planner,skip,10794,3,1,4,17,22,7,22,0,8,20,0
night,planner,skip,10794,4,1,4,22,22,12,29,6,8,20,0
night,planner,skip,10795,0,1,2,22,22,3,3,0,3,20,0
night,planner,skip,10795,1,1,2,12,22,7,4,0,4,20,0
night,planner,skip,10795,2,1,3,15,22,11,12,0,6,20,0
night,planner,skip,10795,3,0,2,0,22,10,2,0,4,20,0
night,planner,skip,10795,4,1,4,17,22,11,31,6,8,20,0
night,planner,skip,10796,0,1,2,22,22,0,0,0,4,20,0
night,planner,skip,10796,1,1,2,17,22,7,4,0,4,20,0
night,planner,skip,10796,2,1,3,12,22,11,9,0,6,20,0
night,planner,skip,10796,3,1,4,14,22,10,22,0,8,20,0
night,planner,skip,10796,4,1,5,15,22,8,37,6,9,20,0
night,planner,skip,10797,0,1,2,22,22,0,0,0,4,20,0
night,planner,skip,10797,1,1,2,13,22,7,4,0,4,20,0
night,planner,skip,10797,2,1,4,12,22,8,14,0,7,20,0
night,planner,skip,10797,3,1,4,12,22,10,22,0,8,20,0
night,planner,skip,10797,4,1,5,16,22,9,40,6,10,20,0
night,planner,skip,10798,0,1,2,22,22,0,0,0,4,20,0
night,planner,skip,10798,1,1,2,8,22,10,3,0,4,20,0
night,planner,skip,10798,2,1,3,15,22,11,12,0,6,20,0
night,planner,skip,10798,3,1,4,17,22,10,23,0,8,20,0
night,planner,skip,10798,4,1,5,22,22,6,39,0,9,20,0
night,planner,skip,10799,0,1,2,22,22,3,3,0,3,20,0
night,planner,skip,10799,1,1,2,19,22,4,8,0,4,20,0
night,planner,skip,10799,2,1,3,15,22,11,12,0,6,20,0
night,planner,skip,10799,3,1,4,17,22,7,22,0,8,20,0
night,planner,skip,10799,4,1,5,18,22,3,35,0,8,20,0
night,planner,skip,10800,0,1,2,22,22,3,3,0,4,20,0
night,planner,skip,10800,1,1,2,14,22,7,6,0,4,20,0
night,planner,skip,10800,2,1,3,18,22,10,14,0,6,20,0
night,planner,skip,10800,3,1,4,15,22,10,23,0,8,20,0
night,planner,skip,10800,4,1,5,19,22,6,34,0,9,20,0
night,planner,skip,10801,0,1,2,22,22,0,0,0,4,20,0
night,planner,skip,10801,1,1,2,9,22,6,0,0,4,20,0
night,planner,skip,10801,2,1,3,21,22,10,17,0,6,20,0
night,planner,skip,10801,3,1,4,17,22,10,23,0,8,20,0
night,planner,skip,10801,4,1,5,12,22,8,36,6,9,20,0
night,planner,skip,10802,0,1,2,22,22,0,0,0,4,20,0
night,planner,skip,10802,1,1,2,12,22,7,4,0,4,20,0
night,planner,skip,10802,2,1,3,18,22,10,14,0,6,20,0
night,planner,skip,10802,3,0,4,0,22,9,14,0,8,20,0
night,planner,skip,10802,4,1,4,19,22,13,29,14,8,20,0
night,planner,skip,10803,0,1,2,22,22,0,0,0,4,20,0
night,planner,skip,10803,1,1,2,19,22,4,8,0,4,20,0
night,planner,skip,10803,2,1,3,15,22,11,12,0,6,20,0
night,planner,skip,10803,3,1,4,17,22,9,20,0,8,20,0
night,planner,skip,10803,4,1,5,15,22,10,41,10,10,20,0
night,planner,skip,10804,0,1,2,19,22,3,4,0,3,20,0
night,planner,skip,10804,1,1,2,19,22,4,8,0,4,20,0
night,planner,skip,10804,2,1,3,21,22,8,15,0,6,20,0
night,planner,skip,10804,3,0,4,0,22,10,18,0,8,20,0
night,planner,skip,10804,4,1,4,22,22,7,41,10,8,20,0
night,planner,skip,10805,0,1,2,22,22,0,0,0,3,20,0
night,planner,skip,10805,1,1,2,19,22,4,8,0,4,20,0
night,planner,skip,10805,2,1,3,21,22,10,17,0,6,20,0
night,planner,skip,10805,3,0,4,0,22,6,16,0,8,20,0
night,planner,skip,10805,4,1,4,20,22,8,38,6,8,20,0
night,planner,skip,10806,0,1,2,13,22,6,1,0,3,20,0
night,planner,skip,10806,1,1,2,14,22,7,6,0,4,20,0
night,planner,skip,10806,2,1,3,5,22,14,5,0,6,20,0
night,planner,skip,10806,3,1,4,14,22,10,22,0,8,20,0
night,planner,skip,10806,4,1,5,15,22,8,39,6,9,20,0
night,planner,skip,10807,0,1,2,22,22,3,3,0,3,20,0
night,planner,skip,10807,1,1,2,19,22,7,6,0,4,20,0
night,planner,skip,10807,2,1,3,15,22,11,12,0,6,20,0
night,planner,skip,10807,3,1,4,16,22,10,22,0,8,20,0
night,planner,skip,10807,4,1,4,11,22,14,28,6,8,20,0
night,planner,skip,10808,0,1,2,19,22,3,4,0,3,20,0
night,planner,skip,10808,1,1,2,14,22,7,5,0,4,20,0
night,planner,skip,10808,2,1,4,17,22,7,18,0,7,20,0
night,planner,skip,10808,3,1,4,22,22,6,24,0,8,20,0
night,planner,skip,10808,4,1,5,17,22,8,37,6,9,20,0
night,planner,skip,10809,0,1,2,22,22,3,3,0,3,20,0
night,planner,skip,10809,1,1,2,14,22,7,6,0,4,20,0
night,planner,skip,10809,2,1,4,17,22,7,18,0,7,20,0
night,planner,skip,10809,3,1,4,15,22,10,23,0,8,20,0
night,planner,skip,10809,4,1,4,22,22,12,31,6,8,20,0
night,planner,skip,10810,0,1,2,19,22,3,0,0,3,20,0
night,planner,skip,10810,1,1,2,19,22,4,8,0,4,20,0
night,planner,skip,10810,2,1,4,7,22,11,12,0,7,20,0
night,planner,skip,10810,3,1,4,10,22,10,18,0,8,20,0
night,planner,skip,10810,4,1,4,22,22,11,30,10,8,20,0
night,planner,skip,10811,0,1,2,22,22,0,0,0,4,20,0
night,planner,skip,10811,1,1,2,19,22,4,8,0,4,20,0
night,planner,skip,10811,2,1,3,18,22,8,12,0,6,20,0
night,planner,skip,10811,3,1,4,10,22,10,18,0,8,20,0
night,planner,skip,10811,4,1,4,20,22,12,29,14,8,20,0
night,planner,skip,10812,0,1,2,19,22,3,0,0,3,20,0
night,planner,skip,10812,1,1,2,12,22,7,4,0,4,20,0
night,planner,skip,10812,2,0,2,0,22,10,2,0,4,20,0
night,planner,skip,10812,3,1,4,14,22,10,22,0,8,20,0
night,planner,skip,10812,4,1,4,19,22,13,31,12,8,20,0
night,planner,skip,10813,0,1,2,21,22,3,4,0,3,20,0
night,planner,skip,10813,1,1,2,13,22,7,5,0,4,20,0
night,planner,skip,10813,2,1,3,14,22,10,10,0,6,20,0
night,planner,skip,10813,3,1,4,22,22,7,25,0,8,20,0
night,planner,skip,10813,4,1,4,3,22,16,18,4,8,20,0
night,planner,skip,10814,0,1,2,22,22,3,3,0,4,20,0
night,planner,skip,10814,1,1,2,19,22,4,8,0,4,20,0
night,planner,skip,10814,2,1,3,18,22,10,14,0,6,20,0
night,planner,skip,10814,3,1,4,17,22,7,24,0,8,20,0
night,planner,skip,10814,4,1,4,18,22,12,35,6,8,20,0
night,planner,skip,10815,0,1,2,22,22,3,3,0,3,20,0
night,planner,skip,10815,1,1,2,12,22,7,4,0,4,20,0
night,planner,skip,10815,2,1,3,15,22,11,12,0,6,20,0
night,planner,skip,10815,3,1,4,21,22,7,26,0,8,20,0
night,planner,skip,10815,4,1,4,17,22,12,31,6,8,20,0
night,planner,skip,10816,0,1,2,22,22,3,3,0,3,20,0
night,planner,skip,10816,1,1,2,19,22,4,8,0,4,20,0
night,planner,skip,10816,2,0,2,0,22,13,0,0,4,20,0
night,planner,skip,10816,3,1,4,20,22,7,21,0,8,20,0
night,planner,skip,10816,4,1,5,16,22,9,39,6,10,20,0
night,planner,skip,10817,0,1,2,22,22,0,0,0,4,20,0
night,planner,skip,10817,1,1,2,14,22,7,6,0,4,20,0
night,planner,skip,10817,2,1,3,15,22,11,12,0,6,20,0
night,planner,skip,10817,3,1,4,17,22,10,23,0,8,20,0
night,planner,skip,10817,4,0,5,0,22,7,27,0,8,20,0
night,planner,skip,10818,0,1,2,20,22,0,2,0,3,20,0
night,planner,skip,10818,1,1,2,12,22,7,4,0,4,20,0
night,planner,skip,10818,2,1,3,12,22,11,9,0,6,20,0
night,planner,skip,10818,3,1,4,5,22,10,11,0,8,20,0
night,planner,skip,10818,4,0,4,0,22,14,23,6,8,20,0
night,planner,skip,10819,0,1,2,22,22,3,3,0,4,20,0
night,planner,skip,10819,1,1,2,19,22,4,8,0,4,20,0
night,planner,skip,10819,2,1,3,15,22,11,12,0,6,20,0
night,planner,skip,10819,3,1,4,19,22,7,22,0,8,20,0
night,planner,skip,10819,4,1,4,10,22,11,25,4,8,20,0
night,planner,skip,10820,0,1,2,20,22,0,2,0,3,20,0
night,planner,skip,10820,1,1,2,19,22,4,8,0,4,20,0
night,planner,skip,10820,2,1,4,17,22,7,18,0,7,20,0
night,planner,skip,10820,3,1,4,22,22,7,23,0,8,20,0
night,planner,skip,10820,4,1,4,19,22,14,33,12,8,20,0
night,planner,skip,10821,0,1,2,22,22,3,3,0,3,20,0
night,planner,skip,10821,1,1,2,19,22,4,8,0,4,20,0
night,planner,skip,10821,2,1,3,15,22,11,12,0,6,20,0
night,planner,skip,10821,3,1,4,21,22,7,26,0,8,20,0
night,planner,skip,10821,4,1,4,14,22,12,26,4,8,20,0
night,planner,skip,10822,0,1,2,18,22,6,2,0,3,20,0
night,planner,skip,10822,1,1,2,9,22,6,0,0,4,20,0
night,planner,skip,10822,2,1,3,15,22,11,12,0,6,20,0
night,planner,skip,10822,3,0,2,0,22,10,2,0,4,20,0
night,planner,skip,10822,4,1,5,18,22,10,36,10,9,20,0
night,planner,skip,10823,0,1,2,21,22,3,4,0,3,20,0
night,planner,skip,10823,1,1,2,12,22,7,4,0,4,20,0
night,planner,skip,10823,2,0,2,0,22,10,3,0,4,20,0
night,planner,skip,10823,3,1,4,17,22,7,22,0,8,20,0
night,planner,skip,10823,4,1,5,15,22,9,32,0,8,20,0
night,planner,skip,10824,0,1,2,19,22,6,3,0,3,20,0
night,planner,skip,10824,1,1,2,19,22,4,8,0,4,20,0
night,planner,skip,10824,2,1,3,15,22,11,12,0,6,20,0
night,planner,skip,10824,3,1,4,10,22,10,18,0,8,20,0
night,planner,skip,10824,4,1,4,6,22,17,25,6,8,20,0
night,planner,skip,10825,0,1,2,22,22,3,3,0,3,20,0
night,planner,skip,10825,1,1,2,13,22,7,5,0,4,20,0
night,planner,skip,10825,2,1,3,17,22,9,12,0,6,20,0
night,planner,skip,10825,3,1,4,14,22,10,22,0,8,20,0
night,planner,skip,10825,4,1,5,16,22,8,35,4,9,20,0
night,planner,skip,10826,0,1,2,22,22,3,3,0,4,20,0
night,planner,skip,10826,1,1,2,22,22,4,6,0,4,20,0
night,planner,skip,10826,2,1,3,15,22,11,12,0,6,20,0
night,planner,skip,10826,3,1,4,20,22,10,22,0,8,20,0
night,planner,skip,10826,4,1,5,22,22,8,40,6,10,20,0
night,planner,skip,10827,0,1,2,22,22,3,3,0,3,20,0
night,planner,skip,10827,1,1,2,15,22,6,6,0,4,20,0
night,planner,skip,10827,2,0,2,0,22,10,2,0,4,20,0
night,planner,skip,10827,3,1,4,15,22,10,23,0,8,20,0
night,planner,skip,10827,4,1,4,18,22,8,39,10,8,20,0
night,planner,skip,10828,0,1,2,22,22,3,3,0,3,20,0
night,planner,skip,10828,1,1,2,14,22,7,6,0,4,20,0
night,planner,skip,10828,2,1,4,10,22,7,11,0,7,20,0
night,planner,skip,10828,3,1,4,13,22,10,23,0,8,20,0
night,planner,skip,10828,4,1,4,7,22,15,22,6,8,20,0
night,planner,skip,10829,0,1,2,22,22,3,3,0,4,20,0
night,planner,skip,10829,1,1,2,19,22,4,8,0,4,20,0
night,planner,skip,10829,2,1,3,15,22,11,12,0,6,20,0
night,planner,skip,10829,3,1,4,10,22,10,18,0,8,20,0
night,planner,skip,10829,4,1,4,10,22,15,25,10,8,20,0
night,planner,skip,10830,0,1,2,20,22,3,5,0,3,20,0
night,planner,skip,10830,1,1,2,19,22,4,8,0,4,20,0
night,planner,skip,10830,2,1,3,15,22,11,12,0,6,20,0
night,planner,skip,10830,3,1,4,10,22,10,18,0,8,20,0
night,planner,skip,10830,4,1,4,8,22,14,25,4,8,20,0
night,planner,skip,10831,0,1,2,22,22,3,3,0,4,20,0
night,planner,skip,10831,1,1,2,19,22,4,8,0,4,20,0
night,planner,skip,10831,2,1,3,12,22,11,9,0,6,20,0
night,planner,skip,10831,3,1,4,16,22,11,21,0,8,20,0
night,planner,skip,10831,4,1,4,5,22,15,18,0,7,20,0
night,planner,skip,10832,0,1,2,22,22,3,3,0,4,20,0
night,planner,skip,10832,1,1,2,12,22,7,4,0,4,20,0
night,planner,skip,10832,2,0,2,0,22,10,2,0,4,20,0
night,planner,skip,10832,3,0,2,0,22,10,2,0,4,20,0
night,planner,skip,10832,4,1,4,9,22,11,27,6,7,20,0
night,planner,skip,10833,0,1,2,22,22,0,0,0,3,20,0
night,planner,skip,10833,1,1,2,13,22,7,4,0,4,20,0
night,planner,skip,10833,2,1,3,18,22,10,14,0,6,20,0
night,planner,skip,10833,3,1,4,15,22,10,23,0,8,20,0
night,planner,skip,10833,4,1,4,20,22,12,31,6,8,20,0
night,planner,skip,10834,0,1,2,19,22,3,4,0,3,20,0
night,planner,skip,10834,1,1,2,14,22,7,6,0,4,20,0
night,planner,skip,10834,2,1,3,21,22,10,17,0,6,20,0
night,planner,skip,10834,3,1,4,10,22,10,16,0,8,20,0
night,planner,skip,10834,4,0,2,0,22,9,8,4,4,20,0
night,planner,skip,10835,0,1,2,20,22,3,5,0,3,20,0
night,planner,skip,10835,1,1,2,9,22,6,0,0,4,20,0
night,planner,skip,10835,2,1,4,12,22,8,14,0,7,20,0
night,planner,skip,10835,3,1,4,17,22,7,22,0,8,20,0
night,planner,skip,10835,4,1,5,17,22,10,33,0,9,20,0
night,planner,skip,10836,0,1,2,18,22,3,3,0,3,20,0
night,planner,skip,10836,1,1,2,19,22,4,8,0,4,20,0
night,planner,skip,10836,2,1,3,15,22,11,12,0,6,20,0
night,planner,skip,10836,3,1,4,19,22,7,24,0,8,20,0
night,planner,skip,10836,4,1,4,9,22,12,24,4,8,20,0
night,planner,skip,10837,0,1,2,20,22,0,2,0,3,20,0
night,planner,skip,10837,1,1,2,12,22,7,4,0,4,20,0
night,planner,skip,10837,2,1,4,7,22,11,12,0,7,20,0
night,planner,skip,10837,3,1,4,16,22,10,22,0,8,20,0
night,planner,skip,10837,4,1,4,20,22,10,29,4,8,20,0
night,planner,skip,10838,0,1,2,22,22,0,0,0,3,20,0
night,planner,skip,10838,1,1,2,19,22,4,8,0,4,20,0
night,planner,skip,10838,2,1,3,15,22,11,12,0,6,20,0
night,planner,skip,10838,3,1,4,5,22,13,18,0,8,20,0
night,planner,skip,10838,4,1,4,13,22,11,27,6,8,20,0
night,planner,skip,10839,0,1,2,20,22,3,5,0,3,20,0
night,planner,skip,10839,1,1,2,10,22,9,4,4,4,20,0
night,planner,skip,10839,2,1,3,21,22,8,15,0,6,20,0
night,planner,skip,10839,3,1,4,21,22,7,26,0,8,20,0
night,planner,skip,10839,4,1,4,15,22,12,29,14,8,20,0
night,planner,skip,10840,0,1,2,18,22,6,2,0,3,20,0
night,planner,skip,10840,1,1,2,9,22,6,0,0,4,20,0
night,planner,skip,10840,2,1,4,7,22,10,11,0,7,20,0
night,planner,skip,10840,3,1,4,9,22,13,18,0,8,20,0
night,planner,skip,10840,4,1,4,13,22,10,30,10,8,20,0
night,planner,skip,10841,0,1,2,22,22,3,3,0,3,20,0
night,planner,skip,10841,1,1,2,19,22,4,8,0,4,20,0
night,planner,skip,10841,2,0,2,0,22,10,3,0,4,20,0
night,planner,skip,10841,3,0,2,0,22,10,2,0,4,20,0
night,planner,skip,10841,4,1,5,21,22,6,45,8,10,20,0
night,planner,skip,10842,0,1,2,20,22,3,5,0,3,20,0
night,planner,skip,10842,1,1,2,19,22,4,8,0,4,20,0
night,planner,skip,10842,2,1,3,12,22,11,9,0,6,20,0
night,planner,skip,10842,3,1,4,15,22,10,23,0,8,20,0
night,planner,skip,10842,4,1,4,15,22,8,36,6,8,20,0
night,planner,skip,10843,0,1,2,22,22,0,4,0,4,20,0
night,planner,skip,10843,1,1,2,15,22,6,6,0,4,20,0
night,planner,skip,10843,2,1,3,21,22,8,15,0,6,20,0
night,planner,skip,10843,3,1,4,15,22,10,23,0,8,20,0
night,planner,skip,10843,4,1,5,12,22,8,37,6,9,20,0
night,planner,skip,10844,0,1,2,22,22,3,3,0,3,20,0
night,planner,skip,10844,1,1,2,13,22,7,4,0,4,20,0
night,planner,skip,10844,2,1,4,10,22,7,11,0,7,20,0
night,planner,skip,10844,3,0,2,0,22,13,0,0,4,20,0
night,planner,skip,10844,4,1,5,22,22,4,36,8,10,20,0
night,planner,skip,10845,0,1,2,22,22,3,3,0,3,20,0
night,planner,skip,10845,1,1,2,19,22,4,8,0,4,20,0
night,planner,skip,10845,2,1,3,15,22,11,12,0,6,20,0
night,planner,skip,10845,3,1,4,18,22,10,22,0,8,20,0
night,planner,skip,10845,4,1,4,11,22,14,28,10,8,20,0
night,planner,skip,10846,0,1,2,22,22,3,3,0,3,20,0
night,planner,skip,10846,1,1,2,13,22,4,2,0,4,20,0
night,planner,skip,10846,2,1,4,10,22,10,14,0,7,20,0
night,planner,skip,10846,3,1,4,21,22,7,26,0,8,20,0
night,planner,skip,10846,4,1,4,19,22,12,31,6,8,20,0
night,planner,skip,10847,0,1,2,19,22,3,4,0,3,20,0
night,planner,skip,10847,1,1,2,10,22,9,4,4,4,20,0
night,planner,skip,10847,2,1,4,7,22,11,12,0,7,20,0
night,planner,skip,10847,3,1,4,10,22,10,18,0,8,20,0
night,planner,skip,10847,4,1,4,8,22,10,22,0,7,20,0
night,planner,skip,10848,0,1,2,22,22,0,0,0,3,20,0
night,planner,skip,10848,1,1,2,9,22,6,0,0,4,20,0
night,planner,skip,10848,2,1,4,8,22,10,12,0,7,20,0
night,planner,skip,10848,3,1,4,15,22,10,23,0,8,20,0
night,planner,skip,10848,4,1,5,17,22,8,36,6,9,20,0
night,planner,skip,10849,0,1,2,18,22,6,2,0,3,20,0
night,planner,skip,10849,1,1,2,19,22,4,8,0,4,20,0
night,planner,skip,10849,2,1,3,15,22,11,12,0,6,20,0
night,planner,skip,10849,3,1,4,17,22,10,23,0,8,20,0
night,planner,skip,10849,4,1,5,15,22,6,35,4,9,20,0
night,planner,skip,10850,0,1,2,22,22,3,3,0,3,20,0
night,planner,skip,10850,1,1,2,13,22,7,5,0,4,20,0
night,planner,skip,10850,2,1,3,15,22,11,12,0,6,20,0
night,planner,skip,10850,3,1,4,10,22,10,20,0,8,20,0
night,planner,skip,10850,4,1,4,20,22,11,31,10,8,20,0
night,planner,skip,10851,0,1,2,22,22,3,3,0,3,20,0
night,planner,skip,10851,1,1,2,10,22,9,4,4,4,20,0
night,planner,skip,10851,2,1,3,15,22,11,12,0,6,20,0
night,planner,skip,10851,3,1,4,19,22,7,24,0,8,20,0
night,planner,skip,10851,4,1,5,8,22,9,33,4,9,20,0
night,planner,skip,10852,0,1,2,22,22,3,3,0,3,20,0
night,planner,skip,10852,1,1,2,13,22,7,5,0,4,20,0
night,planner,skip,10852,2,1,3,21,22,8,15,0,6,20,0
night,planner,skip,10852,3,1,4,15,22,9,24,0,8,20,0
night,planner,skip,10852,4,0,3,0,22,6,19,0,5,20,0
night,planner,skip,10853,0,1,2,22,22,3,3,0,3,20,0
night,planner,skip,10853,1,1,2,7,22,10,2,0,4,20,0
night,planner,skip,10853,2,1,3,15,22,11,12,0,6,20,0
night,planner,skip,10853,3,1,4,20,22,7,25,0,8,20,0
night,planner,skip,10853,4,1,5,10,22,8,29,8,9,20,0
night,planner,skip,10854,0,1,2,20,22,0,2,0,3,20,0
night,planner,skip,10854,1,1,2,19,22,4,8,0,4,20,0
night,planner,skip,10854,2,1,3,15,22,11,12,0,6,20,0
night,planner,skip,10854,3,0,2,0,22,10,2,0,4,20,0
night,planner,skip,10854,4,1,4,13,22,10,35,10,8,20,0
night,planner,skip,10855,0,1,2,19,22,3,4,0,3,20,0
night,planner,skip,10855,1,1,2,12,22,7,4,0,4,20,0
night,planner,skip,10855,2,1,3,17,22,7,18,0,6,20,0
night,planner,skip,10855,3,1,4,15,22,10,23,0,8,20,0
night,planner,skip,10855,4,1,4,15,22,11,31,6,8,20,0
night,planner,skip,10856,0,1,2,22,22,0,0,0,4,20,0
night,planner,skip,10856,1,1,2,15,22,6,6,0,4,20,0
night,planner,skip,10856,2,1,4,4,22,10,8,0,7,20,0
night,planner,skip,10856,3,1,4,19,22,9,24,0,8,20,0
night,planner,skip,10856,4,1,5,22,22,6,38,4,9,20,0
night,planner,skip,10857,0,1,2,22,22,3,3,0,3,20,0
night,planner,skip,10857,1,1,2,9,22,10,4,4,4,20,0
night,planner,skip,10857,2,1,3,21,22,10,17,0,6,20,0
night,planner,skip,10857,3,1,4,8,22,10,22,0,8,20,0
night,planner,skip,10857,4,1,5,16,22,6,38,0,9,20,0
night,planner,skip,10858,0,1,2,22,22,3,3,0,3,20,0
night,planner,skip,10858,1,1,2,12,22,7,4,0,4,20,0
night,planner,skip,10858,2,1,3,7,22,13,6,0,6,20,0
night,planner,skip,10858,3,1,4,17,22,7,22,0,8,20,0
night,planner,skip,10858,4,1,4,7,22,13,32,6,8,20,0
night,planner,skip,10859,0,1,2,22,22,3,3,0,3,20,0
night,planner,skip,10859,1,1,2,19,22,4,8,0,4,20,0
night,planner,skip,10859,2,1,3,9,22,14,9,0,6,20,0
night,planner,skip,10859,3,1,4,22,22,7,25,0,8,20,0
night,planner,skip,10859,4,1,4,20,22,10,29,4,8,20,0
night,planner,skip,10860,0,1,2,22,22,3,3,0,3,20,0
night,planner,skip,10860,1,1,2,19,22,4,8,0,4,20,0
night,planner,skip,10860,2,1,3,12,22,11,9,0,6,20,0
night,planner,skip,10860,3,1,4,13,22,10,23,0,8,20,0
night,planner,skip,10860,4,1,5,22,22,10,42,12,10,20,0
night,planner,skip,10861,0,1,2,22,22,3,3,0,3,20,0
night,planner,skip,10861,1,1,2,10,22,9,4,4,4,20,0
night,planner,skip,10861,2,1,3,21,22,8,15,0,6,20,0
night,planner,skip,10861,3,1,4,17,22,7,22,0,8,20,0
night,planner,skip,10861,4,1,4,20,22,8,38,6,8,20,0
night,planner,skip,10862,0,1,2,19,22,6,3,0,3,20,0
night,planner,skip,10862,1,1,2,14,22,7,6,0,4,20,0
night,planner,skip,10862,2,1,3,15,22,11,12,0,6,20,0
night,planner,skip,10862,3,1,4,21,22,7,26,0,8,20,0
night,planner,skip,10862,4,1,5,17,22,7,38,0,9,20,0
night,planner,skip,10863,0,1,2,22,22,3,3,0,4,20,0
night,planner,skip,10863,1,1,2,19,22,4,8,0,4,20,0
night,planner,skip,10863,2,1,4,7,22,10,11,0,7,20,0
night,planner,skip,10863,3,1,4,12,22,10,18,0,8,20,0
night,planner,skip,10863,4,1,5,19,22,8,44,6,9,20,0
night,planner,skip,10864,0,1,2,22,22,0,0,0,3,20,0
night,planner,skip,10864,1,1,2,14,22,7,6,0,4,20,0
night,planner,skip,10864,2,1,4,13,22,8,15,0,7,20,0
night,planner,skip,10864,3,1,4,22,22,6,24,0,8,20,0
night,planner,skip,10864,4,1,5,15,22,10,39,4,9,20,0
night,planner,skip,10865,0,1,2,22,22,3,3,0,3,20,0
night,planner,skip,10865,1,1,2,12,22,7,4,0,4,20,0
night,planner,skip,10865,2,1,3,18,22,10,14,0,6,20,0
night,planner,skip,10865,3,1,4,16,22,10,22,0,8,20,0
night,planner,skip,10865,4,1,5,6,22,13,30,4,10,20,0
night,planner,skip,10866,0,1,2,22,22,0,0,0,4,20,0
night,planner,skip,10866,1,1,2,13,22,7,5,0,4,20,0
night,planner,skip,10866,2,1,3,18,22,10,14,0,6,20,0
night,planner,skip,10866,3,1,4,17,22,10,23,0,8,20,0
night,planner,skip,10866,4,1,4,1,22,16,18,4,8,20,0
night,planner,skip,10867,0,1,2,21,22,0,3,0,3,20,0
night,planner,skip,10867,1,1,2,14,22,7,6,0,4,20,0
night,planner,skip,10867,2,1,3,21,22,10,17,0,6,20,0
night,planner,skip,10867,3,1,4,9,22,13,18,0,8,20,0
night,planner,skip,10867,4,1,4,19,22,12,27,6,8,20,0
night,planner,skip,10868,0,1,2,21,22,3,4,0,3,20,0
night,planner,skip,10868,1,1,2,19,22,7,6,0,4,20,0
night,planner,skip,10868,2,1,3,14,22,10,10,0,6,20,0
night,planner,skip,10868,3,1,4,17,22,10,23,0,8,20,0
night,planner,skip,10868,4,1,4,22,22,8,35,6,8,20,0
night,planner,skip,10869,0,1,2,22,22,0,0,0,4,20,0
night,planner,skip,10869,1,1,2,19,22,4,8,0,4,20,0
night,planner,skip,10869,2,1,4,10,22,7,11,0,7,20,0
night,planner,skip,10869,3,0,3,0,22,6,8,0,6,20,0
night,planner,skip,10869,4,1,4,1,22,11,19,0,7,20,0
night,planner,skip,10870,0,1,2,22,22,3,3,0,4,20,0
night,planner,skip,10870,1,1,2,12,22,7,4,0,4,20,0
night,planner,skip,10870,2,1,3,12,22,11,9,0,6,20,0
night,planner,skip,10870,3,1,4,17,22,10,23,0,8,20,0
night,planner,skip,10870,4,1,4,18,22,12,30,6,8,20,0
night,planner,skip,10871,0,1,2,22,22,0,0,0,4,20,0
night,planner,skip,10871,1,1,2,7,22,10,2,0,4,20,0
night,planner,skip,10871,2,1,4,7,22,11,12,0,7,20,0
night,planner,skip,10871,3,1,4,19,22,7,22,0,8,20,0
night,planner,skip,10871,4,1,4,20,22,12,33,6,8,20,0
night,planner,skip,10872,0,1,2,20,22,0,2,0,3,20,0
night,planner,skip,10872,1,1,2,14,22,7,6,0,4,20,0
night,planner,skip,10872,2,1,3,15,22,11,12,0,6,20,0
night,planner,skip,10872,3,0,4,0,22,10,17,0,8,20,0
night,planner,skip,10872,4,1,4,18,22,12,33,6,8,20,0
night,planner,skip,10873,0,1,2,20,22,0,2,0,3,20,0
night,planner,skip,10873,1,1,2,9,22,6,0,0,4,20,0
night,planner,skip,10873,2,1,3,9,22,14,9,0,6,20,0
night,planner,skip,10873,3,0,2,0,22,10,2,0,4,20,0
night,planner,skip,10873,4,1,4,19,22,5,36,4,8,20,0
night,planner,skip,10874,0,1,2,20,22,3,5,0,3,20,0
night,planner,skip,10874,1,1,2,14,22,7,6,0,4,20,0
night,planner,skip,10874,2,1,3,14,22,7,15,0,6,20,0
night,planner,skip,10874,3,1,4,9,22,10,17,0,8,20,0
night,planner,skip,10874,4,1,4,21,22,11,34,10,8,20,0
night,planner,skip,10875,0,1,2,22,22,3,3,0,3,20,0
night,planner,skip,10875,1,1,2,19,22,4,8,0,4,20,0
night,planner,skip,10875,2,1,3,21,22,10,17,0,6,20,0
night,planner,skip,10875,3,1,4,12,22,10,22,0,8,20,0
night,planner,skip,10875,4,1,4,18,22,12,28,6,8,20,0
night,planner,skip,10876,0,1,2,19,22,3,4,0,3,20,0
night,planner,skip,10876,1,1,2,19,22,4,8,0,4,20,0
night,planner,skip,10876,2,1,3,21,22,10,17,0,6,20,0
night,planner,skip,10876,3,1,4,18,22,10,22,0,8,20,0
night,planner,skip,10876,4,1,4,22,22,9,32,6,8,20,0
night,planner,skip,10877,0,1,2,22,22,3,3,0,4,20,0
night,planner,skip,10877,1,1,2,14,22,7,6,0,4,20,0
night,planner,skip,10877,2,1,4,17,22,7,18,0,7,20,0
night,planner,skip,10877,3,0,2,0,22,10,2,0,4,20,0
night,planner,skip,10877,4,1,5,2,22,10,28,8,9,20,0
night,planner,skip,10878,0,1,2,19,22,3,4,0,3,20,0
night,planner,skip,10878,1,1,2,19,22,4,8,0,4,20,0
night,planner,skip,10878,2,1,3,9,22,14,9,0,6,20,0
night,planner,skip,10878,3,1,4,17,22,7,18,0,8,20,0
night,planner,skip,10878,4,1,5,7,22,12,30,4,9,20,0
night,planner,skip,10879,0,1,2,22,22,3,3,0,3,20,0
night,planner,skip,10879,1,1,2,13,22,7,5,0,4,20,0
night,planner,skip,10879,2,1,3,15,22,11,12,0,6,20,0
night,planner,skip,10879,3,1,4,17,22,10,23,0,8,20,0
night,planner,skip,10879,4,1,5,17,22,8,37,6,9,20,0
night,planner,skip,10880,0,1,2,20,22,0,2,0,3,20,0
night,planner,skip,10880,1,1,2,19,22,4,8,0,4,20,0
night,planner,skip,10880,2,1,3,7,22,13,6,0,6,20,0
night,planner,skip,10880,3,1,4,17,22,9,24,0,8,20,0
night,planner,skip,10880,4,1,4,13,22,12,27,6,8,20,0
night,planner,skip,10881,0,1,2,22,22,0,0,0,4,20,0
night,planner,skip,10881,1,1,2,19,22,4,8,0,4,20,0
night,planner,skip,10881,2,1,3,15,22,11,12,0,6,20,0
night,planner,skip,10881,3,1,4,22,22,7,25,0,8,20,0
night,planner,skip,10881,4,1,4,19,22,12,29,14,8,20,0
night,planner,skip,10882,0,1,2,19,22,3,4,0,3,20,0
night,planner,skip,10882,1,1,2,21,22,3,4,0,4,20,0
night,planner,skip,10882,2,1,3,18,22,10,14,0,6,20,0
night,planner,skip,10882,3,1,4,19,22,7,26,0,8,20,0
night,planner,skip,10882,4,1,4,13,22,8,33,6,8,20,0
night,planner,skip,10883,0,1,2,22,22,0,0,0,4,20,0
night,planner,skip,10883,1,1,2,15,22,6,6,0,4,20,0
night,planner,skip,10883,2,1,3,15,22,11,12,0,6,20,0
night,planner,skip,10883,3,1,4,14,22,10,22,0,8,20,0
night,planner,skip,10883,4,0,2,0,22,9,3,0,4,20,0
night,planner,skip,10884,0,1,2,22,22,3,3,0,4,20,0
night,planner,skip,10884,1,1,2,8,22,10,3,0,4,20,0
night,planner,skip,10884,2,0,2,0,22,10,2,0,4,20,0
night,planner,skip,10884,3,1,4,15,22,10,23,0,8,20,0
night,planner,skip,10884,4,1,4,22,22,9,34,6,8,20,0
night,planner,skip,10885,0,1,2,22,22,0,0,0,4,20,0
night,planner,skip,10885,1,1,2,19,22,4,8,0,4,20,0
night,planner,skip,10885,2,1,3,21,22,10,17,0,6,20,0
night,planner,skip,10885,3,1,4,17,22,9,24,0,8,20,0
night,planner,skip,10885,4,1,4,22,22,9,29,6,8,20,0
night,planner,skip,10886,0,1,2,22,22,3,3,0,4,20,0
night,planner,skip,10886,1,1,2,12,22,7,4,0,4,20,0
night,planner,skip,10886,2,1,3,15,22,11,12,0,6,20,0
night,planner,skip,10886,3,1,4,19,22,7,20,0,8,20,0
night,planner,skip,10886,4,1,4,22,22,11,28,6,8,20,0
night,planner,skip,10887,0,1,2,22,22,3,3,0,3,20,0
night,planner,skip,10887,1,1,2,15,22,6,6,0,4,20,0
night,planner,skip,10887,2,0,2,0,22,10,3,0,4,20,0
night,planner,skip,10887,3,1,4,17,22,10,23,0,8,20,0
night,planner,skip,10887,4,0,3,0,22,12,11,4,6,20,0
night,planner,skip,10888,0,1,2,22,22,0,0,0,3,20,0
night,planner,skip,10888,1,1,2,9,22,9,3,0,4,20,0
night,planner,skip,10888,2,1,3,12,22,13,11,0,6,20,0
night,planner,skip,10888,3,1,4,17,22,7,24,0,8,20,0
night,planner,skip,10888,4,1,4,22,22,12,34,6,8,20,0
night,planner,skip,10889,0,1,2,22,22,3,3,0,4,20,0
night,planner,skip,10889,1,1,2,22,22,4,6,0,4,20,0
night,planner,skip,10889,2,1,3,18,22,10,14,0,6,20,0
night,planner,skip,10889,3,1,4,17,22,10,23,0,8,20,0
night,planner,skip,10889,4,1,5,22,22,6,37,4,10,20,0
night,planner,skip,10890,0,1,2,20,22,0,0,0,3,20,0
night,planner,skip,10890,1,1,2,19,22,4,8,0,4,20,0
night,planner,skip,10890,2,1,3,15,22,11,12,0,6,20,0
night,planner,skip,10890,3,1,4,15,22,9,24,0,8,20,0
night,planner,skip,10890,4,1,4,21,22,12,31,6,8,20,0
night,planner,skip,10891,0,1,2,22,22,3,3,0,3,20,0
night,planner,skip,10891,1,1,2,9,22,6,0,0,4,20,0
night,planner,skip,10891,2,1,3,9,22,14,9,0,6,20,0
night,planner,skip,10891,3,1,4,9,22,10,23,0,8,20,0
night,planner,skip,10891,4,1,5,12,22,6,34,0,9,20,0
night,planner,skip,10892,0,1,2,22,22,3,3,0,3,20,0
night,planner,skip,10892,1,1,2,19,22,4,8,0,4,20,0
night,planner,skip,10892,2,1,4,12,22,8,14,0,7,20,0
night,planner,skip,10892,3,1,4,15,22,7,22,0,8,20,0
night,planner,skip,10892,4,1,5,17,22,7,38,0,9,20,0
night,planner,skip,10893,0,1,2,21,22,3,4,0,3,20,0
night,planner,skip,10893,1,1,2,13,22,7,5,0,4,20,0
night,planner,skip,10893,2,1,3,15,22,11,12,0,6,20,0
night,planner,skip,10893,3,1,4,10,22,10,14,0,8,20,0
night,planner,skip,10893,4,1,5,22,22,7,43,10,10,20,0
night,planner,skip,10894,0,1,2,22,22,3,3,0,3,20,0
night,planner,skip,10894,1,1,2,12,22,7,4,0,4,20,0
night,planner,skip,10894,2,1,3,18,22,10,14,0,6,20,0
night,planner,skip,10894,3,1,4,22,22,6,26,0,8,20,0
night,planner,skip,10894,4,1,5,11,22,12,32,4,9,20,0
night,planner,skip,10895,0,1,2,18,22,6,2,0,3,20,0
night,planner,skip,10895,1,1,2,16,22,3,4,0,4,20,0
night,planner,skip,10895,2,1,3,21,22,8,15,0,6,20,0
night,planner,skip,10895,3,1,4,14,22,10,22,0,8,20,0
night,planner,skip,10895,4,1,4,7,22,13,19,0,7,20,0
night,planner,skip,10896,0,1,2,19,22,3,4,0,3,20,0
night,planner,skip,10896,1,1,2,19,22,4,8,0,4,20,0
night,planner,skip,10896,2,1,3,18,22,10,14,0,6,20,0
night,planner,skip,10896,3,1,4,17,22,7,20,0,8,20,0
night,planner,skip,10896,4,1,5,22,22,6,42,4,10,20,0
night,planner,skip,10897,0,1,2,22,22,3,3,0,4,20,0
night,planner,skip,10897,1,1,2,12,22,7,4,0,4,20,0
night,planner,skip,10897,2,1,4,13,22,6,13,0,7,20,0
night,planner,skip,10897,3,1,4,15,22,10,23,0,8,20,0
night,planner,skip,10897,4,1,4,19,22,12,28,10,8,20,0
night,planner,skip,10898,0,1,2,19,22,3,4,0,3,20,0
night,planner,skip,10898,1,1,2,19,22,4,8,0,4,20,0
night,planner,skip,10898,2,1,3,12,22,11,9,0,6,20,0
night,planner,skip,10898,3,1,4,10,22,10,16,0,8,20,0
night,planner,skip,10898,4,1,4,12,22,12,26,8,8,20,0
night,planner,skip,10899,0,1,2,19,22,3,4,0,3,20,0
night,planner,skip,10899,1,1,2,12,22,7,4,0,4,20,0
night,planner,skip,10899,2,1,4,12,22,7,13,0,7,20,0
night,planner,skip,10899,3,1,4,17,22,10,23,0,8,20,0
night,planner,skip,10899,4,1,5,19,22,6,37,0,9,20,0
night,planner,skip,10900,0,1,2,20,22,3,5,0,3,20,0
night,planner,skip,10900,1,1,2,19,22,4,8,0,4,20,0
night,planner,skip,10900,2,1,3,10,22,14,9,0,6,20,0
night,planner,skip,10900,3,1,4,22,22,6,28,0,8,20,0
night,planner,skip,10900,4,1,5,22,22,7,43,10,10,20,0
night,planner,skip,10901,0,1,2,22,22,0,0,0,3,20,0
night,planner,skip,10901,1,1,2,9,22,6,0,0,4,20,0
night,planner,skip,10901,2,1,3,15,22,11,12,0,6,20,0
night,planner,skip,10901,3,1,4,15,22,10,23,0,8,20,0
night,planner,skip,10901,4,1,5,22,22,5,41,4,9,20,0
night,planner,skip,10902,0,1,2,22,22,0,0,0,4,20,0
night,planner,skip,10902,1,1,2,14,22,7,6,0,4,20,0
night,planner,skip,10902,2,1,4,14,22,8,16,0,7,20,0
night,planner,skip,10902,3,0,2,0,22,10,2,0,4,20,0
night,planner,skip,10902,4,0,3,0,22,9,21,6,6,20,0
night,planner,skip,10903,0,1,2,22,22,3,3,0,3,20,0
night,planner,skip,10903,1,1,2,12,22,7,4,0,4,20,0
night,planner,skip,10903,2,0,2,0,22,13,0,0,4,20,0
night,planner,skip,10903,3,1,4,17,22,10,23,0,8,20,0
night,planner,skip,10903,4,1,5,15,22,9,40,4,10,20,0
night,planner,skip,10904,0,1,2,22,22,0,0,0,3,20,0
night,planner,skip,10904,1,1,2,12,22,7,4,0,4,20,0
night,planner,skip,10904,2,1,3,21,22,8,15,0,6,20,0
night,planner,skip,10904,3,1,4,17,22,7,20,0,8,20,0
night,planner,skip,10904,4,1,4,10,22,13,23,0,7,20,0
night,planner,skip,10905,0,1,2,22,22,3,3,0,3,20,0
night,planner,skip,10905,1,1,2,9,22,6,0,0,4,20,0
night,planner,skip,10905,2,1,3,18,22,10,14,0,6,20,0
night,planner,skip,10905,3,1,4,17,22,10,23,0,8,20,0
night,planner,skip,10905,4,1,4,22,22,8,37,6,8,20,0
night,planner,skip,10906,0,1,2,22,22,0,0,0,3,20,0
night,planner,skip,10906,1,1,2,12,22,7,4,0,4,20,0
night,planner,skip,10906,2,1,4,7,22,11,12,0,7,20,0
night,planner,skip,10906,3,1,4,10,22,10,16,0,8,20,0
night,planner,skip,10906,4,1,4,2,22,15,17,4,8,20,0
night,planner,skip,10907,0,1,2,19,22,3,4,0,3,20,0
night,planner,skip,10907,1,1,2,14,22,7,6,0,4,20,0
night,planner,skip,10907,2,1,4,9,22,10,13,0,7,20,0
night,planner,skip,10907,3,1,4,13,22,10,23,0,8,20,0
night,planner,skip,10907,4,1,4,8,22,11,24,4,8,20,0
night,planner,skip,10908,0,1,2,19,22,3,4,0,3,20,0
night,planner,skip,10908,1,1,2,13,22,7,4,0,4,20,0
night,planner,skip,10908,2,0,2,0,22,10,3,0,4,20,0
night,planner,skip,10908,3,1,4,10,22,10,18,0,8,20,0
night,planner,skip,10908,4,1,5,11,22,8,35,4,9,20,0
night,planner,skip,10909,0,1,2,22,22,0,2,0,3,20,0
night,planner,skip,10909,1,1,2,19,22,4,8,0,4,20,0
night,planner,skip,10909,2,1,3,21,22,8,14,0,6,20,0
night,planner,skip,10909,3,1,4,17,22,10,23,0,8,20,0
night,planner,skip,10909,4,1,4,22,22,13,30,12,8,20,0
night,planner,skip,10910,0,1,2,22,22,0,2,0,3,20,0
night,planner,skip,10910,1,1,2,19,22,4,8,0,4,20,0
night,planner,skip,10910,2,0,2,0,22,10,2,0,4,20,0
night,planner,skip,10910,3,1,4,22,22,7,25,0,8,20,0
night,planner,skip,10910,4,1,4,17,22,12,32,6,8,20,0
night,planner,skip,10911,0,1,2,22,22,3,3,0,3,20,0
night,planner,skip,10911,1,1,2,7,22,10,2,0,4,20,0
night,planner,skip,10911,2,1,3,15,22,11,12,0,6,20,0
night,planner,skip,10911,3,1,4,12,22,10,22,0,8,20,0
night,planner,skip,10911,4,1,4,22,22,5,36,4,8,20,0
night,planner,skip,10912,0,1,2,22,22,3,3,0,3,20,0
night,planner,skip,10912,1,1,2,19,22,4,8,0,4,20,0
night,planner,skip,10912,2,1,3,9,22,14,9,0,6,20,0
night,planner,skip,10912,3,1,4,10,22,10,18,0,8,20,0
night,planner,skip,10912,4,1,5,16,22,9,40,6,10,20,0
night,planner,skip,10913,0,1,2,22,22,0,0,0,3,20,0
night,planner,skip,10913,1,1,2,17,22,7,4,0,4,20,0
night,planner,skip,10913,2,1,4,13,22,7,13,0,7,20,0
night,planner,skip,10913,3,1,4,17,22,10,23,0,8,20,0
night,planner,skip,10913,4,1,5,12,22,8,36,4,10,20,0
night,planner,skip,10914,0,1,2,22,22,3,3,0,3,20,0
night,planner,skip,10914,1,1,2,14,22,7,6,0,4,20,0
night,planner,skip,10914,2,1,3,9,22,14,9,0,6,20,0
night,planner,skip,10914,3,0,2,0,22,10,2,0,4,20,0
night,planner,skip,10914,4,1,5,22,22,6,42,0,9,20,0
night,planner,skip,10915,0,1,2,21,22,3,4,0,3,20,0
night,planner,skip,10915,1,1,2,19,22,4,8,0,4,20,0
night,planner,skip,10915,2,1,3,15,22,11,12,0,6,20,0
night,planner,skip,10915,3,1,4,19,22,7,26,0,8,20,0
night,planner,skip,10915,4,1,4,14,22,10,33,12,8,20,0
night,planner,skip,10916,0,1,2,22,22,3,3,0,4,20,0
night,planner,skip,10916,1,1,2,8,22,10,3,0,4,20,0
night,planner,skip,10916,2,1,3,15,22,11,12,0,6,20,0
night,planner,skip,10916,3,1,4,13,22,10,17,0,8,20,0
night,planner,skip,10916,4,1,5,16,22,9,39,6,10,20,0
night,planner,skip,10917,0,1,2,21,22,0,3,0,4,20,0
night,planner,skip,10917,1,1,2,15,22,6,6,0,4,20,0
night,planner,skip,10917,2,1,4,13,22,8,15,0,7,20,0
night,planner,skip,10917,3,1,4,15,22,10,23,0,8,20,0
night,planner,skip,10917,4,1,4,16,22,11,33,6,8,20,0
night,planner,skip,10918,0,1,2,22,22,0,0,0,3,20,0
night,planner,skip,10918,1,1,2,13,22,7,5,0,4,20,0
night,planner,skip,10918,2,1,3,15,22,11,12,0,6,20,0
night,planner,skip,10918,3,1,4,10,22,10,22,0,8,20,0
night,planner,skip,10918,4,1,4,19,22,11,31,6,8,20,0
night,planner,skip,10919,0,1,2,22,22,3,3,0,3,20,0
night,planner,skip,10919,1,1,2,12,22,7,4,0,4,20,0
night,planner,skip,10919,2,1,3,21,22,8,15,0,6,20,0
night,planner,skip,10919,3,0,4,0,22,9,14,0,8,20,0
night,planner,skip,10919,4,1,5,22,22,8,44,4,10,20,0
night,planner,skip,10920,0,1,2,19,22,6,3,0,3,20,0
night,planner,skip,10920,1,1,2,19,22,4,8,0,4,20,0
night,planner,skip,10920,2,1,3,15,22,11,12,0,6,20,0
night,planner,skip,10920,3,1,4,10,22,10,18,0,8,20,0
night,planner,skip,10920,4,1,4,15,22,12,29,14,8,20,0
night,planner,skip,10921,0,1,2,22,22,0,0,0,4,20,0
night,planner,skip,10921,1,1,2,20,22,4,8,0,4,20,0
night,planner,skip,10921,2,1,3,21,22,8,15,0,6,20,0
night,planner,skip,10921,3,1,4,10,22,10,18,0,8,20,0
night,planner,skip,10921,4,0,2,0,22,10,3,0,4,20,0
night,planner,skip,10922,0,1,2,22,22,0,0,0,3,20,0
night,planner,skip,10922,1,1,2,14,22,7,6,0,4,20,0
night,planner,skip,10922,2,1,3,15,22,11,12,0,6,20,0
night,planner,skip,10922,3,1,4,15,22,10,23,0,8,20,0
night,planner,skip,10922,4,1,4,21,22,8,34,6,8,20,0
night,planner,skip,10923,0,1,2,19,22,3,4,0,3,20,0
night,planner,skip,10923,1,1,2,19,22,4,8,0,4,20,0
night,planner,skip,10923,2,1,3,15,22,11,12,0,6,20,0
night,planner,skip,10923,3,1,4,17,22,10,23,0,8,20,0
night,planner,skip,10923,4,1,4,10,22,15,22,6,8,20,0
night,planner,skip,10924,0,1,2,18,22,6,2,0,3,20,0
night,planner,skip,10924,1,1,2,13,22,7,5,0,4,20,0
night,planner,skip,10924,2,1,3,18,22,10,14,0,6,20,0
night,planner,skip,10924,3,1,4,14,22,10,22,0,8,20,0
night,planner,skip,10924,4,1,4,18,22,12,28,6,8,20,0
night,planner,skip,10925,0,1,2,22,22,3,3,0,3,20,0
night,planner,skip,10925,1,1,2,15,22,6,6,0,4,20,0
night,planner,skip,10925,2,1,4,4,22,10,8,0,7,20,0
night,planner,skip,10925,3,1,4,5,22,10,15,0,8,20,0
night,planner,skip,10925,4,1,5,17,22,6,35,0,9,20,0
night,planner,skip,10926,0,1,2,22,22,3,3,0,4,20,0
night,planner,skip,10926,1,1,2,19,22,7,6,0,4,20,0
night,planner,skip,10926,2,1,4,13,22,8,15,0,7,20,0
night,planner,skip,10926,3,1,4,17,22,7,20,0,8,20,0
night,planner,skip,10926,4,0,3,0,22,9,12,4,6,20,0
night,planner,skip,10927,0,1,2,22,22,3,3,0,3,20,0
night,planner,skip,10927,1,1,2,12,22,7,4,0,4,20,0
night,planner,skip,10927,2,1,4,7,22,11,12,0,7,20,0
night,planner,skip,10927,3,0,2,0,22,10,2,0,4,20,0
night,planner,skip,10927,4,1,5,19,22,10,43,14,10,20,0
night,planner,skip,10928,0,1,2,22,22,3,3,0,4,20,0
night,planner,skip,10928,1,1,2,15,22,6,6,0,4,20,0
night,planner,skip,10928,2,1,3,15,22,11,12,0,6,20,0
night,planner,skip,10928,3,1,4,7,22,13,18,0,8,20,0
night,planner,skip,10928,4,1,4,19,22,11,31,6,8,20,0
night,planner,skip,10929,0,1,2,20,22,0,2,0,3,20,0
night,planner,skip,10929,1,1,2,13,22,7,5,0,4,20,0
night,planner,skip,10929,2,1,3,21,22,10,17,0,6,20,0
night,planner,skip,10929,3,1,4,9,22,10,17,0,8,20,0
night,planner,skip,10929,4,1,4,10,22,13,25,4,8,20,0
night,planner,skip,10930,0,1,2,20,22,0,2,0,3,20,0
night,planner,skip,10930,1,1,2,5,22,10,0,0,3,20,0
night,planner,skip,10930,2,1,3,15,22,11,12,0,6,20,0
night,planner,skip,10930,3,1,4,10,22,10,18,0,8,20,0
night,planner,skip,10930,4,1,4,11,22,14,28,6,8,20,0
night,planner,skip,10931,0,1,2,20,22,0,2,0,3,20,0
night,planner,skip,10931,1,1,2,12,22,7,4,0,4,20,0
night,planner,skip,10931,2,1,3,17,22,7,18,0,6,20,0
night,planner,skip,10931,3,0,3,0,22,13,9,0,6,20,0
night,planner,skip,10931,4,1,4,20,22,8,38,6,8,20,0
night,planner,skip,10932,0,1,2,22,22,3,3,0,3,20,0
night,planner,skip,10932,1,1,2,12,22,7,4,0,4,20,0
night,planner,skip,10932,2,1,3,18,22,10,14,0,6,20,0
night,planner,skip,10932,3,1,4,21,22,7,26,0,8,20,0
night,planner,skip,10932,4,1,4,7,22,9,26,0,7,20,0
night,planner,skip,10933,0,1,2,22,22,3,3,0,3,20,0
night,planner,skip,10933,1,1,2,19,22,4,8,0,4,20,0
night,planner,skip,10933,2,1,3,9,22,14,9,0,6,20,0
night,planner,skip,10933,3,1,4,17,22,7,22,0,8,20,0
night,planner,skip,10933,4,0,4,0,22,14,25,4,8,20,0
night,planner,skip,10934,0,1,2,22,22,3,3,0,3,20,0
night,planner,skip,10934,1,1,2,19,22,4,8,0,4,20,0
night,planner,skip,10934,2,1,3,21,22,8,14,0,6,20,0
night,planner,skip,10934,3,1,4,15,22,10,19,0,8,20,0
night,planner,skip,10934,4,1,4,11,22,8,31,6,8,20,0
night,planner,skip,10935,0,1,2,22,22,3,3,0,4,20,0
night,planner,skip,10935,1,1,2,12,22,7,4,0,4,20,0
night,planner,skip,10935,2,1,3,12,22,11,9,0,6,20,0
night,planner,skip,10935,3,1,4,10,22,10,16,0,8,20,0
night,planner,skip,10935,4,1,4,15,22,8,30,4,8,20,0
night,planner,skip,10936,0,1,2,19,22,3,4,0,3,20,0
night,planner,skip,10936,1,1,2,20,22,4,8,0,4,20,0
night,planner,skip,10936,2,1,4,13,22,8,15,0,7,20,0
night,planner,skip,10936,3,1,4,13,22,10,23,0,8,20,0
night,planner,skip,10936,4,1,4,18,22,12,30,10,8,20,0
night,planner,skip,10937,0,1,2,22,22,3,3,0,3,20,0
night,planner,skip,10937,1,1,2,19,22,4,8,0,4,20,0
night,planner,skip,10937,2,1,4,13,22,8,15,0,7,20,0
night,planner,skip,10937,3,1,4,10,22,10,16,0,8,20,0
night,planner,skip,10937,4,1,4,6,22,17,23,6,8,20,0
night,planner,skip,10938,0,1,2,18,22,0,0,0,3,20,0
night,planner,skip,10938,1,1,2,12,22,7,4,0,4,20,0
night,planner,skip,10938,2,1,3,15,22,11,12,0,6,20,0
night,planner,skip,10938,3,1,4,19,22,7,26,0,8,20,0
night,planner,skip,10938,4,1,4,13,22,11,29,6,8,20,0
night,planner,skip,10939,0,1,2,22,22,3,3,0,3,20,0
night,planner,skip,10939,1,1,2,19,22,4,8,0,4,20,0
night,planner,skip,10939,2,1,3,15,22,11,12,0,6,20,0
night,planner,skip,10939,3,0,3,0,22,7,9,0,5,20,0
night,planner,skip,10939,4,1,5,18,22,8,38,8,10,20,0
night,planner,skip,10940,0,1,2,19,22,3,4,0,3,20,0
night,planner,skip,10940,1,1,2,19,22,4,8,0,4,20,0
night,planner,skip,10940,2,1,3,18,22,10,14,0,6,20,0
night,planner,skip,10940,3,1,4,10,22,10,18,0,8,20,0
night,planner,skip,10940,4,1,4,10,22,15,24,6,8,20,0
night,planner,skip,10941,0,1,2,20,22,3,5,0,3,20,0
night,planner,skip,10941,1,1,2,19,22,4,8,0,4,20,0
night,planner,skip,10941,2,0,2,0,22,10,2,0,4,20,0
night,planner,skip,10941,3,1,4,22,22,7,25,0,8,20,0
night,planner,skip,10941,4,1,4,13,22,8,31,6,8,20,0
night,planner,skip,10942,0,1,2,22,22,3,3,0,3,20,0
night,planner,skip,10942,1,1,2,19,22,4,8,0,4,20,0
night,planner,skip,10942,2,1,3,21,22,8,15,0,6,20,0
night,planner,skip,10942,3,1,4,12,22,10,22,0,8,20,0
night,planner,skip,10942,4,1,4,10,22,14,29,12,8,20,0
night,planner,skip,10943,0,1,2,18,22,0,0,0,3,20,0
night,planner,skip,10943,1,1,2,12,22,7,4,0,4,20,0
night,planner,skip,10943,2,1,3,15,22,10,10,0,6,20,0
night,planner,skip,10943,3,1,4,11,22,10,23,0,8,20,0
night,planner,skip,10943,4,1,5,13,22,9,33,4,10,20,0
night,planner,skip,10944,0,1,2,22,22,3,3,0,3,20,0
night,planner,skip,10944,1,1,2,19,22,4,8,0,4,20,0
night,planner,skip,10944,2,1,3,18,22,10,14,0,6,20,0
night,planner,skip,10944,3,1,4,15,22,10,23,0,8,20,0
night,planner,skip,10944,4,1,4,11,22,14,28,10,8,20,0
night,planner,skip,10945,0,1,2,22,22,3,3,0,3,20,0
night,planner,skip,10945,1,1,2,22,22,4,6,0,4,20,0
night,planner,skip,10945,2,1,3,9,22,14,9,0,6,20,0
night,planner,skip,10945,3,1,4,21,22,7,26,0,8,20,0
night,planner,skip,10945,4,1,4,9,22,13,29,6,8,20,0
night,planner,skip,10946,0,1,2,19,22,3,4,0,3,20,0
night,planner,skip,10946,1,1,2,12,22,7,4,0,4,20,0
night,planner,skip,10946,2,1,3,21,22,8,15,0,6,20,0
night,planner,skip,10946,3,1,4,20,22,7,25,0,8,20,0
night,planner,skip,10946,4,1,5,20,22,8,42,6,9,20,0
night,planner,skip,10947,0,1,2,19,22,3,4,0,3,20,0
night,planner,skip,10947,1,1,2,19,22,4,8,0,4,20,0
night,planner,skip,10947,2,1,3,9,22,14,9,0,6,20,0
night,planner,skip,10947,3,1,4,17,22,7,22,0,8,20,0
night,planner,skip,10947,4,1,4,22,22,8,35,6,8,20,0
night,planner,skip,10948,0,1,2,22,22,0,0,0,4,20,0
night,planner,skip,10948,1,1,2,19,22,4,8,0,4,20,0
night,planner,skip,10948,2,1,4,10,22,10,14,0,7,20,0
night,planner,skip,10948,3,1,4,21,22,7,26,0,8,20,0
night,planner,skip,10948,4,1,4,19,22,11,33,6,8,20,0
night,planner,skip,10949,0,1,2,18,22,3,3,0,4,20,0
night,planner,skip,10949,1,1,2,12,22,7,4,0,4,20,0
night,planner,skip,10949,2,1,3,9,22,14,9,0,6,20,0
night,planner,skip,10949,3,1,4,22,22,7,23,0,8,20,0
night,planner,skip,10949,4,1,4,11,22,11,29,6,8,20,0
night,planner,skip,10950,0,1,2,22,22,3,3,0,3,20,0
night,planner,skip,10950,1,1,2,19,22,4,8,0,4,20,0
night,planner,skip,10950,2,1,3,7,22,13,6,0,6,20,0
night,planner,skip,10950,3,1,4,19,22,10,23,0,8,20,0
night,planner,skip,10950,4,1,4,22,22,11,31,6,8,20,0
night,planner,skip,10951,0,1,2,19,22,3,4,0,3,20,0
night,planner,skip,10951,1,1,2,12,22,7,4,0,4,20,0
night,planner,skip,10951,2,1,3,15,22,11,12,0,6,20,0
night,planner,skip,10951,3,1,4,16,22,10,20,0,8,20,0
night,planner,skip,10951,4,1,4,19,22,8,36,10,8,20,0
night,planner,skip,10952,0,1,2,22,22,3,3,0,3,20,0
night,planner,skip,10952,1,1,2,12,22,7,4,0,4,20,0
night,planner,skip,10952,2,1,3,18,22,10,14,0,6,20,0
night,planner,skip,10952,3,1,4,17,22,10,23,0,8,20,0
night,planner,skip,10952,4,1,5,16,22,9,35,4,10,20,0
night,planner,skip,10953,0,1,2,21,22,3,4,0,3,20,0
night,planner,skip,10953,1,1,2,14,22,6,0,0,4,20,0
night,planner,skip,10953,2,1,3,21,22,10,17,0,6,20,0
night,planner,skip,10953,3,1,4,8,22,10,20,0,8,20,0
night,planner,skip,10953,4,1,5,14,22,8,34,6,9,20,0
night,planner,skip,10954,0,1,2,19,22,3,4,0,3,20,0
night,planner,skip,10954,1,1,2,12,22,7,4,0,4,20,0
night,planner,skip,10954,2,1,4,10,22,10,14,0,7,20,0
night,planner,skip,10954,3,1,4,17,22,9,22,0,8,20,0
night,planner,skip,10954,4,1,5,14,22,10,34,0,10,20,0
night,planner,skip,10955,0,1,2,22,22,0,0,0,4,20,0
night,planner,skip,10955,1,1,2,14,22,7,6,0,4,20,0
night,planner,skip,10955,2,1,3,21,22,8,15,0,6,20,0
night,planner,skip,10955,3,1,4,9,22,10,15,0,8,20,0
night,planner,skip,10955,4,1,5,22,22,7,43,10,10,20,0
night,planner,skip,10956,0,1,2,19,22,3,0,0,3,20,0
night,planner,skip,10956,1,1,2,19,22,4,8,0,4,20,0
night,planner,skip,10956,2,1,3,22,22,4,20,0,6,20,0
night,planner,skip,10956,3,1,4,14,22,10,22,0,8,20,0
night,planner,skip,10956,4,1,5,20,22,6,38,0,9,20,0
night,planner,skip,10957,0,1,2,19,22,3,4,0,3,20,0
night,planner,skip,10957,1,1,2,19,22,4,8,0,4,20,0
night,planner,skip,10957,2,1,4,14,22,8,16,0,7,20,0
night,planner,skip,10957,3,1,4,10,22,10,18,0,8,20,0
night,planner,skip,10957,4,1,5,21,22,9,44,6,10,20,0
night,planner,skip,10958,0,1,2,22,22,3,3,0,4,20,0
night,planner,skip,10958,1,1,2,21,22,3,4,0,4,20,0
night,planner,skip,10958,2,1,3,18,22,10,14,0,6,20,0
night,planner,skip,10958,3,1,4,17,22,7,22,0,8,20,0
night,planner,skip,10958,4,1,5,17,22,9,40,6,10,20,0
night,planner,skip,10959,0,1,2,22,22,3,3,0,4,20,0
night,planner,skip,10959,1,1,2,15,22,6,6,0,4,20,0
night,planner,skip,10959,2,1,4,17,22,7,18,0,7,20,0
night,planner,skip,10959,3,1,4,15,22,10,23,0,8,20,0
night,planner,skip,10959,4,1,4,20,22,12,29,6,8,20,0
night,planner,skip,10960,0,1,2,22,22,0,0,0,4,20,0
night,planner,skip,10960,1,1,2,19,22,4,8,0,4,20,0
night,planner,skip,10960,2,1,3,21,22,10,17,0,6,20,0
night,planner,skip,10960,3,1,4,16,22,10,20,0,8,20,0
night,planner,skip,10960,4,1,4,17,22,12,32,6,8,20,0
night,planner,skip,10961,0,1,2,19,22,3,4,0,3,20,0
night,planner,skip,10961,1,1,2,15,22,6,6,0,4,20,0
night,planner,skip,10961,2,1,3,12,22,11,9,0,6,20,0
night,planner,skip,10961,3,1,4,14,22,10,22,0,8,20,0
night,planner,skip,10961,4,1,4,1,22,15,18,0,7,20,0
night,planner,skip,10962,0,1,2,19,22,3,4,0,3,20,0
night,planner,skip,10962,1,1,2,19,22,4,8,0,4,20,0
night,planner,skip,10962,2,1,3,9,22,14,9,0,6,20,0
night,planner,skip,10962,3,1,4,13,22,10,21,0,8,20,0
night,planner,skip,10962,4,0,4,0,22,12,27,12,8,20,0
night,planner,skip,10963,0,1,2,20,22,0,2,0,3,20,0
night,planner,skip,10963,1,1,2,15,22,7,6,0,4,20,0
night,planner,skip,10963,2,1,4,7,22,11,12,0,7,20,0
night,planner,skip,10963,3,1,4,17,22,7,20,0,8,20,0
night,planner,skip,10963,4,1,5,15,22,9,40,6,10,20,0
night,planner,skip,10964,0,1,2,19,22,3,4,0,3,20,0
night,planner,skip,10964,1,1,2,19,22,4,8,0,4,20,0
night,planner,skip,10964,2,1,3,18,22,10,14,0,6,20,0
night,planner,skip,10964,3,0,2,0,22,10,3,0,4,20,0
night,planner,skip,10964,4,1,5,22,22,9,45,6,10,20,0
night,planner,skip,10965,0,1,2,20,22,0,2,0,3,20,0
night,planner,skip,10965,1,1,2,12,22,7,4,0,4,20,0
night,planner,skip,10965,2,1,3,12,22,11,9,0,6,20,0
night,planner,skip,10965,3,1,4,16,22,10,22,0,8,20,0
night,planner,skip,10965,4,0,3,0,22,11,14,6,6,20,0
night,planner,skip,10966,0,1,2,22,22,3,3,0,3,20,0
night,planner,skip,10966,1,1,2,12,22,7,4,0,4,20,0
night,planner,skip,10966,2,1,3,18,22,10,14,0,6,20,0
night,planner,skip,10966,3,1,4,18,22,7,23,0,8,20,0
night,planner,skip,10966,4,1,5,15,22,7,37,0,10,20,0
night,planner,skip,10967,0,1,2,22,22,0,0,0,3,20,0
night,planner,skip,10967,1,1,2,19,22,4,8,0,4,20,0
night,planner,skip,10967,2,1,3,12,22,11,9,0,6,20,0
night,planner,skip,10967,3,1,4,22,22,7,25,0,8,20,0
night,planner,skip,10967,4,1,5,12,22,12,38,6,10,20,0
night,planner,skip,10968,0,1,2,20,22,0,2,0,3,20,0
night,planner,skip,10968,1,1,2,19,22,4,8,0,4,20,0
night,planner,skip,10968,2,0,2,0,22,10,2,0,4,20,0
night,planner,skip,10968,3,1,4,7,22,13,18,0,8,20,0
night,planner,skip,10968,4,1,4,14,22,13,29,6,8,20,0
night,planner,skip,10969,0,1,2,22,22,3,3,0,3,20,0
night,planner,skip,10969,1,1,2,15,22,7,6,0,4,20,0
night,planner,skip,10969,2,1,3,21,22,8,15,0,6,20,0
night,planner,skip,10969,3,0,2,0,22,10,2,0,4,20,0
night,planner,skip,10969,4,1,4,6,22,15,26,6,8,20,0
night,planner,skip,10970,0,1,2,22,22,0,0,0,3,20,0
night,planner,skip,10970,1,1,2,12,22,7,4,0,4,20,0
night,planner,skip,10970,2,1,4,10,22,10,14,0,7,20,0
night,planner,skip,10970,3,1,4,16,22,10,22,0,8,20,0
night,planner,skip,10970,4,1,4,13,22,10,35,10,8,20,0
night,planner,skip,10971,0,1,2,22,22,3,3,0,3,20,0
night,planner,skip,10971,1,1,2,12,22,7,4,0,4,20,0
night,planner,skip,10971,2,1,3,12,22,13,11,0,6,20,0
night,planner,skip,10971,3,1,4,19,22,7,26,0,8,20,0
night,planner,skip,10971,4,1,4,17,22,12,32,6,8,20,0
night,planner,skip,10972,0,1,2,22,22,0,0,0,4,20,0
night,planner,skip,10972,1,1,2,19,22,4,8,0,4,20,0
night,planner,skip,10972,2,1,3,15,22,11,12,0,6,20,0
night,planner,skip,10972,3,1,4,10,22,10,18,0,8,20,0
night,planner,skip,10972,4,1,4,22,22,10,29,10,8,20,0
night,planner,skip,10973,0,1,2,19,22,3,4,0,3,20,0
night,planner,skip,10973,1,1,2,19,22,4,8,0,4,20,0
night,planner,skip,10973,2,1,4,12,22,8,14,0,7,20,0
night,planner,skip,10973,3,1,4,20,22,7,25,0,8,20,0
night,planner,skip,10973,4,1,5,8,22,10,34,10,9,20,0
night,planner,skip,10974,0,1,2,18,22,6,2,0,3,20,0
night,planner,skip,10974,1,1,2,13,22,7,5,0,4,20,0
night,planner,skip,10974,2,1,4,17,22,7,18,0,7,20,0
night,planner,skip,10974,3,1,4,16,22,10,22,0,8,20,0
night,planner,skip,10974,4,1,5,21,22,7,36,0,9,20,0
night,planner,skip,10975,0,1,2,22,22,3,3,0,3,20,0
night,planner,skip,10975,1,1,2,12,22,7,4,0,4,20,0
night,planner,skip,10975,2,1,3,21,22,10,17,0,6,20,0
night,planner,skip,10975,3,1,4,15,22,10,23,0,8,20,0
night,planner,skip,10975,4,1,5,17,22,6,35,4,9,20,0
night,planner,skip,10976,0,1,2,22,22,3,3,0,3,20,0
night,planner,skip,10976,1,1,2,9,22,10,4,4,4,20,0
night,planner,skip,10976,2,1,3,18,22,10,14,0,6,20,0
night,planner,skip,10976,3,1,4,22,22,7,25,0,8,20,0
night,planner,skip,10976,4,1,5,21,22,7,44,10,10,20,0
night,planner,skip,10977,0,1,2,21,22,0,3,0,3,20,0
night,planner,skip,10977,1,1,2,12,22,7,4,0,4,20,0
night,planner,skip,10977,2,1,3,15,22,11,12,0,6,20,0
night,planner,skip,10977,3,1,4,17,22,9,24,0,8,20,0
night,planner,skip,10977,4,1,4,21,22,3,37,4,8,20,0
night,planner,skip,10978,0,1,2,22,22,3,3,0,3,20,0
night,planner,skip,10978,1,1,2,9,22,6,0,0,4,20,0
night,planner,skip,10978,2,1,3,15,22,11,12,0,6,20,0
night,planner,skip,10978,3,1,4,7,22,10,15,0,8,20,0
night,planner,skip,10978,4,1,4,20,22,10,29,10,7,20,0
night,planner,skip,10979,0,1,2,22,22,0,0,0,4,20,0
night,planner,skip,10979,1,1,2,12,22,7,4,0,4,20,0
night,planner,skip,10979,2,1,3,9,22,14,9,0,6,20,0
night,planner,skip,10979,3,1,4,21,22,7,26,0,8,20,0
night,planner,skip,10979,4,1,4,16,22,8,36,6,8,20,0
night,planner,skip,10980,0,1,2,18,22,6,2,0,3,20,0
night,planner,skip,10980,1,1,2,19,22,4,8,0,4,20,0
night,planner,skip,10980,2,1,3,12,22,11,9,0,6,20,0
night,planner,skip,10980,3,0,4,0,22,9,14,0,8,20,0
night,planner,skip,10980,4,1,5,12,22,12,39,4,10,20,0
night,planner,skip,10981,0,1,2,20,22,3,5,0,3,20,0
night,planner,skip,10981,1,1,2,19,22,4,8,0,4,20,0
night,planner,skip,10981,2,1,3,18,22,10,14,0,6,20,0
night,planner,skip,10981,3,1,4,16,22,10,22,0,8,20,0
night,planner,skip,10981,4,1,5,13,22,5,32,4,9,20,0
night,planner,skip,10982,0,1,2,22,22,0,0,0,4,20,0
night,planner,skip,10982,1,1,2,19,22,4,8,0,4,20,0
night,planner,skip,10982,2,1,3,15,22,11,12,0,6,20,0
night,planner,skip,10982,3,1,4,14,22,10,22,0,8,20,0
night,planner,skip,10982,4,1,4,21,22,10,33,10,8,20,0
night,planner,skip,10983,0,1,2,22,22,3,3,0,4,20,0
night,planner,skip,10983,1,1,2,13,22,7,5,0,4,20,0
night,planner,skip,10983,2,1,4,14,22,8,16,0,7,20,0
night,planner,skip,10983,3,1,4,8,22,10,14,0,8,20,0
night,planner,skip,10983,4,1,6,8,22,8,41,6,10,20,0
night,planner,skip,10984,0,1,2,19,22,3,4,0,3,20,0
night,planner,skip,10984,1,1,2,13,22,7,5,0,4,20,0
night,planner,skip,10984,2,1,3,15,22,11,12,0,6,20,0
night,planner,skip,10984,3,1,4,14,22,10,22,0,8,20,0
night,planner,skip,10984,4,1,5,16,22,8,38,4,10,20,0
night,planner,skip,10985,0,1,2,18,22,6,2,0,3,20,0
night,planner,skip,10985,1,1,2,18,22,7,5,0,4,20,0
night,planner,skip,10985,2,1,3,7,22,13,6,0,6,20,0
night,planner,skip,10985,3,1,4,12,22,10,22,0,8,20,0
night,planner,skip,10985,4,0,2,0,22,9,10,6,4,20,0
night,planner,skip,10986,0,1,2,22,22,3,3,0,4,20,0
night,planner,skip,10986,1,1,2,8,22,7,0,0,4,20,0
night,planner,skip,10986,2,1,3,18,22,10,14,0,6,20,0
night,planner,skip,10986,3,1,4,15,22,10,23,0,8,20,0
night,planner,skip,10986,4,1,5,22,22,8,42,6,9,20,0
night,planner,skip,10987,0,1,2,22,22,3,3,0,4,20,0
night,planner,skip,10987,1,1,2,19,22,4,8,0,4,20,0
night,planner,skip,10987,2,1,4,7,22,11,12,0,7,20,0
night,planner,skip,10987,3,1,4,14,22,10,22,0,8,20,0
night,planner,skip,10987,4,0,3,0,22,15,13,6,6,20,0
night,planner,skip,10988,0,1,2,22,22,3,3,0,3,20,0
night,planner,skip,10988,1,1,2,12,22,7,4,0,4,20,0
night,planner,skip,10988,2,1,3,4,22,14,4,0,6,20,0
night,planner,skip,10988,3,1,4,15,22,10,23,0,8,20,0
night,planner,skip,10988,4,1,4,17,22,12,31,6,8,20,0
night,planner,skip,10989,0,1,2,20,22,0,2,0,3,20,0
night,planner,skip,10989,1,1,2,14,22,6,0,0,4,20,0
night,planner,skip,10989,2,1,3,21,22,10,17,0,6,20,0
night,planner,skip,10989,3,1,4,14,22,10,22,0,8,20,0
night,planner,skip,10989,4,1,5,22,22,5,41,4,9,20,0
night,planner,skip,10990,0,1,2,20,22,0,2,0,3,20,0
night,planner,skip,10990,1,1,2,19,22,4,8,0,4,20,0
night,planner,skip,10990,2,0,2,0,22,10,3,0,4,20,0
night,planner,skip,10990,3,1,4,16,22,10,22,0,8,20,0
night,planner,skip,10990,4,1,4,13,22,10,35,10,8,20,0
night,planner,skip,10991,0,1,2,20,22,0,2,0,3,20,0
night,planner,skip,10991,1,1,2,14,22,7,6,0,4,20,0
night,planner,skip,10991,2,1,4,7,22,11,12,0,7,20,0
night,planner,skip,10991,3,1,4,7,22,13,18,0,8,20,0
night,planner,skip,10991,4,0,4,0,22,13,26,6,7,20,0
night,planner,skip,10992,0,1,2,18,22,6,2,0,3,20,0
night,planner,skip,10992,1,1,2,19,22,4,8,0,4,20,0
night,planner,skip,10992,2,1,4,10,22,10,14,0,7,20,0
night,planner,skip,10992,3,1,4,17,22,10,23,0,8,20,0
night,planner,skip,10992,4,1,5,22,22,6,40,4,10,20,0
night,planner,skip,10993,0,1,2,22,22,3,3,0,3,20,0
night,planner,skip,10993,1,1,2,7,22,10,2,0,4,20,0
night,planner,skip,10993,2,1,3,21,22,8,15,0,6,20,0
night,planner,skip,10993,3,1,4,10,22,10,18,0,8,20,0
night,planner,skip,10993,4,1,4,16,22,10,29,10,7,20,0
night,planner,skip,10994,0,1,2,22,22,0,0,0,3,20,0
night,planner,skip,10994,1,1,2,19,22,4,8,0,4,20,0
night,planner,skip,10994,2,0,2,0,22,10,2,0,4,20,0
night,planner,skip,10994,3,1,4,17,22,7,20,0,8,20,0
night,planner,skip,10994,4,0,4,0,22,18,28,12,8,20,0
night,planner,skip,10995,0,1,2,19,22,3,4,0,3,20,0
night,planner,skip,10995,1,1,2,12,22,7,4,0,4,20,0
night,planner,skip,10995,2,1,3,18,22,10,14,0,6,20,0
night,planner,skip,10995,3,0,3,0,22,13,10,0,6,20,0
night,planner,skip,10995,4,1,4,21,22,10,29,10,7,20,0
night,planner,skip,10996,0,1,2,18,22,6,2,0,3,20,0
night,planner,skip,10996,1,1,2,15,22,6,6,0,4,20,0
night,planner,skip,10996,2,1,4,14,22,8,16,0,7,20,0
night,planner,skip,10996,3,1,4,14,22,10,22,0,8,20,0
night,planner,skip,10996,4,1,5,16,22,6,36,0,9,20,0
night,planner,skip,10997,0,1,2,22,22,3,3,0,4,20,0
night,planner,skip,10997,1,1,2,19,22,4,8,0,4,20,0
night,planner,skip,10997,2,1,4,11,22,10,15,0,7,20,0
night,planner,skip,10997,3,1,4,17,22,7,18,0,8,20,0
night,planner,skip,10997,4,1,5,9,22,6,32,4,8,20,0
night,planner,skip,10998,0,1,2,19,22,6,3,0,3,20,0
night,planner,skip,10998,1,1,2,19,22,4,8,0,4,20,0
night,planner,skip,10998,2,0,2,0,22,10,3,0,4,20,0
night,planner,skip,10998,3,1,4,10,22,10,18,0,8,20,0
night,planner,skip,10998,4,1,4,21,22,11,32,10,8,20,0
night,planner,skip,10999,0,1,2,20,22,3,5,0,3,20,0
night,planner,skip,10999,1,1,2,19,22,4,8,0,4,20,0
night,planner,skip,10999,2,1,4,14,22,8,16,0,7,20,0
night,planner,skip,10999,3,1,4,14,22,10,22,0,8,20,0
night,planner,skip,10999,4,1,5,10,22,11,35,10,9,20,0
night,planner,random,10000,0,1,2,22,22,3,3,0,3,20,0
night,planner,random,10000,1,1,2,19,22,4,8,0,4,21,0
night,planner,random,10000,2,1,4,17,22,7,18,0,7,22,0
night,planner,random,10000,3,1,4,22,22,10,26,0,8,23,0
night,planner,random,10000,4,0,2,0,22,9,3,4,4,24,0
night,planner,random,10001,0,1,2,22,22,0,0,0,3,20,0
night,planner,random,10001,1,1,2,8,22,10,3,0,4,21,0
night,planner,random,10001,2,1,4,12,22,7,13,0,7,22,0
night,planner,random,10001,3,1,4,20,22,10,26,0,8,23,0
night,planner,random,10001,4,1,4,7,22,14,22,4,8,24,0
night,planner,random,10002,0,1,2,19,22,3,4,0,3,20,0
night,planner,random,10002,1,1,2,12,22,7,4,0,4,21,0
night,planner,random,10002,2,1,3,21,22,8,15,0,6,22,0
night,planner,random,10002,3,1,4,18,22,10,24,0,8,23,0
night,planner,random,10002,4,1,4,14,22,12,31,6,8,24,0
night,planner,random,10003,0,1,2,20,22,0,2,0,3,20,0
night,planner,random,10003,1,1,2,19,22,4,8,0,4,21,0
night,planner,random,10003,2,1,3,19,22,8,13,0,6,22,0
night,planner,random,10003,3,1,4,15,22,7,26,0,8,23,0
night,planner,random,10003,4,1,4,18,22,8,26,6,8,24,0
night,planner,random,10004,0,1,2,19,22,3,0,0,3,20,0
night,planner,random,10004,1,1,2,14,22,7,6,0,4,21,0
night,planner,random,10004,2,1,3,22,22,7,15,0,6,22,0
night,planner,random,10004,3,1,4,20,22,7,27,0,8,23,0
night,planner,random,10004,4,1,5,19,22,7,36,0,9,24,0
night,planner,random,10005,0,1,2,22,22,0,0,0,3,20,0
night,planner,random,10005,1,1,2,12,22,7,4,0,4,21,0
night,planner,random,10005,2,1,3,15,22,7,8,0,6,22,0
night,planner,random,10005,3,1,4,18,22,6,22,0,8,23,0
night,planner,random,10005,4,1,4,21,22,8,35,6,8,24,0
night,planner,random,10006,0,1,2,20,22,3,5,0,3,20,0
night,planner,random,10006,1,1,2,19,22,4,8,0,4,21,0
night,planner,random,10006,2,1,3,21,22,8,15,0,6,22,0
night,planner,random,10006,3,1,4,12,22,6,16,0,7,23,0
night,planner,random,10006,4,1,5,12,22,6,32,4,10,24,0
night,planner,random,10007,0,1,2,22,22,3,3,0,3,20,0
night,planner,random,10007,1,1,2,14,22,7,6,0,4,21,0
night,planner,random,10007,2,0,2,0,22,10,2,0,4,22,0
night,planner,random,10007,3,1,4,14,22,10,22,0,8,23,0
night,planner,random,10007,4,1,4,13,22,10,26,4,8,24,0
night,planner,random,10008,0,1,2,22,22,3,3,0,3,20,0
night,planner,random,10008,1,1,2,19,22,4,8,0,4,21,0
night,planner,random,10008,2,1,3,21,22,8,15,0,6,22,0
night,planner,random,10008,3,1,4,15,22,4,17,0,8,23,0
night,planner,random,10008,4,1,5,15,22,7,32,4,9,24,0
night,planner,random,10009,0,1,2,22,22,3,3,0,3,20,0
night,planner,random,10009,1,1,2,12,22,7,4,0,4,21,0
night,planner,random,10009,2,1,3,10,22,14,9,0,6,22,0
night,planner,random,10009,3,1,4,20,22,7,23,0,8,23,0
night,planner,random,10009,4,1,5,18,22,7,39,0,10,24,0
night,planner,random,10010,0,1,2,19,22,3,4,0,3,20,0
night,planner,random,10010,1,1,2,19,22,4,8,0,4,21,0
night,planner,random,10010,2,1,3,11,22,11,8,0,6,22,0
night,planner,random,10010,3,1,4,17,22,10,23,0,8,23,0
night,planner,random,10010,4,1,4,18,22,11,34,6,8,24,0
night,planner,random,10011,0,1,2,22,22,0,0,0,3,20,0
night,planner,random,10011,1,1,2,15,22,6,6,0,4,21,0
night,planner,random,10011,2,1,3,15,22,11,12,0,6,22,0
night,planner,random,10011,3,1,4,17,22,10,23,0,8,23,0
night,planner,random,10011,4,1,4,18,22,12,28,6,8,24,0
night,planner,random,10012,0,1,2,19,22,3,0,0,3,20,0
night,planner,random,10012,1,1,2,12,22,7,4,0,4,21,0
night,planner,random,10012,2,1,3,13,22,10,17,0,6,22,0
night,planner,random,10012,3,1,4,22,22,7,29,0,8,23,0
night,planner,random,10012,4,0,4,0,22,9,17,0,7,24,0
night,planner,random,10013,0,1,2,22,22,3,3,0,3,20,0
night,planner,random,10013,1,1,2,18,22,7,5,0,4,21,0
night,planner,random,10013,2,1,3,18,22,10,14,0,6,22,0
night,planner,random,10013,3,1,4,19,22,6,29,0,8,23,0
night,planner,random,10013,4,1,4,22,22,8,33,6,8,24,0
night,planner,random,10014,0,1,2,21,22,3,4,0,3,20,0
night,planner,random,10014,1,1,2,19,22,4,8,0,4,21,0
night,planner,random,10014,2,1,3,22,22,6,14,0,6,22,0
night,planner,random,10014,3,1,4,16,22,6,18,0,8,23,0
night,planner,random,10014,4,0,4,0,22,6,17,0,7,24,0
night,planner,random,10015,0,1,2,22,22,3,3,0,4,20,0
night,planner,random,10015,1,1,2,19,22,4,8,0,4,21,0
night,planner,random,10015,2,1,3,18,22,10,14,0,6,22,0
night,planner,random,10015,3,1,4,11,22,10,23,0,8,23,0
night,planner,random,10015,4,0,2,0,22,10,3,0,4,24,0
night,planner,random,10016,0,1,2,22,22,3,5,0,3,20,0
night,planner,random,10016,1,1,2,12,22,7,4,0,4,21,0
night,planner,random,10016,2,1,3,12,22,11,9,0,6,22,0
night,planner,random,10016,3,1,4,22,22,3,23,0,8,23,0
night,planner,random,10016,4,1,5,22,22,7,40,10,10,24,0
night,planner,random,10017,0,1,2,22,22,0,2,0,3,20,0
night,planner,random,10017,1,1,2,19,22,4,8,0,4,21,0
night,planner,random,10017,2,1,4,13,22,8,14,0,7,22,0
night,planner,random,10017,3,1,4,15,22,10,19,0,8,23,0
night,planner,random,10017,4,1,4,14,22,12,29,14,8,24,0
night,planner,random,10018,0,1,2,19,22,3,4,0,3,20,0
night,planner,random,10018,1,1,2,19,22,4,8,0,4,21,0
night,planner,random,10018,2,1,4,9,22,11,14,0,7,22,0
night,planner,random,10018,3,1,4,19,22,7,30,0,8,23,0
night,planner,random,10018,4,1,5,13,22,8,37,0,9,24,0
night,planner,random,10019,0,1,2,22,22,0,0,0,3,20,0
night,planner,random,10019,1,1,2,8,22,10,3,0,4,21,0
night,planner,random,10019,2,1,4,11,22,7,12,0,7,22,0
night,planner,random,10019,3,1,4,22,22,6,24,0,8,23,0
night,planner,random,10019,4,0,3,0,22,11,14,6,6,24,0
night,planner,random,10020,0,1,2,22,22,0,0,0,4,20,0
night,planner,random,10020,1,1,2,19,22,4,8,0,4,21,0
night,planner,random,10020,2,1,3,21,22,8,15,0,6,22,0
night,planner,random,10020,3,1,4,22,22,4,24,0,8,23,0
night,planner,random,10020,4,1,5,22,22,3,37,0,8,24,0
night,planner,random,10021,0,1,2,22,22,3,3,0,4,20,0
night,planner,random,10021,1,1,2,9,22,6,0,0,4,21,0
night,planner,random,10021,2,0,2,0,22,10,3,0,4,22,0
night,planner,random,10021,3,0,2,0,22,10,3,0,4,23,0
night,planner,random,10021,4,1,4,7,22,16,22,6,8,24,0
night,planner,random,10022,0,1,2,20,22,3,5,0,3,20,0
night,planner,random,10022,1,1,2,19,22,4,8,0,4,21,0
night,planner,random,10022,2,1,3,18,22,10,14,0,6,22,0
night,planner,random,10022,3,1,4,13,22,6,11,0,7,23,0
night,planner,random,10022,4,1,4,21,22,9,35,4,8,24,0
night,planner,random,10023,0,1,2,22,22,0,0,0,4,20,0
night,planner,random,10023,1,1,2,19,22,4,8,0,4,21,0
night,planner,random,10023,2,1,3,12,22,11,9,0,6,22,0
night,planner,random,10023,3,1,4,20,22,7,23,0,8,23,0
night,planner,random,10023,4,1,6,6,22,6,37,0,12,24,0
night,planner,random,10024,0,1,2,13,22,6,1,0,3,20,0
night,planner,random,10024,1,1,2,15,22,6,6,0,4,21,0
night,planner,random,10024,2,1,3,15,22,11,12,0,6,22,0
night,planner,random,10024,3,1,4,22,22,7,27,0,8,23,0
night,planner,random,10024,4,1,3,20,22,11,21,6,6,24,0
night,planner,random,10025,0,1,2,22,22,3,3,0,3,20,0
night,planner,random,10025,1,1,2,20,22,4,8,0,4,21,0
night,planner,random,10025,2,1,3,9,22,14,9,0,6,22,0
night,planner,random,10025,3,1,4,14,22,10,26,0,8,23,0
night,planner,random,10025,4,0,3,0,22,9,12,4,6,24,0
night,planner,random,10026,0,1,2,18,22,6,2,0,3,20,0
night,planner,random,10026,1,1,2,12,22,7,4,0,4,21,0
night,planner,random,10026,2,1,3,13,22,4,11,0,6,22,0
night,planner,random,10026,3,1,3,9,22,10,13,0,6,23,0
night,planner,random,10026,4,1,4,18,22,5,33,6,7,24,0
night,planner,random,10027,0,1,2,20,22,3,5,0,3,20,0
night,planner,random,10027,1,1,2,20,22,4,8,0,4,21,0
night,planner,random,10027,2,1,4,13,22,7,14,0,7,22,0
night,planner,random,10027,3,1,4,9,22,10,19,0,8,23,0
night,planner,random,10027,4,1,5,14,22,9,37,0,9,24,0
night,planner,random,10028,0,1,2,19,22,3,0,0,3,20,0
night,planner,random,10028,1,1,2,15,22,6,6,0,4,21,0
night,planner,random,10028,2,1,4,17,22,7,18,0,7,22,0
night,planner,random,10028,3,1,4,20,22,10,26,0,8,23,0
night,planner,random,10028,4,1,5,7,22,10,33,10,9,24,0
night,planner,random,10029,0,1,2,22,22,3,3,0,3,20,0
night,planner,random,10029,1,1,2,15,22,6,6,0,4,21,0
night,planner,random,10029,2,1,3,18,22,10,14,0,6,22,0
night,planner,random,10029,3,1,4,19,22,7,24,0,8,23,0
night,planner,random,10029,4,1,4,8,22,16,22,6,8,24,0
night,planner,random,10030,0,1,2,22,22,3,3,0,3,20,0
night,planner,random,10030,1,1,2,12,22,7,4,0,4,21,0
night,planner,random,10030,2,1,3,15,22,11,12,0,6,22,0
night,planner,random,10030,3,1,4,16,22,10,26,0,8,23,0
night,planner,random,10030,4,0,2,0,22,10,3,0,4,24,0
night,planner,random,10031,0,1,2,22,22,0,0,0,3,20,0
night,planner,random,10031,1,1,2,9,22,9,3,0,4,21,0
night,planner,random,10031,2,1,4,13,22,8,15,0,7,22,0
night,planner,random,10031,3,1,4,22,22,6,24,0,8,23,0
night,planner,random,10031,4,1,4,14,22,13,25,6,8,24,0
night,planner,random,10032,0,1,2,16,22,6,0,4,4,20,0
night,planner,random,10032,1,1,2,16,22,3,4,0,4,21,0
night,planner,random,10032,2,1,3,18,22,7,19,0,6,22,0
night,planner,random,10032,3,1,4,22,22,7,25,0,8,23,0
night,planner,random,10032,4,1,5,22,22,10,46,6,10,24,0
night,planner,random,10033,0,1,2,20,22,3,5,0,3,20,0
night,planner,random,10033,1,1,2,19,22,4,8,0,4,21,0
night,planner,random,10033,2,1,4,13,22,8,15,0,7,22,0
night,planner,random,10033,3,1,4,13,22,10,21,0,8,23,0
night,planner,random,10033,4,1,4,10,22,11,26,6,8,24,0
night,planner,random,10034,0,1,2,19,22,3,4,0,3,20,0
night,planner,random,10034,1,1,2,5,22,10,0,0,3,21,0
night,planner,random,10034,2,1,3,15,22,11,12,0,6,22,0
night,planner,random,10034,3,1,4,19,22,7,22,0,8,23,0
night,planner,random,10034,4,1,5,22,22,8,44,6,10,24,0
night,planner,random,10035,0,1,2,19,22,3,4,0,3,20,0
night,planner,random,10035,1,1,2,12,22,7,4,0,4,21,0
night,planner,random,10035,2,1,3,12,22,11,9,0,6,22,0
night,planner,random,10035,3,1,4,15,22,6,23,0,8,23,0
night,planner,random,10035,4,1,4,19,22,8,29,4,8,24,0
night,planner,random,10036,0,1,2,22,22,3,3,0,3,20,0
night,planner,random,10036,1,1,2,19,22,4,8,0,4,21,0
night,planner,random,10036,2,1,3,22,22,6,14,0,6,22,0
night,planner,random,10036,3,1,4,19,22,6,21,0,8,23,0
night,planner,random,10036,4,1,5,10,22,6,30,0,8,24,0
night,planner,random,10037,0,1,2,22,22,0,0,0,4,20,0
night,planner,random,10037,1,1,2,19,22,4,8,0,4,21,0
night,planner,random,10037,2,1,3,18,22,10,14,0,6,22,0
night,planner,random,10037,3,1,4,12,22,10,26,0,8,23,0
night,planner,random,10037,4,1,4,13,22,8,33,4,8,24,0
night,planner,random,10038,0,1,2,22,22,3,3,0,3,20,0
night,planner,random,10038,1,1,2,19,22,4,8,0,4,21,0
night,planner,random,10038,2,1,3,15,22,10,11,0,6,22,0
night,planner,random,10038,3,1,4,19,22,6,27,0,8,23,0
night,planner,random,10038,4,1,4,22,22,8,30,10,8,24,0
night,planner,random,10039,0,1,2,22,22,3,3,0,3,20,0
night,planner,random,10039,1,1,2,19,22,4,8,0,4,21,0
night,planner,random,10039,2,1,4,10,22,7,11,0,7,22,0
night,planner,random,10039,3,1,4,10,22,10,18,0,8,23,0
night,planner,random,10039,4,1,4,18,22,9,36,6,8,24,0
night,planner,random,10040,0,1,2,22,22,3,3,0,3,20,0
night,planner,random,10040,1,1,2,12,22,7,4,0,4,21,0
night,planner,random,10040,2,1,3,22,22,7,15,0,6,22,0
night,planner,random,10040,3,1,4,20,22,6,24,0,8,23,0
night,planner,random,10040,4,1,4,12,22,12,27,6,8,24,0
night,planner,random,10041,0,1,2,21,22,3,4,0,3,20,0
night,planner,random,10041,1,1,2,14,22,7,6,0,4,21,0
night,planner,random,10041,2,1,3,18,22,10,14,0,6,22,0
night,planner,random,10041,3,1,4,22,22,6,26,0,8,23,0
night,planner,random,10041,4,1,6,13,22,7,46,0,11,24,0
night,planner,random,10042,0,1,2,19,22,3,4,0,3,20,0
night,planner,random,10042,1,1,2,19,22,4,8,0,4,21,0
night,planner,random,10042,2,1,4,19,22,8,21,0,8,22,0
night,planner,random,10042,3,1,4,21,22,6,29,0,8,23,0
night,planner,random,10042,4,1,5,17,22,9,40,4,10,24,0
night,planner,random,10043,0,1,2,18,22,6,2,0,3,20,0
night,planner,random,10043,1,1,2,13,22,7,4,0,4,21,0
night,planner,random,10043,2,1,3,21,22,8,15,0,6,22,0
night,planner,random,10043,3,1,4,22,22,4,24,0,8,23,0
night,planner,random,10043,4,0,4,0,22,10,20,0,7,24,0
night,planner,random,10044,0,1,2,22,22,3,3,0,3,20,0
night,planner,random,10044,1,1,2,12,22,7,4,0,4,21,0
night,planner,random,10044,2,1,3,21,22,8,15,0,6,22,0
night,planner,random,10044,3,1,4,20,22,9,27,0,8,23,0
night,planner,random,10044,4,1,4,5,22,13,21,6,8,24,0
night,planner,random,10045,0,1,2,22,22,0,2,0,3,20,0
night,planner,random,10045,1,1,2,13,22,7,4,0,4,21,0
night,planner,random,10045,2,1,3,12,22,11,9,0,6,22,0
night,planner,random,10045,3,1,4,15,22,10,23,0,8,23,0
night,planner,random,10045,4,1,4,19,22,11,29,6,8,24,0
night,planner,random,10046,0,1,2,22,22,3,3,0,3,20,0
night,planner,random,10046,1,1,2,12,22,7,4,0,4,21,0
night,planner,random,10046,2,1,3,22,22,7,15,0,6,22,0
night,planner,random,10046,3,1,4,9,22,7,18,0,8,23,0
night,planner,random,10046,4,1,5,13,22,6,34,0,8,24,0
night,planner,random,10047,0,1,2,22,22,3,3,0,3,20,0
night,planner,random,10047,1,1,2,16,22,3,4,0,4,21,0
night,planner,random,10047,2,1,4,13,22,11,18,0,8,22,0
night,planner,random,10047,3,1,3,4,22,11,11,0,6,23,0
night,planner,random,10047,4,1,4,12,22,9,28,8,8,24,0
night,planner,random,10048,0,1,2,22,22,0,0,0,3,20,0
night,planner,random,10048,1,1,2,12,22,7,4,0,4,21,0
night,planner,random,10048,2,1,3,18,22,8,12,0,6,22,0
night,planner,random,10048,3,1,4,22,22,7,27,0,8,23,0
night,planner,random,10048,4,1,5,16,22,8,38,8,9,24,0
night,planner,random,10049,0,1,2,22,22,0,0,0,4,20,0
night,planner,random,10049,1,1,2,19,22,4,8,0,4,21,0
night,planner,random,10049,2,1,4,10,22,10,14,0,7,22,0
night,planner,random,10049,3,1,4,11,22,9,18,0,8,23,0
night,planner,random,10049,4,1,5,22,22,5,39,4,10,24,0
night,planner,random,10050,0,1,2,22,22,3,3,0,3,20,0
night,planner,random,10050,1,1,2,20,22,6,6,0,4,21,0
night,planner,random,10050,2,1,4,17,22,7,18,0,7,22,0
night,planner,random,10050,3,1,4,19,22,7,22,0,8,23,0
night,planner,random,10050,4,1,4,18,22,11,28,6,8,24,0
night,planner,random,10051,0,1,2,22,22,0,0,0,3,20,0
night,planner,random,10051,1,1,2,9,22,6,0,0,4,21,0
night,planner,random,10051,2,1,3,22,22,6,14,0,6,22,0
night,planner,random,10051,3,1,4,20,22,7,25,0,8,23,0
night,planner,random,10051,4,1,4,1,22,18,22,12,8,24,0
night,planner,random,10052,0,1,2,22,22,3,3,0,4,20,0
night,planner,random,10052,1,1,2,14,22,7,6,0,4,21,0
night,planner,random,10052,2,1,3,18,22,8,12,0,6,22,0
night,planner,random,10052,3,1,4,14,22,10,26,0,8,23,0
night,planner,random,10052,4,1,4,19,22,12,33,6,8,24,0
night,planner,random,10053,0,1,2,20,22,0,2,0,3,20,0
night,planner,random,10053,1,1,2,19,22,4,8,0,4,21,0
night,planner,random,10053,2,1,3,21,22,8,15,0,6,22,0
night,planner,random,10053,3,1,4,9,22,10,23,0,8,23,0
night,planner,random,10053,4,1,4,15,22,8,36,4,8,24,0
night,planner,random,10054,0,1,2,22,22,0,0,0,4,20,0
night,planner,random,10054,1,1,2,10,22,9,4,4,4,21,0
night,planner,random,10054,2,1,3,22,22,7,14,0,6,22,0
night,planner,random,10054,3,1,4,22,22,3,23,0,8,23,0
night,planner,random,10054,4,1,4,14,22,12,26,6,8,24,0
night,planner,random,10055,0,1,2,20,22,3,5,0,3,20,0
night,planner,random,10055,1,1,2,19,22,4,8,0,4,21,0
night,planner,random,10055,2,1,3,22,22,6,14,0,6,22,0
night,planner,random,10055,3,1,4,7,22,6,17,0,8,23,0
night,planner,random,10055,4,1,4,22,22,11,28,6,8,24,0
night,planner,random,10056,0,1,2,22,22,3,3,0,3,20,0
night,planner,random,10056,1,1,2,19,22,4,8,0,4,21,0
night,planner,random,10056,2,1,3,14,22,10,10,0,6,22,0
night,planner,random,10056,3,1,4,9,22,13,18,0,8,23,0
night,planner,random,10056,4,1,5,17,22,9,38,4,10,24,0
night,planner,random,10057,0,1,2,22,22,3,3,0,4,20,0
night,planner,random,10057,1,1,2,13,22,7,5,0,4,21,0
night,planner,random,10057,2,1,3,21,22,10,17,0,6,22,0
night,planner,random,10057,3,1,4,17,22,7,22,0,8,23,0
night,planner,random,10057,4,0,3,0,22,9,18,4,6,24,0
night,planner,random,10058,0,1,2,20,22,3,5,0,3,20,0
night,planner,random,10058,1,1,2,12,22,7,4,0,4,21,0
night,planner,random,10058,2,1,3,15,22,11,12,0,6,22,0
night,planner,random,10058,3,1,4,17,22,10,23,0,8,23,0
night,planner,random,10058,4,1,4,13,22,13,29,12,8,24,0
night,planner,random,10059,0,1,2,22,22,3,3,0,4,20,0
night,planner,random,10059,1,1,2,8,22,10,3,0,4,21,0
night,planner,random,10059,2,1,3,20,22,7,13,0,6,22,0
night,planner,random,10059,3,1,4,22,22,3,21,0,8,23,0
night,planner,random,10059,4,1,4,18,22,9,26,0,7,24,0
night,planner,random,10060,0,1,2,22,22,3,3,0,3,20,0
night,planner,random,10060,1,1,2,12,22,7,4,0,4,21,0
night,planner,random,10060,2,1,3,22,22,7,15,0,6,22,0
night,planner,random,10060,3,1,4,17,22,7,22,0,7,23,0
night,planner,random,10060,4,1,5,10,22,7,33,0,9,24,0
night,planner,random,10061,0,1,2,19,22,3,4,0,3,20,0
night,planner,random,10061,1,1,2,12,22,7,4,0,4,21,0
night,planner,random,10061,2,1,3,15,22,11,12,0,6,22,0
night,planner,random,10061,3,1,4,18,22,11,25,0,8,23,0
night,planner,random,10061,4,1,4,2,22,14,21,6,8,24,0
night,planner,random,10062,0,1,2,17,22,5,0,4,4,20,0
night,planner,random,10062,1,1,2,12,22,7,4,0,4,21,0
night,planner,random,10062,2,1,3,15,22,11,12,0,6,22,0
night,planner,random,10062,3,1,4,18,22,10,26,0,8,23,0
night,planner,random,10062,4,1,4,16,22,11,34,6,8,24,0
night,planner,random,10063,0,1,2,22,22,3,3,0,3,20,0
night,planner,random,10063,1,1,2,9,22,9,3,0,4,21,0
night,planner,random,10063,2,1,3,12,22,11,9,0,6,22,0
night,planner,random,10063,3,1,4,15,22,10,23,0,8,23,0
night,planner,random,10063,4,1,4,8,22,14,19,4,8,24,0
night,planner,random,10064,0,1,2,19,22,3,0,0,3,20,0
night,planner,random,10064,1,1,2,20,22,4,8,0,4,21,0
night,planner,random,10064,2,1,3,22,22,6,14,0,6,22,0
night,planner,random,10064,3,1,4,22,22,4,24,0,8,23,0
night,planner,random,10064,4,1,4,19,22,11,28,6,8,24,0
night,planner,random,10065,0,1,2,19,22,3,4,0,3,20,0
night,planner,random,10065,1,1,2,19,22,4,8,0,4,21,0
night,planner,random,10065,2,1,4,13,22,8,15,0,7,22,0
night,planner,random,10065,3,1,4,22,22,4,26,0,8,23,0
night,planner,random,10065,4,1,4,12,22,15,26,10,8,24,0
night,planner,random,10066,0,1,2,22,22,3,3,0,4,20,0
night,planner,random,10066,1,1,2,9,22,6,0,0,4,21,0
night,planner,random,10066,2,1,4,12,22,8,14,0,7,22,0
night,planner,random,10066,3,1,4,19,22,7,26,0,8,23,0
night,planner,random,10066,4,1,5,12,22,8,36,4,9,24,0
night,planner,random,10067,0,1,2,22,22,0,0,0,4,20,0
night,planner,random,10067,1,1,2,19,22,4,8,0,4,21,0
night,planner,random,10067,2,1,4,22,22,6,22,0,8,22,0
night,planner,random,10067,3,1,5,16,22,7,31,0,9,23,0
night,planner,random,10067,4,1,5,12,22,7,33,0,8,24,0
night,planner,random,10068,0,1,2,20,22,3,5,0,3,20,0
night,planner,random,10068,1,1,2,19,22,4,8,0,4,21,0
night,planner,random,10068,2,1,3,14,22,10,10,0,6,22,0
night,planner,random,10068,3,1,4,19,22,7,28,0,8,23,0
night,planner,random,10068,4,1,4,12,22,11,28,6,8,24,0
night,planner,random,10069,0,1,2,22,22,3,3,0,3,20,0
night,planner,random,10069,1,1,2,9,22,6,0,0,4,21,0
night,planner,random,10069,2,1,3,18,22,10,14,0,6,22,0
night,planner,random,10069,3,1,4,22,22,4,24,0,8,23,0
night,planner,random,10069,4,1,4,22,22,8,33,6,8,24,0
night,planner,random,10070,0,1,2,22,22,3,3,0,3,20,0
night,planner,random,10070,1,1,2,12,22,7,4,0,4,21,0
night,planner,random,10070,2,1,3,15,22,11,12,0,6,22,0
night,planner,random,10070,3,0,3,0,22,6,0,0,5,23,0
night,planner,random,10070,4,0,2,0,22,9,7,0,4,24,0
night,planner,random,10071,0,1,2,22,22,3,3,0,3,20,0
night,planner,random,10071,1,1,2,19,22,4,8,0,4,21,0
night,planner,random,10071,2,1,4,10,22,7,11,0,7,22,0
night,planner,random,10071,3,0,2,0,22,10,2,0,4,23,0
night,planner,random,10071,4,1,5,19,22,8,42,6,10,24,0
night,planner,random,10072,0,1,2,22,22,0,0,0,4,20,0
night,planner,random,10072,1,1,2,19,22,7,6,0,4,21,0
night,planner,random,10072,2,1,3,15,22,11,12,0,6,22,0
night,planner,random,10072,3,1,4,6,22,13,15,0,8,23,0
night,planner,random,10072,4,1,5,18,22,8,40,6,9,24,0
night,planner,random,10073,0,1,2,22,22,3,3,0,3,20,0
night,planner,random,10073,1,1,2,19,22,4,8,0,4,21,0
night,planner,random,10073,2,1,3,18,22,10,14,0,6,22,0
night,planner,random,10073,3,0,2,0,22,10,3,0,4,23,0
night,planner,random,10073,4,1,5,17,22,6,37,0,9,24,0
night,planner,random,10074,0,1,2,22,22,3,3,0,3,20,0
night,planner,random,10074,1,1,2,14,22,7,6,0,4,21,0
night,planner,random,10074,2,1,3,22,22,6,14,0,6,22,0
night,planner,random,10074,3,1,4,14,22,10,22,0,7,23,0
night,planner,random,10074,4,1,5,11,22,6,34,0,9,24,0
night,planner,random,10075,0,1,2,22,22,3,3,0,4,20,0
night,planner,random,10075,1,1,2,7,22,10,2,0,4,21,0
night,planner,random,10075,2,1,3,22,22,7,15,0,6,22,0
night,planner,random,10075,3,1,4,15,22,6,19,0,8,23,0
night,planner,random,10075,4,1,5,15,22,9,33,0,9,24,0
night,planner,random,10076,0,1,2,21,22,3,4,0,3,20,0
night,planner,random,10076,1,1,2,9,22,10,4,4,4,21,0
night,planner,random,10076,2,1,4,15,22,4,13,0,7,22,0
night,planner,random,10076,3,1,4,16,22,10,22,0,8,23,0
night,planner,random,10076,4,1,5,7,22,10,28,0,9,24,0
night,planner,random,10077,0,1,2,20,22,3,5,0,3,20,0
night,planner,random,10077,1,1,2,20,22,6,6,0,4,21,0
night,planner,random,10077,2,1,3,21,22,10,17,0,6,22,0
night,planner,random,10077,3,1,4,17,22,7,24,0,8,23,0
night,planner,random,10077,4,1,5,13,22,7,35,0,10,24,0
night,planner,random,10078,0,1,2,19,22,3,4,0,3,20,0
night,planner,random,10078,1,1,2,19,22,4,8,0,4,21,0
night,planner,random,10078,2,1,3,6,22,13,5,0,6,22,0
night,planner,random,10078,3,1,4,18,22,10,22,0,7,23,0
night,planner,random,10078,4,1,5,20,22,9,41,4,10,24,0
night,planner,random,10079,0,1,2,22,22,3,3,0,3,20,0
night,planner,random,10079,1,1,2,12,22,7,4,0,4,21,0
night,planner,random,10079,2,1,4,15,22,8,17,0,7,22,0
night,planner,random,10079,3,1,4,16,22,10,22,0,8,23,0
night,planner,random,10079,4,1,5,6,22,8,30,8,9,24,0
night,planner,random,10080,0,1,2,22,22,3,3,0,3,20,0
night,planner,random,10080,1,1,2,19,22,4,8,0,4,21,0
night,planner,random,10080,2,1,3,21,22,7,14,0,6,22,0
night,planner,random,10080,3,1,4,17,22,7,20,0,8,23,0
night,planner,random,10080,4,1,4,19,22,10,32,6,8,24,0
night,planner,random,10081,0,1,2,18,22,3,3,0,3,20,0
night,planner,random,10081,1,1,2,12,22,7,4,0,4,21,0
night,planner,random,10081,2,1,3,22,22,7,15,0,6,22,0
night,planner,random,10081,3,1,4,22,22,4,24,4,8,23,0
night,planner,random,10081,4,1,4,3,22,10,18,4,7,24,0
night,planner,random,10082,0,1,2,20,22,3,5,0,3,20,0
night,planner,random,10082,1,1,2,19,22,4,8,0,4,21,0
night,planner,random,10082,2,1,4,13,22,8,15,0,7,22,0
night,planner,random,10082,3,1,4,22,22,7,27,0,8,23,0
night,planner,random,10082,4,1,4,18,22,8,35,6,8,24,0
night,planner,random,10083,0,1,2,20,22,0,2,0,3,20,0
night,planner,random,10083,1,1,2,22,22,4,6,0,4,21,0
night,planner,random,10083,2,1,3,22,22,7,15,0,6,22,0
night,planner,random,10083,3,1,4,19,22,6,23,0,8,23,0
night,planner,random,10083,4,1,4,22,22,12,34,6,8,24,0
night,planner,random,10084,0,1,2,22,22,3,3,0,4,20,0
night,planner,random,10084,1,1,2,19,22,4,8,0,4,21,0
night,planner,random,10084,2,1,3,18,22,10,14,0,6,22,0
night,planner,random,10084,3,1,4,16,22,10,22,0,8,23,0
night,planner,random,10084,4,1,5,17,22,8,43,6,10,24,0
night,planner,random,10085,0,1,2,18,22,6,2,0,3,20,0
night,planner,random,10085,1,1,2,12,22,7,4,0,4,21,0
night,planner,random,10085,2,1,3,22,22,7,15,0,6,22,0
night,planner,random,10085,3,1,5,10,22,10,30,0,10,23,0
night,planner,random,10085,4,1,5,19,22,6,36,0,10,24,0
night,planner,random,10086,0,1,2,22,22,0,2,0,3,20,0
night,planner,random,10086,1,1,2,8,22,10,3,0,4,21,0
night,planner,random,10086,2,1,4,15,22,8,17,0,7,22,0
night,planner,random,10086,3,1,4,22,22,7,23,0,8,23,0
night,planner,random,10086,4,1,5,17,22,8,37,4,10,24,0
night,planner,random,10087,0,1,2,22,22,0,0,0,4,20,0
night,planner,random,10087,1,1,2,19,22,4,8,0,4,21,0
night,planner,random,10087,2,1,3,21,22,10,17,0,6,22,0
night,planner,random,10087,3,1,4,21,22,7,26,0,8,23,0
night,planner,random,10087,4,1,5,9,22,10,33,0,9,24,0
night,planner,random,10088,0,1,2,22,22,3,3,0,4,20,0
night,planner,random,10088,1,1,2,19,22,4,8,0,4,21,0
night,planner,random,10088,2,1,3,18,22,10,14,0,6,22,0
night,planner,random,10088,3,1,4,19,22,10,25,0,8,23,0
night,planner,random,10088,4,1,4,22,22,8,28,6,8,24,0
night,planner,random,10089,0,1,2,22,22,0,0,0,4,20,0
night,planner,random,10089,1,1,2,12,22,7,4,0,4,21,0
night,planner,random,10089,2,1,4,15,22,6,15,0,7,22,0
night,planner,random,10089,3,1,5,10,22,7,31,0,9,23,0
night,planner,random,10089,4,1,5,7,22,9,30,4,9,24,0
night,planner,random,10090,0,1,2,18,22,6,2,0,3,20,0
night,planner,random,10090,1,1,2,22,22,4,6,0,4,21,0
night,planner,random,10090,2,1,3,22,22,6,14,0,6,22,0
night,planner,random,10090,3,1,4,20,22,7,27,0,8,23,0
night,planner,random,10090,4,1,5,15,22,6,35,0,8,24,0
night,planner,random,10091,0,1,2,22,22,3,3,0,3,20,0
night,planner,random,10091,1,1,2,19,22,4,8,0,4,21,0
night,planner,random,10091,2,1,3,10,22,8,12,0,6,22,0
night,planner,random,10091,3,1,4,11,22,10,19,0,8,23,0
night,planner,random,10091,4,1,5,11,22,7,32,0,9,24,0
night,planner,random,10092,0,1,2,22,22,0,0,0,4,20,0
night,planner,random,10092,1,1,2,12,22,7,4,0,4,21,0
night,planner,random,10092,2,1,3,15,22,11,12,0,6,22,0
night,planner,random,10092,3,0,3,0,22,12,8,0,6,23,0
night,planner,random,10092,4,1,5,22,22,10,46,12,10,24,0
night,planner,random,10093,0,1,2,22,22,3,3,0,4,20,0
night,planner,random,10093,1,1,2,19,22,4,8,0,4,21,0
night,planner,random,10093,2,1,4,15,22,8,17,0,7,22,0
night,planner,random,10093,3,1,4,19,22,7,26,0,8,23,0
night,planner,random,10093,4,1,3,18,22,8,27,6,6,24,0
night,planner,random,10094,0,1,2,16,22,6,0,4,4,20,0
night,planner,random,10094,1,1,2,8,22,10,3,0,4,21,0
night,planner,random,10094,2,0,2,0,22,12,0,0,4,22,0
night,planner,random,10094,3,1,4,11,22,9,16,0,8,23,0
night,planner,random,10094,4,1,5,22,22,6,42,4,10,24,0
night,planner,random,10095,0,1,2,22,22,3,3,0,3,20,0
night,planner,random,10095,1,1,2,12,22,7,4,0,4,21,0
night,planner,random,10095,2,1,3,15,22,11,12,0,6,22,0
night,planner,random,10095,3,1,4,21,22,7,26,0,8,23,0
night,planner,random,10095,4,1,4,12,22,13,28,6,8,24,0
night,planner,random,10096,0,1,2,22,22,3,3,0,4,20,0
night,planner,random,10096,1,1,2,19,22,4,8,0,4,21,0
night,planner,random,10096,2,1,4,10,22,6,10,0,7,22,0
night,planner,random,10096,3,1,4,22,22,7,27,0,8,23,0
night,planner,random,10096,4,1,5,19,22,10,41,10,10,24,0
night,planner,random,10097,0,1,2,18,22,3,3,0,3,20,0
night,planner,random,10097,1,1,2,19,22,4,8,0,4,21,0
night,planner,random,10097,2,1,3,9,22,14,9,0,6,22,0
night,planner,random,10097,3,1,4,9,22,13,18,0,8,23,0
night,planner,random,10097,4,1,4,13,22,10,28,10,8,24,0
night,planner,random,10098,0,1,2,22,22,3,3,0,3,20,0
night,planner,random,10098,1,1,2,12,22,7,4,0,4,21,0
night,planner,random,10098,2,1,3,21,22,8,15,0,6,22,0
night,planner,random,10098,3,1,4,17,22,10,23,0,8,23,0
night,planner,random,10098,4,1,4,6,22,11,15,0,7,24,0
night,planner,random,10099,0,1,2,22,22,3,3,0,4,20,0
night,planner,random,10099,1,1,2,12,22,7,4,0,4,21,0
night,planner,random,10099,2,1,3,17,22,7,18,0,6,22,0
night,planner,random,10099,3,1,4,22,22,7,25,0,8,23,0
night,planner,random,10099,4,1,4,22,22,5,40,6,8,24,0
night,planner,random,10100,0,1,2,22,22,3,3,0,3,20,0
night,planner,random,10100,1,1,2,13,22,7,5,0,4,21,0
night,planner,random,10100,2,1,3,9,22,14,9,0,6,22,0
night,planner,random,10100,3,0,2,0,22,10,3,0,4,23,0
night,planner,random,10100,4,1,5,21,22,5,42,4,9,24,0
night,planner,random,10101,0,1,2,21,22,3,4,0,3,20,0
night,planner,random,10101,1,1,2,19,22,4,8,0,4,21,0
night,planner,random,10101,2,1,3,22,22,4,20,0,6,22,0
night,planner,random,10101,3,1,4,18,22,8,24,0,8,23,0
night,planner,random,10101,4,1,5,14,22,8,38,6,10,24,0
night,planner,random,10102,0,1,2,19,22,3,4,0,3,20,0
night,planner,random,10102,1,1,2,14,22,7,6,0,4,21,0
night,planner,random,10102,2,1,3,22,22,4,12,0,6,22,0
night,planner,random,10102,3,1,4,22,22,6,26,0,8,23,0
night,planner,random,10102,4,1,5,18,22,9,33,0,10,24,0
night,planner,random,10103,0,1,2,22,22,3,3,0,4,20,0
night,planner,random,10103,1,1,2,19,22,4,8,0,4,21,0
night,planner,random,10103,2,1,3,4,22,14,4,0,6,22,0
night,planner,random,10103,3,0,2,0,22,6,0,0,4,23,0
night,planner,random,10103,4,1,4,22,22,6,27,0,7,24,0
night,planner,random,10104,0,1,2,21,22,0,3,0,3,20,0
night,planner,random,10104,1,1,2,12,22,7,4,0,4,21,0
night,planner,random,10104,2,1,3,11,22,10,6,0,6,22,0
night,planner,random,10104,3,1,4,21,22,6,25,0,8,23,0
night,planner,random,10104,4,1,5,13,22,6,30,0,9,24,0
night,planner,random,10105,0,1,2,22,22,0,4,0,4,20,0
night,planner,random,10105,1,1,2,15,22,7,6,0,4,21,0
night,planner,random,10105,2,1,3,15,22,11,12,0,6,22,0
night,planner,random,10105,3,1,4,22,22,7,25,0,8,23,0
night,planner,random,10105,4,1,5,22,22,6,42,4,9,24,0
night,planner,random,10106,0,1,2,19,22,3,4,0,3,20,0
night,planner,random,10106,1,1,2,14,22,7,6,0,4,21,0
night,planner,random,10106,2,1,3,12,22,11,9,0,6,22,0
night,planner,random,10106,3,1,4,21,22,7,26,0,8,23,0
night,planner,random,10106,4,1,4,22,22,9,31,6,8,24,0
night,planner,random,10107,0,1,2,22,22,3,3,0,4,20,0
night,planner,random,10107,1,1,2,19,22,4,8,0,4,21,0
night,planner,random,10107,2,1,4,13,22,8,15,0,7,22,0
night,planner,random,10107,3,0,2,0,22,10,3,0,4,23,0
night,planner,random,10107,4,1,5,9,22,11,34,0,9,24,0
night,planner,random,10108,0,1,2,22,22,3,3,0,3,20,0
night,planner,random,10108,1,1,2,12,22,7,4,0,4,21,0
night,planner,random,10108,2,1,3,15,22,11,12,0,6,22,0
night,planner,random,10108,3,1,4,15,22,10,23,0,8,23,0
night,planner,random,10108,4,1,4,12,22,9,33,6,8,24,0
night,planner,random,10109,0,1,2,22,22,3,3,0,3,20,0
night,planner,random,10109,1,1,2,12,22,7,4,0,4,21,0
night,planner,random,10109,2,1,4,12,22,7,13,0,7,22,0
night,planner,random,10109,3,1,4,10,22,10,22,0,8,23,0
night,planner,random,10109,4,1,4,11,22,12,28,6,8,24,0
night,planner,random,10110,0,1,2,22,22,3,3,0,3,20,0
night,planner,random,10110,1,1,2,22,22,4,6,0,4,21,0
night,planner,random,10110,2,1,3,21,22,10,17,0,6,22,0
night,planner,random,10110,3,1,4,22,22,7,27,0,8,23,0
night,planner,random,10110,4,1,6,13,22,6,42,0,10,24,0
night,planner,random,10111,0,1,2,22,22,0,0,0,4,20,0
night,planner,random,10111,1,1,2,19,22,4,8,0,4,21,0
night,planner,random,10111,2,1,4,13,22,8,15,0,7,22,0
night,planner,random,10111,3,1,4,21,22,7,24,0,8,23,0
night,planner,random,10111,4,1,4,12,22,11,28,6,8,24,0
night,planner,random,10112,0,1,2,22,22,0,0,0,3,20,0
night,planner,random,10112,1,1,2,19,22,4,8,0,4,21,0
night,planner,random,10112,2,1,3,21,22,8,15,0,6,22,0
night,planner,random,10112,3,1,4,22,22,7,27,0,8,23,0
night,planner,random,10112,4,1,4,14,22,8,28,6,8,24,0
night,planner,random,10113,0,1,2,22,22,3,3,0,4,20,0
night,planner,random,10113,1,1,2,8,22,10,3,0,4,21,0
night,planner,random,10113,2,1,4,14,22,8,16,0,7,22,0
night,planner,random,10113,3,1,4,19,22,10,23,0,8,23,0
night,planner,random,10113,4,0,4,0,22,10,25,0,7,24,0
night,planner,random,10114,0,1,2,19,22,3,4,0,3,20,0
night,planner,random,10114,1,1,2,19,22,4,8,0,4,21,0
night,planner,random,10114,2,1,4,14,22,8,16,0,7,22,0
night,planner,random,10114,3,1,4,10,22,6,12,0,8,23,0
night,planner,random,10114,4,1,4,22,22,5,40,6,8,24,0
night,planner,random,10115,0,1,2,22,22,3,3,0,4,20,0
night,planner,random,10115,1,1,2,12,22,7,4,0,4,21,0
night,planner,random,10115,2,1,3,22,22,6,14,0,6,22,0
night,planner,random,10115,3,1,4,22,22,7,29,0,8,23,0
night,planner,random,10115,4,1,5,12,22,7,33,0,8,24,0
night,planner,random,10116,0,1,2,22,22,3,3,0,3,20,0
night,planner,random,10116,1,1,2,19,22,4,8,0,4,21,0
night,planner,random,10116,2,1,3,7,22,13,6,0,6,22,0
night,planner,random,10116,3,1,4,19,22,7,24,0,8,23,0
night,planner,random,10116,4,1,4,22,22,8,31,6,8,24,0
night,planner,random,10117,0,1,2,17,22,5,0,4,4,20,0
night,planner,random,10117,1,1,2,13,22,7,5,0,4,21,0
night,planner,random,10117,2,1,3,22,22,7,15,0,6,22,0
night,planner,random,10117,3,1,4,17,22,6,21,0,8,23,0
night,planner,random,10117,4,1,4,19,22,11,29,6,8,24,0
night,planner,random,10118,0,1,2,20,22,3,5,0,3,20,0
night,planner,random,10118,1,1,2,12,22,7,4,0,4,21,0
night,planner,random,10118,2,1,3,22,22,6,14,0,6,22,0
night,planner,random,10118,3,1,4,20,22,10,26,0,8,23,0
night,planner,random,10118,4,1,4,15,22,12,27,6,8,24,0
night,planner,random,10119,0,1,2,22,22,3,3,0,4,20,0
night,planner,random,10119,1,1,2,22,22,4,6,0,4,21,0
night,planner,random,10119,2,1,4,14,22,8,16,0,7,22,0
night,planner,random,10119,3,1,4,9,22,11,16,0,8,23,0
night,planner,random,10119,4,1,6,11,22,6,41,0,11,24,0
night,planner,random,10120,0,1,2,20,22,3,5,0,3,20,0
night,planner,random,10120,1,1,2,12,22,7,4,0,4,21,0
night,planner,random,10120,2,1,4,13,22,8,15,0,7,22,0
night,planner,random,10120,3,1,4,19,22,7,26,0,8,23,0
night,planner,random,10120,4,1,4,9,22,17,28,12,8,24,0
night,planner,random,10121,0,1,2,22,22,0,0,0,4,20,0
night,planner,random,10121,1,1,2,12,22,7,4,0,4,21,0
night,planner,random,10121,2,1,4,21,22,3,18,0,7,22,0
night,planner,random,10121,3,1,4,17,22,10,23,0,8,23,0
night,planner,random,10121,4,0,4,0,22,14,24,6,8,24,0
night,planner,random,10122,0,1,2,20,22,0,2,0,3,20,0
night,planner,random,10122,1,1,2,20,22,4,8,0,4,21,0
night,planner,random,10122,2,1,3,18,22,10,14,0,6,22,0
night,planner,random,10122,3,1,4,9,22,10,15,0,8,23,0
night,planner,random,10122,4,1,5,17,22,9,41,4,10,24,0
night,planner,random,10123,0,1,2,22,22,3,3,0,4,20,0
night,planner,random,10123,1,1,2,19,22,4,8,0,4,21,0
night,planner,random,10123,2,1,4,12,22,8,14,0,7,22,0
night,planner,random,10123,3,1,4,16,22,10,24,0,8,23,0
night,planner,random,10123,4,0,3,0,22,11,19,6,6,24,0
night,planner,random,10124,0,1,2,22,22,3,3,0,3,20,0
night,planner,random,10124,1,1,2,19,22,4,8,0,4,21,0
night,planner,random,10124,2,1,3,18,22,10,14,0,6,22,0
night,planner,random,10124,3,1,4,11,22,10,23,0,8,23,0
night,planner,random,10124,4,1,4,22,22,9,26,6,8,24,0
night,planner,random,10125,0,1,2,22,22,3,3,0,3,20,0
night,planner,random,10125,1,1,2,22,22,4,6,0,4,21,0
night,planner,random,10125,2,1,4,13,22,8,15,0,7,22,0
night,planner,random,10125,3,1,4,19,22,9,26,0,8,23,0
night,planner,random,10125,4,1,5,22,22,5,41,4,10,24,0
night,planner,random,10126,0,1,2,22,22,3,3,0,4,20,0
night,planner,random,10126,1,1,2,12,22,7,4,0,4,21,0
night,planner,random,10126,2,1,3,22,22,7,15,0,6,22,0
night,planner,random,10126,3,1,4,17,22,8,23,0,8,23,0
night,planner,random,10126,4,1,4,18,22,10,33,6,8,24,0
night,planner,random,10127,0,1,2,18,22,6,2,0,3,20,0
night,planner,random,10127,1,1,2,19,22,4,8,0,4,21,0
night,planner,random,10127,2,1,3,21,22,8,15,0,6,22,0
night,planner,random,10127,3,1,4,22,22,7,25,0,8,23,0
night,planner,random,10127,4,1,5,19,22,6,33,0,9,24,0
night,planner,random,10128,0,1,2,19,22,3,4,0,3,20,0
night,planner,random,10128,1,1,2,15,22,6,6,0,4,21,0
night,planner,random,10128,2,1,3,22,22,4,12,0,6,22,0
night,planner,random,10128,3,1,4,18,22,10,24,0,8,23,0
night,planner,random,10128,4,1,5,19,22,6,36,4,9,24,0
night,planner,random,10129,0,1,2,19,22,3,0,0,3,20,0
night,planner,random,10129,1,1,2,19,22,4,8,0,4,21,0
night,planner,random,10129,2,1,3,7,22,13,6,0,6,22,0
night,planner,random,10129,3,1,4,22,22,3,23,0,8,23,0
night,planner,random,10129,4,1,5,7,22,7,28,0,7,24,0
night,planner,random,10130,0,1,2,22,22,3,3,0,4,20,0
night,planner,random,10130,1,1,2,19,22,4,8,0,4,21,0
night,planner,random,10130,2,1,3,7,22,11,12,0,6,22,0
night,planner,random,10130,3,1,4,11,22,9,14,0,8,23,0
night,planner,random,10130,4,1,5,9,22,9,34,4,10,24,0
night,planner,random,10131,0,1,2,22,22,3,3,0,3,20,0
night,planner,random,10131,1,1,2,10,22,9,4,4,4,21,0
night,planner,random,10131,2,1,3,21,22,10,17,0,6,22,0
night,planner,random,10131,3,1,4,19,22,9,24,0,8,23,0
night,planner,random,10131,4,1,5,14,22,10,35,0,9,24,0
night,planner,random,10132,0,1,2,22,22,0,0,0,4,20,0
night,planner,random,10132,1,1,2,19,22,4,8,0,4,21,0
night,planner,random,10132,2,1,3,18,22,8,12,0,6,22,0
night,planner,random,10132,3,1,4,22,22,4,24,0,8,23,0
night,planner,random,10132,4,1,4,12,22,12,26,4,8,24,0
night,planner,random,10133,0,1,2,22,22,3,3,0,3,20,0
night,planner,random,10133,1,1,2,19,22,4,8,0,4,21,0
night,planner,random,10133,2,1,3,15,22,11,12,0,6,22,0
night,planner,random,10133,3,1,4,15,22,10,23,0,8,23,0
night,planner,random,10133,4,1,4,16,22,15,27,6,8,24,0
night,planner,random,10134,0,1,2,22,22,3,3,0,3,20,0
night,planner,random,10134,1,1,2,19,22,4,8,0,4,21,0
night,planner,random,10134,2,1,3,16,22,11,12,0,6,22,0
night,planner,random,10134,3,1,4,22,22,7,25,0,8,23,0
night,planner,random,10134,4,1,4,15,22,12,28,6,8,24,0
night,planner,random,10135,0,1,2,22,22,3,3,0,4,20,0
night,planner,random,10135,1,1,2,20,22,4,8,0,4,21,0
night,planner,random,10135,2,1,3,18,22,10,14,0,6,22,0
night,planner,random,10135,3,1,4,5,22,12,15,0,8,23,0
night,planner,random,10135,4,1,5,13,22,11,33,8,10,24,0
night,planner,random,10136,0,1,2,19,22,3,0,0,3,20,0
night,planner,random,10136,1,1,2,19,22,4,8,0,4,21,0
night,planner,random,10136,2,1,4,17,22,7,18,0,7,22,0
night,planner,random,10136,3,1,4,14,22,10,22,0,8,23,0
night,planner,random,10136,4,1,4,2,22,15,18,0,7,24,0
night,planner,random,10137,0,1,2,22,22,3,3,0,3,20,0
night,planner,random,10137,1,1,2,19,22,4,8,0,4,21,0
night,planner,random,10137,2,1,3,22,22,7,15,0,6,22,0
night,planner,random,10137,3,1,4,22,22,3,23,0,8,23,0
night,planner,random,10137,4,1,5,7,22,11,35,6,9,24,0
night,planner,random,10138,0,1,2,22,22,3,3,0,3,20,0
night,planner,random,10138,1,1,2,13,22,7,4,0,4,21,0
night,planner,random,10138,2,1,3,21,22,8,15,0,6,22,0
night,planner,random,10138,3,1,4,10,22,6,14,0,8,23,0
night,planner,random,10138,4,1,4,11,22,12,26,6,8,24,0
night,planner,random,10139,0,1,2,22,22,3,3,0,3,20,0
night,planner,random,10139,1,1,2,14,22,7,5,0,4,21,0
night,planner,random,10139,2,1,3,22,22,7,15,0,6,22,0
night,planner,random,10139,3,1,4,10,22,10,16,0,8,23,0
night,planner,random,10139,4,1,5,16,22,6,39,0,10,24,0
night,planner,random,10140,0,1,2,22,22,3,3,0,3,20,0
night,planner,random,10140,1,1,2,14,22,7,6,0,4,21,0
night,planner,random,10140,2,1,4,15,22,8,17,0,7,22,0
night,planner,random,10140,3,1,4,22,22,4,24,0,8,23,0
night,planner,random,10140,4,1,5,6,22,9,26,4,9,24,0
night,planner,random,10141,0,1,2,22,22,3,3,0,3,20,0
night,planner,random,10141,1,1,2,19,22,4,8,0,4,21,0
night,planner,random,10141,2,1,3,14,22,10,10,0,6,22,0
night,planner,random,10141,3,1,4,22,22,7,25,0,8,23,0
night,planner,random,10141,4,1,4,15,22,11,24,0,7,24,0
night,planner,random,10142,0,1,2,22,22,3,3,0,3,20,0
night,planner,random,10142,1,1,2,19,22,4,8,0,4,21,0
night,planner,random,10142,2,1,3,18,22,10,14,0,6,22,0
night,planner,random,10142,3,1,4,12,22,5,21,0,8,23,0
night,planner,random,10142,4,1,5,22,22,9,44,6,10,24,0
night,planner,random,10143,0,1,2,22,22,0,0,0,4,20,0
night,planner,random,10143,1,1,2,19,22,4,8,0,4,21,0
night,planner,random,10143,2,1,3,15,22,11,12,0,6,22,0
night,planner,random,10143,3,1,4,22,22,6,26,0,8,23,0
night,planner,random,10143,4,1,4,11,22,11,27,6,8,24,0
night,planner,random,10144,0,1,2,22,22,3,3,0,3,20,0
night,planner,random,10144,1,1,2,12,22,7,4,0,4,21,0
night,planner,random,10144,2,1,4,14,22,3,11,0,7,22,0
night,planner,random,10144,3,1,4,20,22,7,23,0,7,23,0
night,planner,random,10144,4,1,4,11,22,11,21,0,7,24,0
night,planner,random,10145,0,1,2,22,22,3,3,0,4,20,0
night,planner,random,10145,1,1,2,12,22,7,4,0,4,21,0
night,planner,random,10145,2,1,3,9,22,14,9,0,6,22,0
night,planner,random,10145,3,1,4,18,22,7,27,0,8,23,0
night,planner,random,10145,4,1,4,13,22,12,30,6,8,24,0
night,planner,random,10146,0,1,2,22,22,3,3,0,3,20,0
night,planner,random,10146,1,1,2,14,22,7,6,0,4,21,0
night,planner,random,10146,2,1,3,15,22,11,12,0,6,22,0
night,planner,random,10146,3,1,4,16,22,10,22,0,8,23,0
night,planner,random,10146,4,1,4,17,22,11,30,10,8,24,0
night,planner,random,10147,0,1,2,22,22,3,3,0,4,20,0
night,planner,random,10147,1,1,2,19,22,4,8,0,4,21,0
night,planner,random,10147,2,1,4,17,22,7,18,0,7,22,0
night,planner,random,10147,3,1,4,17,22,10,23,0,8,23,0
night,planner,random,10147,4,1,4,13,22,11,29,6,8,24,0
night,planner,random,10148,0,1,2,20,22,0,2,0,3,20,0
night,planner,random,10148,1,1,2,19,22,4,8,0,4,21,0
night,planner,random,10148,2,1,3,15,22,11,12,0,6,22,0
night,planner,random,10148,3,1,4,21,22,6,27,0,8,23,0
night,planner,random,10148,4,1,4,22,22,11,32,6,8,24,0
night,planner,random,10149,0,1,2,22,22,3,3,0,3,20,0
night,planner,random,10149,1,1,2,19,22,4,8,0,4,21,0
night,planner,random,10149,2,1,3,12,22,11,9,0,6,22,0
night,planner,random,10149,3,0,2,0,22,10,3,0,4,23,0
night,planner,random,10149,4,1,5,12,22,9,35,6,10,24,0
night,planner,random,10150,0,1,2,22,22,0,0,0,3,20,0
night,planner,random,10150,1,1,2,9,22,6,0,0,4,21,0
night,planner,random,10150,2,1,4,17,22,7,18,0,7,22,0
night,planner,random,10150,3,1,4,21,22,7,26,0,8,23,0
night,planner,random,10150,4,1,4,2,22,17,22,6,8,24,0
night,planner,random,10151,0,1,2,20,22,3,5,0,3,20,0
night,planner,random,10151,1,1,2,15,22,6,6,0,4,21,0
night,planner,random,10151,2,1,3,14,22,10,10,0,6,22,0
night,planner,random,10151,3,1,4,14,22,10,22,0,8,23,0
night,planner,random,10151,4,1,5,22,22,5,35,4,9,24,0
night,planner,random,10152,0,1,2,21,22,3,4,0,3,20,0
night,planner,random,10152,1,1,2,19,22,4,8,0,4,21,0
night,planner,random,10152,2,1,4,10,22,10,14,0,7,22,0
night,planner,random,10152,3,1,4,22,22,7,23,0,8,23,0
night,planner,random,10152,4,1,4,19,22,12,33,6,8,24,0
night,planner,random,10153,0,1,2,22,22,3,3,0,4,20,0
night,planner,random,10153,1,1,2,7,22,10,2,0,4,21,0
night,planner,random,10153,2,1,3,12,22,11,9,0,6,22,0
night,planner,random,10153,3,1,4,22,22,7,23,0,8,23,0
night,planner,random,10153,4,1,5,20,22,8,44,6,10,24,0
night,planner,random,10154,0,1,2,18,22,3,3,0,3,20,0
night,planner,random,10154,1,1,2,19,22,4,8,0,4,21,0
night,planner,random,10154,2,1,3,16,22,11,12,0,6,22,0
night,planner,random,10154,3,1,4,7,22,11,16,0,8,23,0
night,planner,random,10154,4,0,3,0,22,11,14,6,6,24,0
night,planner,random,10155,0,1,2,22,22,0,0,0,3,20,0
night,planner,random,10155,1,1,2,12,22,7,4,0,4,21,0
night,planner,random,10155,2,0,2,0,22,10,3,0,4,22,0
night,planner,random,10155,3,1,4,19,22,6,23,0,8,23,0
night,planner,random,10155,4,1,4,19,22,11,33,6,8,24,0
night,planner,random,10156,0,1,2,22,22,3,3,0,3,20,0
night,planner,random,10156,1,1,2,19,22,4,8,0,4,21,0
night,planner,random,10156,2,1,3,15,22,11,12,0,6,22,0
night,planner,random,10156,3,1,4,17,22,6,19,0,8,23,0
night,planner,random,10156,4,1,4,9,22,9,27,4,8,24,0
night,planner,random,10157,0,1,2,20,22,3,5,0,3,20,0
night,planner,random,10157,1,1,2,19,22,4,8,0,4,21,0
night,planner,random,10157,2,1,3,12,22,11,9,0,6,22,0
night,planner,random,10157,3,1,4,9,22,7,12,0,8,23,0
night,planner,random,10157,4,1,4,7,22,10,19,4,8,24,0
night,planner,random,10158,0,1,2,22,22,0,0,0,4,20,0
night,planner,random,10158,1,1,2,7,22,10,2,0,4,21,0
night,planner,random,10158,2,1,3,15,22,11,12,0,6,22,0
night,planner,random,10158,3,1,4,21,22,6,25,0,8,23,0
night,planner,random,10158,4,1,5,9,22,7,32,0,8,24,0
night,planner,random,10159,0,1,2,22,22,0,0,0,3,20,0
night,planner,random,10159,1,1,2,12,22,7,4,0,4,21,0
night,planner,random,10159,2,1,4,17,22,7,18,0,7,22,0
night,planner,random,10159,3,1,4,20,22,3,19,0,8,23,0
night,planner,random,10159,4,1,5,22,22,6,42,4,10,24,0
night,planner,random,10160,0,1,2,22,22,3,3,0,3,20,0
night,planner,random,10160,1,1,2,9,22,6,0,0,4,21,0
night,planner,random,10160,2,1,3,22,22,7,15,0,6,22,0
night,planner,random,10160,3,1,4,11,22,10,23,0,8,23,0
night,planner,random,10160,4,1,4,22,22,9,31,6,8,24,0
night,planner,random,10161,0,1,2,20,22,3,5,0,3,20,0
night,planner,random,10161,1,1,2,14,22,7,6,0,4,21,0
night,planner,random,10161,2,1,3,22,22,7,15,0,6,22,0
night,planner,random,10161,3,1,5,16,22,6,30,0,9,23,0
night,planner,random,10161,4,0,3,0,22,12,17,6,6,24,0
night,planner,random,10162,0,1,2,19,22,3,4,0,3,20,0
night,planner,random,10162,1,1,2,17,22,7,4,0,4,21,0
night,planner,random,10162,2,1,4,16,22,6,16,0,7,22,0
night,planner,random,10162,3,1,3,11,22,8,15,0,6,23,0
night,planner,random,10162,4,1,5,21,22,6,38,0,10,24,0
night,planner,random,10163,0,1,2,19,22,3,0,0,3,20,0
night,planner,random,10163,1,1,2,19,22,4,8,0,4,21,0
night,planner,random,10163,2,0,2,0,22,10,3,0,4,22,0
night,planner,random,10163,3,1,4,19,22,9,26,0,8,23,0
night,planner,random,10163,4,1,4,10,22,8,25,4,7,24,0
night,planner,random,10164,0,1,2,22,22,3,3,0,4,20,0
night,planner,random,10164,1,1,2,19,22,4,8,0,4,21,0
night,planner,random,10164,2,1,4,15,22,4,13,0,7,22,0
night,planner,random,10164,3,1,4,15,22,10,23,0,8,23,0
night,planner,random,10164,4,1,4,20,22,8,37,6,8,24,0
night,planner,random,10165,0,1,2,22,22,0,0,0,3,20,0
night,planner,random,10165,1,1,2,12,22,7,4,0,4,21,0
night,planner,random,10165,2,1,4,17,22,7,18,0,7,22,0
night,planner,random,10165,3,1,4,15,22,7,24,0,8,23,0
night,planner,random,10165,4,1,3,12,22,11,21,6,6,24,0
night,planner,random,10166,0,1,2,22,22,3,3,0,3,20,0
night,planner,random,10166,1,1,2,19,22,4,8,0,4,21,0
night,planner,random,10166,2,1,3,21,22,8,15,0,6,22,0
night,planner,random,10166,3,1,4,17,22,7,22,0,8,23,0
night,planner,random,10166,4,0,3,0,22,11,14,6,6,24,0
night,planner,random,10167,0,1,2,20,22,0,2,0,3,20,0
night,planner,random,10167,1,1,2,7,22,10,2,0,4,21,0
night,planner,random,10167,2,1,4,10,22,8,11,0,7,22,0
night,planner,random,10167,3,1,4,18,22,7,23,0,8,23,0
night,planner,random,10167,4,1,4,18,22,11,32,6,8,24,0
night,planner,random,10168,0,1,2,22,22,3,3,0,3,20,0
night,planner,random,10168,1,1,2,19,22,4,8,0,4,21,0
night,planner,random,10168,2,1,4,15,22,8,17,0,7,22,0
night,planner,random,10168,3,1,4,22,22,4,30,0,8,23,0
night,planner,random,10168,4,1,4,18,22,11,32,6,8,24,0
night,planner,random,10169,0,1,2,19,22,3,4,0,3,20,0
night,planner,random,10169,1,1,2,19,22,4,8,0,4,21,0
night,planner,random,10169,2,1,3,17,22,7,18,0,6,22,0
night,planner,random,10169,3,1,4,10,22,11,21,0,8,23,0
night,planner,random,10169,4,1,4,22,22,9,36,6,8,24,0
night,planner,random,10170,0,1,2,22,22,0,0,0,3,20,0
night,planner,random,10170,1,1,2,21,22,3,4,0,4,21,0
night,planner,random,10170,2,1,3,7,22,13,6,0,6,22,0
night,planner,random,10170,3,1,4,20,22,7,25,0,8,23,0
night,planner,random,10170,4,1,4,18,22,10,26,4,8,24,0
night,planner,random,10171,0,1,2,22,22,0,0,0,4,20,0
night,planner,random,10171,1,1,2,12,22,7,4,0,4,21,0
night,planner,random,10171,2,1,3,17,22,7,18,0,6,22,0
night,planner,random,10171,3,1,4,7,22,10,15,0,8,23,0
night,planner,random,10171,4,1,5,17,22,11,39,4,10,24,0
night,planner,random,10172,0,1,2,22,22,3,3,0,3,20,0
night,planner,random,10172,1,1,2,19,22,4,8,0,4,21,0
night,planner,random,10172,2,1,3,15,22,11,12,0,6,22,0
night,planner,random,10172,3,1,4,10,22,10,18,0,8,23,0
night,planner,random,10172,4,1,5,19,22,7,37,0,9,24,0
night,planner,random,10173,0,1,2,20,22,0,2,0,3,20,0
night,planner,random,10173,1,1,2,15,22,6,6,0,4,21,0
night,planner,random,10173,2,1,3,21,22,10,17,0,6,22,0
night,planner,random,10173,3,1,5,18,22,7,33,0,10,23,0
night,planner,random,10173,4,1,5,7,22,10,31,0,9,24,0
night,planner,random,10174,0,1,2,22,22,3,3,0,3,20,0
night,planner,random,10174,1,1,2,13,22,7,5,0,4,21,0
night,planner,random,10174,2,1,3,19,22,10,15,0,6,22,0
night,planner,random,10174,3,1,4,15,22,10,21,0,8,23,0
night,planner,random,10174,4,1,4,17,22,9,35,6,8,24,0
night,planner,random,10175,0,1,2,20,22,3,5,0,3,20,0
night,planner,random,10175,1,1,2,19,22,4,8,0,4,21,0
night,planner,random,10175,2,1,3,15,22,11,12,0,6,22,0
night,planner,random,10175,3,0,2,0,22,10,2,0,4,23,0
night,planner,random,10175,4,1,4,18,22,11,32,10,8,24,0
night,planner,random,10176,0,1,2,22,22,0,0,0,3,20,0
night,planner,random,10176,1,1,2,19,22,4,8,0,4,21,0
night,planner,random,10176,2,1,4,12,22,10,15,0,7,22,0
night,planner,random,10176,3,0,2,0,22,6,0,0,4,23,0
night,planner,random,10176,4,1,4,14,22,14,26,6,8,24,0
night,planner,random,10177,0,1,2,22,22,3,3,0,3,20,0
night,planner,random,10177,1,1,2,12,22,7,4,0,4,21,0
night,planner,random,10177,2,1,4,14,22,8,16,0,7,22,0
night,planner,random,10177,3,1,3,4,22,11,11,0,6,23,0
night,planner,random,10177,4,1,4,22,22,8,36,6,8,24,0
night,planner,random,10178,0,1,2,22,22,3,3,0,3,20,0
night,planner,random,10178,1,1,2,15,22,6,6,0,4,21,0
night,planner,random,10178,2,1,3,22,22,7,15,0,6,22,0
night,planner,random,10178,3,1,4,19,22,10,25,0,8,23,0
night,planner,random,10178,4,1,5,11,22,8,35,0,9,24,0
night,planner,random,10179,0,1,2,20,22,0,2,0,3,20,0
night,planner,random,10179,1,1,2,14,22,7,6,0,4,21,0
night,planner,random,10179,2,1,3,15,22,11,12,0,6,22,0
night,planner,random,10179,3,1,4,21,22,7,30,0,8,23,0
night,planner,random,10179,4,1,5,2,22,12,31,4,10,24,0
night,planner,random,10180,0,1,2,19,22,3,4,0,3,20,0
night,planner,random,10180,1,1,2,19,22,4,8,0,4,21,0
night,planner,random,10180,2,1,3,18,22,10,14,0,6,22,0
night,planner,random,10180,3,1,4,17,22,10,25,0,8,23,0
night,planner,random,10180,4,1,4,21,22,7,27,0,7,24,0
night,planner,random,10181,0,1,2,22,22,3,3,0,4,20,0
night,planner,random,10181,1,1,2,9,22,6,0,0,4,21,0
night,planner,random,10181,2,1,4,12,22,10,16,0,7,22,0
night,planner,random,10181,3,1,4,22,22,4,26,0,8,23,0
night,planner,random,10181,4,1,5,18,22,6,34,4,9,24,0
night,planner,random,10182,0,1,2,18,22,6,2,0,3,20,0
night,planner,random,10182,1,1,2,10,22,9,4,4,4,21,0
night,planner,random,10182,2,1,3,15,22,11,12,0,6,22,0
night,planner,random,10182,3,1,4,11,22,7,14,0,8,23,0
night,planner,random,10182,4,1,4,6,22,14,18,0,7,24,0
night,planner,random,10183,0,1,2,22,22,3,3,0,3,20,0
night,planner,random,10183,1,1,2,19,22,4,8,0,4,21,0
night,planner,random,10183,2,1,4,9,22,8,11,0,7,22,0
night,planner,random,10183,3,1,4,22,22,7,27,0,8,23,0
night,planner,random,10183,4,1,5,19,22,6,39,4,10,24,0
night,planner,random,10184,0,1,2,22,22,0,0,0,3,20,0
night,planner,random,10184,1,1,2,17,22,7,4,0,4,21,0
night,planner,random,10184,2,1,3,12,22,11,9,0,6,22,0
night,planner,random,10184,3,1,4,21,22,6,25,0,7,23,0
night,planner,random,10184,4,1,4,22,22,6,35,4,8,24,0
night,planner,random,10185,0,1,2,22,22,3,3,0,3,20,0
night,planner,random,10185,1,1,2,16,22,3,4,0,4,21,0
night,planner,random,10185,2,1,3,21,22,8,15,0,6,22,0
night,planner,random,10185,3,1,4,15,22,7,26,0,8,23,0
night,planner,random,10185,4,1,4,19,22,11,29,6,8,24,0
night,planner,random,10186,0,1,2,22,22,3,3,0,3,20,0
night,planner,random,10186,1,1,2,10,22,9,4,4,4,21,0
night,planner,random,10186,2,1,3,22,22,7,14,0,6,22,0
night,planner,random,10186,3,1,4,16,22,10,22,0,8,23,0
night,planner,random,10186,4,1,4,10,22,13,28,6,8,24,0
night,planner,random,10187,0,1,2,19,22,3,0,0,3,20,0
night,planner,random,10187,1,1,2,16,22,3,4,0,4,21,0
night,planner,random,10187,2,1,4,8,22,7,9,0,7,22,0
night,planner,random,10187,3,1,4,15,22,11,22,0,8,23,0
night,planner,random,10187,4,1,4,15,22,11,29,6,8,24,0
night,planner,random,10188,0,1,2,19,22,3,4,0,3,20,0
night,planner,random,10188,1,1,2,17,22,7,4,0,4,21,0
night,planner,random,10188,2,1,3,20,22,4,18,0,6,22,0
night,planner,random,10188,3,1,4,10,22,10,18,0,7,23,0
night,planner,random,10188,4,0,4,0,22,6,13,0,7,24,0
night,planner,random,10189,0,1,2,22,22,3,3,0,4,20,0
night,planner,random,10189,1,1,2,15,22,6,6,0,4,21,0
night,planner,random,10189,2,1,3,5,22,14,5,0,6,22,0
night,planner,random,10189,3,1,4,14,22,10,22,0,8,23,0
night,planner,random,10189,4,0,3,0,22,11,13,6,6,24,0
night,planner,random,10190,0,1,2,22,22,3,3,0,3,20,0
night,planner,random,10190,1,1,2,19,22,4,8,0,4,21,0
night,planner,random,10190,2,1,3,16,22,10,12,0,6,22,0
night,planner,random,10190,3,1,4,22,22,6,26,0,8,23,0
night,planner,random,10190,4,1,4,14,22,13,28,6,8,24,0
night,planner,random,10191,0,1,2,22,22,3,3,0,3,20,0
night,planner,random,10191,1,1,2,12,22,7,4,0,4,21,0
night,planner,random,10191,2,1,3,15,22,11,12,0,6,22,0
night,planner,random,10191,3,1,4,17,22,9,28,0,8,23,0
night,planner,random,10191,4,1,4,22,22,11,31,6,8,24,0
night,planner,random,10192,0,1,2,22,22,0,0,0,4,20,0
night,planner,random,10192,1,1,2,13,22,7,5,0,4,21,0
night,planner,random,10192,2,1,3,19,22,7,12,0,6,22,0
night,planner,random,10192,3,1,4,12,22,10,22,0,8,23,0
night,planner,random,10192,4,1,4,6,22,14,17,0,7,24,0
night,planner,random,10193,0,1,2,22,22,0,2,0,3,20,0
night,planner,random,10193,1,1,2,19,22,4,8,0,4,21,0
night,planner,random,10193,2,1,4,17,22,7,18,0,7,22,0
night,planner,random,10193,3,1,4,15,22,6,19,0,8,23,0
night,planner,random,10193,4,1,5,18,22,9,45,6,10,24,0
night,planner,random,10194,0,1,2,22,22,3,3,0,3,20,0
night,planner,random,10194,1,1,2,20,22,4,8,0,4,21,0
night,planner,random,10194,2,1,4,14,22,8,16,0,7,22,0
night,planner,random,10194,3,1,4,17,22,10,25,0,8,23,0
night,planner,random,10194,4,1,5,19,22,5,41,6,10,24,0
night,planner,random,10195,0,1,2,19,22,3,0,0,3,20,0
night,planner,random,10195,1,1,2,14,22,7,6,0,4,21,0
night,planner,random,10195,2,0,2,0,22,10,2,0,4,22,0
night,planner,random,10195,3,1,5,16,22,5,31,0,10,23,0
night,planner,random,10195,4,1,4,12,22,11,25,6,8,24,0
night,planner,random,10196,0,1,2,22,22,0,0,0,3,20,0
night,planner,random,10196,1,1,2,8,22,10,3,0,4,21,0
night,planner,random,10196,2,1,3,22,22,7,15,0,6,22,0
night,planner,random,10196,3,1,4,18,22,7,27,0,8,23,0
night,planner,random,10196,4,1,4,2,22,14,19,4,7,24,0
night,planner,random,10197,0,1,2,19,22,3,4,0,3,20,0
night,planner,random,10197,1,1,2,19,22,4,8,0,4,21,0
night,planner,random,10197,2,1,3,21,22,8,15,0,6,22,0
night,planner,random,10197,3,1,3,14,22,7,17,0,6,23,0
night,planner,random,10197,4,1,4,3,22,15,21,6,8,24,0
night,planner,random,10198,0,1,2,22,22,0,0,0,4,20,0
night,planner,random,10198,1,1,2,22,22,4,6,0,4,21,0
night,planner,random,10198,2,1,3,4,22,14,4,0,6,22,0
night,planner,random,10198,3,1,4,19,22,10,25,0,8,23,0
night,planner,random,10198,4,1,4,22,22,10,31,6,8,24,0
night,planner,random,10199,0,1,2,22,22,0,0,0,4,20,0
night,planner,random,10199,1,1,2,12,22,7,4,0,4,21,0
night,planner,random,10199,2,1,3,18,22,10,14,0,6,22,0
night,planner,random,10199,3,1,4,19,22,7,22,0,8,23,0
night,planner,random,10199,4,1,5,18,22,6,38,0,10,24,0
night,planner,random,10200,0,1,2,22,22,3,3,0,3,20,0
night,planner,random,10200,1,1,2,12,22,7,4,0,4,21,0
night,planner,random,10200,2,1,3,22,22,7,15,0,6,22,0
night,planner,random,10200,3,1,4,12,22,10,20,0,8,23,0
night,planner,random,10200,4,0,2,0,22,11,5,6,4,24,0
night,planner,random,10201,0,1,2,19,22,3,4,0,3,20,0
night,planner,random,10201,1,1,2,22,22,4,6,0,4,21,0
night,planner,random,10201,2,1,3,22,22,7,15,0,6,22,0
night,planner,random,10201,3,1,4,22,22,4,22,0,8,23,0
night,planner,random,10201,4,1,5,22,22,11,43,6,10,24,0
night,planner,random,10202,0,1,2,22,22,3,3,0,3,20,0
night,planner,random,10202,1,1,2,19,22,4,8,0,4,21,0
night,planner,random,10202,2,1,3,12,22,12,10,0,6,22,0
night,planner,random,10202,3,1,4,22,22,6,26,0,8,23,0
night,planner,random,10202,4,1,5,18,22,10,36,10,9,24,0
night,planner,random,10203,0,1,2,19,22,3,4,0,3,20,0
night,planner,random,10203,1,1,2,19,22,4,8,0,4,21,0
night,planner,random,10203,2,0,2,0,22,10,2,0,4,22,0
night,planner,random,10203,3,1,4,20,22,9,25,0,8,23,0
night,planner,random,10203,4,1,5,19,22,5,40,4,10,24,0
night,planner,random,10204,0,1,2,22,22,3,3,0,3,20,0
night,planner,random,10204,1,1,2,13,22,7,5,0,4,21,0
night,planner,random,10204,2,1,4,12,22,7,13,0,7,22,0
night,planner,random,10204,3,1,4,18,22,10,26,0,8,23,0
night,planner,random,10204,4,1,4,12,22,11,26,4,8,24,0
night,planner,random,10205,0,1,2,21,22,3,4,0,3,20,0
night,planner,random,10205,1,1,2,12,22,7,4,0,4,21,0
night,planner,random,10205,2,1,3,15,22,11,12,0,6,22,0
night,planner,random,10205,3,1,3,10,22,10,16,0,6,23,0
night,planner,random,10205,4,1,5,11,22,6,33,0,9,24,0
night,planner,random,10206,0,1,2,22,22,0,0,0,3,20,0
night,planner,random,10206,1,1,2,19,22,4,8,0,4,21,0
night,planner,random,10206,2,1,3,15,22,10,11,0,6,22,0
night,planner,random,10206,3,1,4,8,22,13,17,0,7,23,0
night,planner,random,10206,4,1,4,7,22,11,21,0,7,24,0
night,planner,random,10207,0,1,2,22,22,3,3,0,3,20,0
night,planner,random,10207,1,1,2,16,22,3,4,0,4,21,0
night,planner,random,10207,2,1,3,22,22,7,15,0,6,22,0
night,planner,random,10207,3,1,4,19,22,10,25,0,8,23,0
night,planner,random,10207,4,1,4,10,22,9,26,4,8,24,0
night,planner,random,10208,0,1,2,22,22,3,3,0,4,20,0
night,planner,random,10208,1,1,2,19,22,4,8,0,4,21,0
night,planner,random,10208,2,1,3,21,22,10,17,0,6,22,0
night,planner,random,10208,3,0,2,0,22,10,2,0,4,23,0
night,planner,random,10208,4,0,4,0,22,12,21,0,8,24,0
night,planner,random,10209,0,1,2,22,22,3,3,0,3,20,0
night,planner,random,10209,1,1,2,12,22,7,4,0,4,21,0
night,planner,random,10209,2,1,3,22,22,6,14,0,6,22,0
night,planner,random,10209,3,1,5,9,22,10,27,0,9,23,0
night,planner,random,10209,4,1,4,6,22,14,23,4,8,24,0
night,planner,random,10210,0,1,2,21,22,3,4,0,3,20,0
night,planner,random,10210,1,1,2,19,22,4,8,0,4,21,0
night,planner,random,10210,2,1,3,15,22,11,12,0,6,22,0
night,planner,random,10210,3,1,4,22,22,7,27,0,8,23,0
night,planner,random,10210,4,1,4,22,22,10,32,12,8,24,0
night,planner,random,10211,0,1,2,22,22,3,3,0,4,20,0
night,planner,random,10211,1,1,2,14,22,7,6,0,4,21,0
night,planner,random,10211,2,1,3,18,22,10,14,0,6,22,0
night,planner,random,10211,3,1,4,16,22,10,22,0,7,23,0
night,planner,random,10211,4,0,5,0,22,6,32,0,10,24,0
night,planner,random,10212,0,1,2,22,22,0,0,0,3,20,0
night,planner,random,10212,1,1,2,19,22,4,8,0,4,21,0
night,planner,random,10212,2,1,4,12,22,9,15,0,8,22,0
night,planner,random,10212,3,1,4,22,22,7,25,0,8,23,0
night,planner,random,10212,4,1,4,5,22,6,20,4,8,24,0
night,planner,random,10213,0,1,2,22,22,3,3,0,3,20,0
night,planner,random,10213,1,1,2,19,22,4,8,0,4,21,0
night,planner,random,10213,2,1,4,11,22,7,12,0,7,22,0
night,planner,random,10213,3,1,3,4,22,11,11,0,6,23,0
night,planner,random,10213,4,0,3,0,22,6,16,0,5,24,0
night,planner,random,10214,0,1,2,20,22,0,2,0,3,20,0
night,planner,random,10214,1,1,2,19,22,4,8,0,4,21,0
night,planner,random,10214,2,1,3,22,22,7,15,0,6,22,0
night,planner,random,10214,3,1,4,22,22,4,24,0,8,23,0
night,planner,random,10214,4,1,5,15,22,10,39,12,9,24,0
night,planner,random,10215,0,1,2,22,22,3,3,0,3,20,0
night,planner,random,10215,1,1,2,8,22,10,3,0,4,21,0
night,planner,random,10215,2,1,4,14,22,8,16,0,7,22,0
night,planner,random,10215,3,1,4,21,22,7,26,0,8,23,0
night,planner,random,10215,4,0,4,0,22,11,27,6,7,24,0
night,planner,random,10216,0,1,2,22,22,2,2,4,4,20,0
night,planner,random,10216,1,1,2,13,22,7,5,0,4,21,0
night,planner,random,10216,2,1,3,15,22,11,12,0,6,22,0
night,planner,random,10216,3,1,4,22,22,4,20,0,8,23,0
night,planner,random,10216,4,1,4,10,22,13,18,6,8,24,0
night,planner,random,10217,0,1,2,22,22,0,0,0,3,20,0
night,planner,random,10217,1,1,2,12,22,7,4,0,4,21,0
night,planner,random,10217,2,1,3,22,22,7,15,0,6,22,0
night,planner,random,10217,3,1,4,22,22,7,23,0,8,23,0
night,planner,random,10217,4,1,5,19,22,5,38,0,9,24,0
night,planner,random,10218,0,1,2,20,22,0,2,0,3,20,0
night,planner,random,10218,1,1,2,12,22,7,4,0,4,21,0
night,planner,random,10218,2,1,3,22,22,7,15,0,6,22,0
night,planner,random,10218,3,1,4,18,22,10,24,0,8,23,0
night,planner,random,10218,4,0,4,0,22,12,27,10,8,24,0
night,planner,random,10219,0,1,2,20,22,0,2,0,3,20,0
night,planner,random,10219,1,1,2,19,22,4,8,0,4,21,0
night,planner,random,10219,2,1,3,22,22,7,15,0,6,22,0
night,planner,random,10219,3,1,4,22,22,0,16,0,8,23,0
night,planner,random,10219,4,1,4,11,22,12,25,6,8,24,0
night,planner,random,10220,0,1,2,22,22,3,3,0,4,20,0
night,planner,random,10220,1,1,2,19,22,4,8,0,4,21,0
night,planner,random,10220,2,1,4,12,22,7,13,0,7,22,0
night,planner,random,10220,3,1,4,22,22,4,28,0,8,23,0
night,planner,random,10220,4,1,4,5,22,14,31,12,8,24,0
night,planner,random,10221,0,1,2,22,22,3,3,0,3,20,0
night,planner,random,10221,1,1,2,19,22,4,8,0,4,21,0
night,planner,random,10221,2,1,4,17,22,7,18,0,7,22,0
night,planner,random,10221,3,1,4,20,22,7,23,0,8,23,0
night,planner,random,10221,4,1,4,22,22,9,36,6,8,24,0
night,planner,random,10222,0,1,2,22,22,0,2,0,3,20,0
night,planner,random,10222,1,1,2,19,22,4,8,0,4,21,0
night,planner,random,10222,2,1,3,9,22,14,9,0,6,22,0
night,planner,random,10222,3,1,4,13,22,10,19,0,8,23,0
night,planner,random,10222,4,1,5,22,22,3,36,0,9,24,0
night,planner,random,10223,0,1,2,22,22,0,0,0,4,20,0
night,planner,random,10223,1,1,2,14,22,7,6,0,4,21,0
night,planner,random,10223,2,1,3,15,22,11,12,0,6,22,0
night,planner,random,10223,3,1,3,14,22,7,17,0,6,23,0
night,planner,random,10223,4,1,5,22,22,6,39,0,10,24,0
night,planner,random,10224,0,1,2,20,22,0,2,0,3,20,0
night,planner,random,10224,1,1,2,10,22,9,4,4,4,21,0
night,planner,random,10224,2,1,3,15,22,11,12,0,6,22,0
night,planner,random,10224,3,1,4,13,22,10,21,0,8,23,0
night,planner,random,10224,4,1,4,13,22,7,33,6,8,24,0
night,planner,random,10225,0,1,2,22,22,3,3,0,3,20,0
night,planner,random,10225,1,1,2,19,22,4,8,0,4,21,0
night,planner,random,10225,2,1,3,22,22,4,12,0,6,22,0
night,planner,random,10225,3,1,4,22,22,7,25,0,8,23,0
night,planner,random,10225,4,1,4,18,22,11,26,6,7,24,0
night,planner,random,10226,0,1,2,22,22,3,3,0,3,20,0
night,planner,random,10226,1,1,2,19,22,4,8,0,4,21,0
night,planner,random,10226,2,1,3,21,22,8,15,0,6,22,0
night,planner,random,10226,3,1,4,7,22,11,18,0,8,23,0
night,planner,random,10226,4,1,4,11,22,11,31,10,8,24,0
night,planner,random,10227,0,1,2,22,22,3,3,0,3,20,0
night,planner,random,10227,1,1,2,22,22,4,6,0,4,21,0
night,planner,random,10227,2,1,3,15,22,11,12,0,6,22,0
night,planner,random,10227,3,1,4,17,22,7,20,0,8,23,0
night,planner,random,10227,4,1,4,11,22,11,17,4,8,24,0
night,planner,random,10228,0,1,2,22,22,3,3,0,4,20,0
night,planner,random,10228,1,1,2,19,22,4,8,0,4,21,0
night,planner,random,10228,2,1,3,14,22,10,10,0,6,22,0
night,planner,random,10228,3,1,4,19,22,10,23,0,8,23,0
night,planner,random,10228,4,1,4,21,22,12,30,6,8,24,0
night,planner,random,10229,0,1,2,22,22,3,5,0,3,20,0
night,planner,random,10229,1,1,2,19,22,4,8,0,4,21,0
night,planner,random,10229,2,1,4,13,22,8,15,0,7,22,0
night,planner,random,10229,3,1,4,22,22,7,27,0,8,23,0
night,planner,random,10229,4,1,4,12,22,12,25,4,8,24,0
night,planner,random,10230,0,1,2,22,22,3,3,0,3,20,0
night,planner,random,10230,1,1,2,19,22,4,8,0,4,21,0
night,planner,random,10230,2,1,3,12,22,12,10,4,6,22,0
night,planner,random,10230,3,1,4,21,22,3,26,0,8,23,0
night,planner,random,10230,4,1,4,22,22,8,27,6,8,24,0
night,planner,random,10231,0,1,2,20,22,3,5,0,3,20,0
night,planner,random,10231,1,1,2,13,22,7,5,0,4,21,0
night,planner,random,10231,2,1,4,11,22,8,13,0,7,22,0
night,planner,random,10231,3,1,4,17,22,7,22,0,8,23,0
night,planner,random,10231,4,1,4,12,22,12,27,6,8,24,0
night,planner,random,10232,0,1,2,22,22,3,3,0,4,20,0
night,planner,random,10232,1,1,2,19,22,4,8,0,4,21,0
night,planner,random,10232,2,1,3,14,22,10,10,0,6,22,0
night,planner,random,10232,3,0,3,0,22,13,9,0,6,23,0
night,planner,random,10232,4,1,4,12,22,6,28,0,7,24,0
night,planner,random,10233,0,1,2,20,22,3,5,0,3,20,0
night,planner,random,10233,1,1,2,19,22,4,8,0,4,21,0
night,planner,random,10233,2,1,3,21,22,8,14,0,6,22,0
night,planner,random,10233,3,1,4,22,22,4,24,0,8,23,0
night,planner,random,10233,4,1,4,13,22,9,29,4,8,24,0
night,planner,random,10234,0,1,2,20,22,3,5,0,3,20,0
night,planner,random,10234,1,1,2,19,22,4,8,0,4,21,0
night,planner,random,10234,2,1,3,16,22,9,10,0,6,22,0
night,planner,random,10234,3,1,4,11,22,9,18,0,8,23,0
night,planner,random,10234,4,1,5,12,22,8,35,0,9,24,0
night,planner,random,10235,0,1,2,22,22,3,3,0,3,20,0
night,planner,random,10235,1,1,2,20,22,4,8,0,4,21,0
night,planner,random,10235,2,1,3,15,22,11,12,0,6,22,0
night,planner,random,10235,3,1,4,15,22,10,23,0,8,23,0
night,planner,random,10235,4,1,4,19,22,13,28,14,8,24,0
night,planner,random,10236,0,1,2,22,22,3,3,0,3,20,0
night,planner,random,10236,1,1,2,12,22,7,4,0,4,21,0
night,planner,random,10236,2,1,4,16,22,10,20,0,8,22,0
night,planner,random,10236,3,1,4,19,22,6,25,0,7,23,0
night,planner,random,10236,4,0,3,0,22,8,20,6,6,24,0
night,planner,random,10237,0,1,2,22,22,0,0,0,4,20,0
night,planner,random,10237,1,1,2,13,22,7,5,0,4,21,0
night,planner,random,10237,2,1,3,12,22,11,9,0,6,22,0
night,planner,random,10237,3,1,4,9,22,13,18,0,8,23,0
night,planner,random,10237,4,1,4,1,22,15,21,6,8,24,0
night,planner,random,10238,0,1,2,22,22,3,3,0,3,20,0
night,planner,random,10238,1,1,2,19,22,4,8,0,4,21,0
night,planner,random,10238,2,1,3,18,22,10,14,0,6,22,0
night,planner,random,10238,3,1,4,18,22,10,26,0,8,23,0
night,planner,random,10238,4,1,5,10,22,9,30,0,8,24,0
night,planner,random,10239,0,1,2,20,22,3,5,0,3,20,0
night,planner,random,10239,1,1,2,19,22,4,8,0,4,21,0
night,planner,random,10239,2,1,3,19,22,8,13,0,6,22,0
night,planner,random,10239,3,1,4,6,22,12,16,0,8,23,0
night,planner,random,10239,4,1,5,14,22,7,37,0,10,24,0
night,planner,random,10240,0,1,2,20,22,0,2,0,3,20,0
night,planner,random,10240,1,1,2,13,22,7,5,0,4,21,0
night,planner,random,10240,2,1,3,12,22,11,9,0,6,22,0
night,planner,random,10240,3,0,2,0,22,10,2,0,4,23,0
night,planner,random,10240,4,1,4,21,22,13,29,12,7,24,0
night,planner,random,10241,0,1,2,22,22,0,0,0,3,20,0
night,planner,random,10241,1,1,2,13,22,7,5,0,4,21,0
night,planner,random,10241,2,1,3,22,22,7,15,0,6,22,0
night,planner,random,10241,3,1,4,22,22,7,25,0,8,23,0
night,planner,random,10241,4,1,5,15,22,7,36,0,9,24,0
night,planner,random,10242,0,1,2,22,22,3,3,0,3,20,0
night,planner,random,10242,1,1,2,19,22,4,8,0,4,21,0
night,planner,random,10242,2,1,3,21,22,8,15,0,6,22,0
night,planner,random,10242,3,1,4,22,22,4,22,0,8,23,0
night,planner,random,10242,4,0,3,0,22,9,14,4,6,24,0
night,planner,random,10243,0,1,2,20,22,0,0,0,3,20,0
night,planner,random,10243,1,1,2,19,22,4,8,0,4,21,0
night,planner,random,10243,2,1,3,22,22,4,12,0,6,22,0
night,planner,random,10243,3,1,4,22,22,7,25,0,8,23,0
night,planner,random,10243,4,1,5,9,22,7,27,0,8,24,0
night,planner,random,10244,0,1,2,22,22,3,3,0,4,20,0
night,planner,random,10244,1,1,2,19,22,4,8,0,4,21,0
night,planner,random,10244,2,1,4,13,22,8,15,0,7,22,0
night,planner,random,10244,3,1,4,19,22,7,22,0,8,23,0
night,planner,random,10244,4,1,4,19,22,9,27,4,8,24,0
night,planner,random,10245,0,1,2,22,22,3,3,0,4,20,0
night,planner,random,10245,1,1,2,19,22,4,8,0,4,21,0
night,planner,random,10245,2,1,3,22,22,7,15,0,6,22,0
night,planner,random,10245,3,1,4,22,22,7,27,0,8,23,0
night,planner,random,10245,4,1,5,17,22,6,39,0,9,24,0
night,planner,random,10246,0,1,2,22,22,0,0,0,4,20,0
night,planner,random,10246,1,1,2,14,22,7,6,0,4,21,0
night,planner,random,10246,2,1,4,15,22,7,16,0,8,22,0
night,planner,random,10246,3,1,4,22,22,6,26,0,8,23,0
night,planner,random,10246,4,1,5,16,22,7,37,0,10,24,0
night,planner,random,10247,0,1,2,18,22,6,2,0,3,20,0
night,planner,random,10247,1,1,2,15,22,6,6,0,4,21,0
night,planner,random,10247,2,1,3,19,22,10,14,0,6,22,0
night,planner,random,10247,3,1,4,20,22,7,23,0,8,23,0
night,planner,random,10247,4,1,4,18,22,8,22,4,8,24,0
night,planner,random,10248,0,1,2,22,22,3,3,0,4,20,0
night,planner,random,10248,1,1,2,19,22,4,8,0,4,21,0
night,planner,random,10248,2,1,3,18,22,10,14,0,6,22,0
night,planner,random,10248,3,1,4,19,22,7,18,0,8,23,0
night,planner,random,10248,4,1,5,15,22,9,36,0,10,24,0
night,planner,random,10249,0,1,2,13,22,6,1,0,3,20,0
night,planner,random,10249,1,1,2,14,22,7,6,0,4,21,0
night,planner,random,10249,2,1,3,17,22,7,10,0,6,22,0
night,planner,random,10249,3,1,4,20,22,7,27,0,8,23,0
night,planner,random,10249,4,1,4,21,22,10,33,6,8,24,0
night,planner,random,10250,0,1,2,22,22,3,3,0,3,20,0
night,planner,random,10250,1,1,2,19,22,4,8,0,4,21,0
night,planner,random,10250,2,1,3,18,22,10,14,0,6,22,0
night,planner,random,10250,3,1,4,22,22,6,26,0,8,23,0
night,planner,random,10250,4,1,4,22,22,8,28,6,8,24,0
night,planner,random,10251,0,1,2,20,22,0,2,0,3,20,0
night,planner,random,10251,1,1,2,12,22,7,4,0,4,21,0
night,planner,random,10251,2,1,3,15,22,11,12,0,6,22,0
night,planner,random,10251,3,1,4,20,22,8,26,0,8,23,0
night,planner,random,10251,4,1,5,21,22,5,42,4,10,24,0
night,planner,random,10252,0,1,2,22,22,3,3,0,3,20,0
night,planner,random,10252,1,1,2,12,22,7,4,0,4,21,0
night,planner,random,10252,2,1,4,17,22,7,18,0,7,22,0
night,planner,random,10252,3,1,4,21,22,3,18,0,8,23,0
night,planner,random,10252,4,1,4,22,22,8,33,6,8,24,0
night,planner,random,10253,0,1,2,20,22,3,5,0,3,20,0
night,planner,random,10253,1,1,2,19,22,4,8,0,4,21,0
night,planner,random,10253,2,1,3,19,22,8,13,0,6,22,0
night,planner,random,10253,3,1,4,19,22,9,24,0,7,23,0
night,planner,random,10253,4,1,5,16,22,3,31,0,9,24,0
night,planner,random,10254,0,1,2,22,22,3,3,0,3,20,0
night,planner,random,10254,1,1,2,13,22,7,5,0,4,21,0
night,planner,random,10254,2,1,4,17,22,7,18,0,7,22,0
night,planner,random,10254,3,1,4,16,22,10,24,0,8,23,0
night,planner,random,10254,4,1,4,8,22,16,20,6,8,24,0
night,planner,random,10255,0,1,2,22,22,3,3,0,3,20,0
night,planner,random,10255,1,1,2,19,22,4,8,0,4,21,0
night,planner,random,10255,2,1,3,22,22,6,14,0,6,22,0
night,planner,random,10255,3,1,4,21,22,9,28,0,8,23,0
night,planner,random,10255,4,1,5,18,22,8,37,0,9,24,0
night,planner,random,10256,0,1,2,19,22,3,0,0,3,20,0
night,planner,random,10256,1,1,2,12,22,7,4,0,4,21,0
night,planner,random,10256,2,1,3,21,22,10,17,0,6,22,0
night,planner,random,10256,3,1,4,19,22,9,26,0,8,23,0
night,planner,random,10256,4,0,4,0,22,13,23,4,8,24,0
night,planner,random,10257,0,1,2,20,22,0,2,0,3,20,0
night,planner,random,10257,1,1,2,12,22,7,4,0,4,21,0
night,planner,random,10257,2,1,3,15,22,11,12,0,6,22,0
night,planner,random,10257,3,1,4,9,22,11,18,0,8,23,0
night,planner,random,10257,4,1,5,19,22,6,39,4,10,24,0
night,planner,random,10258,0,1,2,22,22,3,3,0,3,20,0
night,planner,random,10258,1,1,2,19,22,4,8,0,4,21,0
night,planner,random,10258,2,1,3,21,22,10,17,0,6,22,0
night,planner,random,10258,3,1,4,17,22,10,21,0,8,23,0
night,planner,random,10258,4,1,4,1,22,15,21,6,8,24,0
night,planner,random,10259,0,1,2,20,22,0,2,0,3,20,0
night,planner,random,10259,1,1,2,12,22,7,4,0,4,21,0
night,planner,random,10259,2,1,3,15,22,11,12,0,6,22,0
night,planner,random,10259,3,1,4,22,22,4,26,0,8,23,0
night,planner,random,10259,4,1,5,15,22,8,34,4,10,24,0
night,planner,random,10260,0,1,2,22,22,3,3,0,4,20,0
night,planner,random,10260,1,1,2,12,22,7,4,0,4,21,0
night,planner,random,10260,2,1,3,21,22,8,15,0,6,22,0
night,planner,random,10260,3,1,4,22,22,7,25,0,8,23,0
night,planner,random,10260,4,1,5,11,22,9,34,0,10,24,0
night,planner,random,10261,0,1,2,22,22,3,3,0,4,20,0
night,planner,random,10261,1,1,2,19,22,4,8,0,4,21,0
night,planner,random,10261,2,1,4,20,22,8,22,0,8,22,0
night,planner,random,10261,3,0,4,0,22,9,15,0,8,23,0
night,planner,random,10261,4,1,4,10,22,6,25,0,6,24,0
night,planner,random,10262,0,1,2,13,22,6,1,0,3,20,0
night,planner,random,10262,1,1,2,12,22,7,4,0,4,21,0
night,planner,random,10262,2,1,4,14,22,8,16,0,7,22,0
night,planner,random,10262,3,1,4,22,22,7,23,0,8,23,0
night,planner,random,10262,4,1,4,12,22,9,24,4,8,24,0
night,planner,random,10263,0,1,2,22,22,3,3,0,3,20,0
night,planner,random,10263,1,1,2,5,22,10,0,0,3,21,0
night,planner,random,10263,2,1,3,22,22,7,15,0,6,22,0
night,planner,random,10263,3,1,4,16,22,6,18,0,8,23,0
night,planner,random,10263,4,1,4,6,22,16,19,4,8,24,0
night,planner,random,10264,0,1,2,22,22,0,0,0,4,20,0
night,planner,random,10264,1,1,2,16,22,6,6,0,4,21,0
night,planner,random,10264,2,1,3,15,22,11,12,0,6,22,0
night,planner,random,10264,3,1,4,22,22,4,24,0,8,23,0
night,planner,random,10264,4,1,4,11,22,10,31,4,8,24,0
night,planner,random,10265,0,1,2,22,22,0,0,0,3,20,0
night,planner,random,10265,1,1,2,12,22,7,4,0,4,21,0
night,planner,random,10265,2,1,3,15,22,11,12,0,6,22,0
night,planner,random,10265,3,1,4,22,22,7,25,0,8,23,0
night,planner,random,10265,4,1,4,19,22,11,28,6,8,24,0
night,planner,random,10266,0,1,2,22,22,3,3,0,3,20,0
night,planner,random,10266,1,1,2,12,22,7,4,0,4,21,0
night,planner,random,10266,2,1,3,15,22,11,12,0,6,22,0
night,planner,random,10266,3,1,4,14,22,10,26,0,8,23,0
night,planner,random,10266,4,1,4,8,22,10,30,10,8,24,0
night,planner,random,10267,0,1,2,22,22,3,3,0,3,20,0
night,planner,random,10267,1,1,2,13,22,7,5,0,4,21,0
night,planner,random,10267,2,1,3,21,22,8,15,0,6,22,0
night,planner,random,10267,3,1,4,16,22,10,22,0,8,23,0
night,planner,random,10267,4,1,4,17,22,11,31,10,8,24,0
night,planner,random,10268,0,1,2,22,22,3,3,0,3,20,0
night,planner,random,10268,1,1,2,12,22,7,4,0,4,21,0
night,planner,random,10268,2,1,3,7,22,13,6,0,6,22,0
night,planner,random,10268,3,1,4,22,22,4,26,0,8,23,0
night,planner,random,10268,4,1,4,9,22,11,25,4,8,24,0
night,planner,random,10269,0,1,2,22,22,3,3,0,3,20,0
night,planner,random,10269,1,1,2,19,22,4,8,0,4,21,0
night,planner,random,10269,2,1,3,14,22,13,13,0,6,22,0
night,planner,random,10269,3,1,4,21,22,6,23,0,8,23,0
night,planner,random,10269,4,0,3,0,22,6,9,0,6,24,0
night,planner,random,10270,0,1,2,22,22,3,3,0,3,20,0
night,planner,random,10270,1,1,2,19,22,4,8,0,4,21,0
night,planner,random,10270,2,1,3,9,22,14,9,0,6,22,0
night,planner,random,10270,3,1,4,11,22,10,21,0,8,23,0
night,planner,random,10270,4,1,4,22,22,11,28,6,8,24,0
night,planner,random,10271,0,1,2,22,22,3,3,0,4,20,0
night,planner,random,10271,1,1,2,19,22,4,8,0,4,21,0
night,planner,random,10271,2,1,4,10,22,10,14,0,7,22,0
night,planner,random,10271,3,1,3,5,22,10,11,0,6,23,0
night,planner,random,10271,4,1,4,12,22,12,19,4,8,24,0
night,planner,random,10272,0,1,2,22,22,3,3,0,3,20,0
night,planner,random,10272,1,1,2,10,22,9,4,4,4,21,0
night,planner,random,10272,2,1,4,11,22,10,15,0,7,22,0
night,planner,random,10272,3,1,4,19,22,7,26,0,8,23,0
night,planner,random,10272,4,1,5,19,22,9,42,6,10,24,0
night,planner,random,10273,0,1,2,22,22,3,3,0,4,20,0
night,planner,random,10273,1,1,2,14,22,7,6,0,4,21,0
night,planner,random,10273,2,1,3,18,22,10,14,0,6,22,0
night,planner,random,10273,3,1,4,13,22,10,23,0,8,23,0
night,planner,random,10273,4,1,4,9,22,11,19,0,7,24,0
night,planner,random,10274,0,1,2,22,22,0,0,0,4,20,0
night,planner,random,10274,1,1,2,13,22,4,2,0,4,21,0
night,planner,random,10274,2,1,3,16,22,10,12,0,6,22,0
night,planner,random,10274,3,1,4,22,22,4,24,0,8,23,0
night,planner,random,10274,4,1,4,20,22,8,33,6,8,24,0
night,planner,random,10275,0,1,2,22,22,0,0,0,3,20,0
night,planner,random,10275,1,1,2,19,22,4,8,0,4,21,0
night,planner,random,10275,2,1,3,22,22,7,15,0,6,22,0
night,planner,random,10275,3,1,4,15,22,10,23,0,8,23,0
night,planner,random,10275,4,1,5,22,22,8,44,6,10,24,0
night,planner,random,10276,0,1,2,22,22,0,0,0,4,20,0
night,planner,random,10276,1,1,2,19,22,4,8,0,4,21,0
night,planner,random,10276,2,1,3,18,22,10,14,0,6,22,0
night,planner,random,10276,3,1,4,5,22,13,18,0,8,23,0
night,planner,random,10276,4,1,5,17,22,10,39,4,10,24,0
night,planner,random,10277,0,1,2,20,22,0,2,0,3,20,0
night,planner,random,10277,1,1,2,19,22,4,8,0,4,21,0
night,planner,random,10277,2,1,3,12,22,11,9,0,6,22,0
night,planner,random,10277,3,1,4,21,22,7,26,0,8,23,0
night,planner,random,10277,4,1,5,16,22,6,39,4,10,24,0
night,planner,random,10278,0,1,2,22,22,3,3,0,3,20,0
night,planner,random,10278,1,1,2,19,22,4,8,0,4,21,0
night,planner,random,10278,2,1,3,22,22,9,17,0,6,22,0
night,planner,random,10278,3,1,4,19,22,7,22,0,8,23,0
night,planner,random,10278,4,1,5,22,22,8,40,4,10,24,0
night,planner,random,10279,0,1,2,22,22,3,3,0,3,20,0
night,planner,random,10279,1,1,2,14,22,7,6,0,4,21,0
night,planner,random,10279,2,1,3,21,22,9,16,0,6,22,0
night,planner,random,10279,3,1,4,19,22,6,23,0,8,23,0
night,planner,random,10279,4,1,5,6,22,8,28,0,9,24,0
night,planner,random,10280,0,1,2,20,22,0,2,0,3,20,0
night,planner,random,10280,1,1,2,14,22,7,6,0,4,21,0
night,planner,random,10280,2,1,3,15,22,11,12,0,6,22,0
night,planner,random,10280,3,1,4,22,22,7,25,0,8,23,0
night,planner,random,10280,4,1,5,22,22,5,43,6,10,24,0
night,planner,random,10281,0,1,2,20,22,0,2,0,3,20,0
night,planner,random,10281,1,1,2,19,22,4,8,0,4,21,0
night,planner,random,10281,2,1,3,22,22,7,15,0,6,22,0
night,planner,random,10281,3,1,4,18,22,6,22,0,8,23,0
night,planner,random,10281,4,1,5,9,22,10,29,0,9,24,0
night,planner,random,10282,0,1,2,19,22,3,4,0,3,20,0
night,planner,random,10282,1,1,2,19,22,4,8,0,4,21,0
night,planner,random,10282,2,1,3,12,22,11,9,0,6,22,0
night,planner,random,10282,3,1,4,22,22,7,25,0,8,23,0
night,planner,random,10282,4,0,2,0,22,9,3,0,4,24,0
night,planner,random,10283,0,1,2,22,22,3,3,0,4,20,0
night,planner,random,10283,1,1,2,15,22,6,6,0,4,21,0
night,planner,random,10283,2,1,3,15,22,11,12,0,6,22,0
night,planner,random,10283,3,1,4,19,22,10,25,4,8,23,0
night,planner,random,10283,4,1,4,16,22,12,31,6,8,24,0
night,planner,random,10284,0,1,2,21,22,0,3,0,3,20,0
night,planner,random,10284,1,1,2,19,22,4,8,0,4,21,0
night,planner,random,10284,2,1,4,19,22,7,20,0,7,22,0
night,planner,random,10284,3,1,4,20,22,7,27,0,8,23,0
night,planner,random,10284,4,1,4,19,22,7,27,0,7,24,0
night,planner,random,10285,0,1,2,22,22,3,3,0,3,20,0
night,planner,random,10285,1,1,2,9,22,6,0,0,4,21,0
night,planner,random,10285,2,1,3,18,22,10,14,0,6,22,0
night,planner,random,10285,3,1,4,22,22,3,25,0,8,23,0
night,planner,random,10285,4,1,5,21,22,6,43,0,10,24,0
night,planner,random,10286,0,1,2,22,22,3,3,0,3,20,0
night,planner,random,10286,1,1,2,19,22,4,8,0,4,21,0
night,planner,random,10286,2,1,4,13,22,8,15,0,7,22,0
night,planner,random,10286,3,1,4,12,22,10,22,0,8,23,0
night,planner,random,10286,4,1,5,8,22,8,31,6,9,24,0
night,planner,random,10287,0,1,2,22,22,3,3,0,3,20,0
night,planner,random,10287,1,1,2,19,22,4,8,0,4,21,0
night,planner,random,10287,2,1,3,21,22,8,15,0,6,22,0
night,planner,random,10287,3,1,4,17,22,7,20,0,8,23,0
night,planner,random,10287,4,0,3,0,22,11,16,6,6,24,0
night,planner,random,10288,0,1,2,20,22,3,5,0,3,20,0
night,planner,random,10288,1,1,2,14,22,7,6,0,4,21,0
night,planner,random,10288,2,1,3,18,22,7,19,0,6,22,0
night,planner,random,10288,3,1,4,19,22,7,24,0,8,23,0
night,planner,random,10288,4,1,5,14,22,5,36,4,9,24,0
night,planner,random,10289,0,1,2,22,22,3,3,0,3,20,0
night,planner,random,10289,1,1,2,19,22,4,8,0,4,21,0
night,planner,random,10289,2,1,3,9,22,14,9,0,6,22,0
night,planner,random,10289,3,0,3,0,22,13,9,0,6,23,0
night,planner,random,10289,4,1,5,19,22,12,39,4,10,24,0
night,planner,random,10290,0,1,2,22,22,0,0,0,4,20,0
night,planner,random,10290,1,1,2,14,22,7,6,0,4,21,0
night,planner,random,10290,2,1,3,22,22,7,15,0,6,22,0
night,planner,random,10290,3,1,4,12,22,10,22,0,8,23,0
night,planner,random,10290,4,1,5,16,22,9,39,4,10,24,0
night,planner,random,10291,0,1,2,22,22,0,0,0,4,20,0
night,planner,random,10291,1,1,2,20,22,4,8,0,4,21,0
night,planner,random,10291,2,1,3,19,22,10,15,0,6,22,0
night,planner,random,10291,3,1,4,20,22,7,25,0,8,23,0
night,planner,random,10291,4,1,5,20,22,4,40,0,9,24,0
night,planner,random,10292,0,1,2,20,22,3,5,0,3,20,0
night,planner,random,10292,1,1,2,19,22,4,8,0,4,21,0
night,planner,random,10292,2,1,3,19,22,10,14,0,6,22,0
night,planner,random,10292,3,1,3,9,22,8,15,0,6,23,0
night,planner,random,10292,4,1,5,14,22,6,34,0,8,24,0
night,planner,random,10293,0,1,2,22,22,3,3,0,3,20,0
night,planner,random,10293,1,1,2,15,22,6,6,0,4,21,0
night,planner,random,10293,2,0,2,0,22,10,3,0,4,22,0
night,planner,random,10293,3,1,4,21,22,6,25,0,8,23,0
night,planner,random,10293,4,1,5,18,22,7,36,0,9,24,0
night,planner,random,10294,0,1,2,22,22,0,0,0,4,20,0
night,planner,random,10294,1,1,2,14,22,7,6,0,4,21,0
night,planner,random,10294,2,1,3,18,22,10,14,0,6,22,0
night,planner,random,10294,3,1,4,17,22,7,22,0,8,23,0
night,planner,random,10294,4,0,3,0,22,6,14,0,6,24,0
night,planner,random,10295,0,1,2,22,22,3,3,0,3,20,0
night,planner,random,10295,1,1,2,13,22,7,5,0,4,21,0
night,planner,random,10295,2,1,3,15,22,11,12,0,6,22,0
night,planner,random,10295,3,1,4,14,22,10,20,0,8,23,0
night,planner,random,10295,4,1,6,12,22,6,42,4,11,24,0
night,planner,random,10296,0,1,2,22,22,3,3,0,4,20,0
night,planner,random,10296,1,1,2,8,22,10,3,0,4,21,0
night,planner,random,10296,2,1,4,15,22,6,15,0,7,22,0
night,planner,random,10296,3,1,4,19,22,10,27,0,8,23,0
night,planner,random,10296,4,1,5,16,22,10,39,12,9,24,0
night,planner,random,10297,0,1,2,20,22,0,2,0,3,20,0
night,planner,random,10297,1,1,2,8,22,10,3,0,4,21,0
night,planner,random,10297,2,1,3,13,22,9,16,0,6,22,0
night,planner,random,10297,3,1,4,22,22,7,25,0,8,23,0
night,planner,random,10297,4,1,5,22,22,6,40,4,10,24,0
night,planner,random,10298,0,1,2,22,22,3,3,0,3,20,0
night,planner,random,10298,1,1,2,14,22,7,6,0,4,21,0
night,planner,random,10298,2,1,3,12,22,11,9,0,6,22,0
night,planner,random,10298,3,1,4,10,22,10,18,0,8,23,0
night,planner,random,10298,4,1,5,18,22,10,36,4,9,24,0
night,planner,random,10299,0,1,2,22,22,3,3,0,4,20,0
night,planner,random,10299,1,1,2,19,22,4,8,0,4,21,0
night,planner,random,10299,2,1,4,7,22,11,12,0,7,22,0
night,planner,random,10299,3,1,4,7,22,13,18,0,8,23,0
night,planner,random,10299,4,1,5,20,22,10,46,12,10,24,0
night,planner,random,10300,0,1,2,22,22,3,3,0,4,20,0
night,planner,random,10300,1,1,2,19,22,4,8,0,4,21,0
night,planner,random,10300,2,1,3,22,22,6,14,0,6,22,0
night,planner,random,10300,3,1,4,12,22,10,22,0,8,23,0
night,planner,random,10300,4,1,5,22,22,8,44,6,10,24,0
night,planner,random,10301,0,1,2,18,22,0,0,0,3,20,0
night,planner,random,10301,1,1,2,19,22,4,8,0,4,21,0
night,planner,random,10301,2,1,4,16,22,4,14,0,7,22,0
night,planner,random,10301,3,1,4,22,22,3,25,0,8,23,0
night,planner,random,10301,4,1,4,13,22,11,27,6,8,24,0
night,planner,random,10302,0,1,2,18,22,6,2,0,3,20,0
night,planner,random,10302,1,1,2,12,22,7,4,0,4,21,0
night,planner,random,10302,2,1,4,13,22,8,15,0,7,22,0
night,planner,random,10302,3,1,4,19,22,9,24,0,8,23,0
night,planner,random,10302,4,1,4,11,22,8,31,4,8,24,0
night,planner,random,10303,0,1,2,22,22,3,3,0,4,20,0
night,planner,random,10303,1,1,2,16,22,3,4,0,4,21,0
night,planner,random,10303,2,1,4,14,22,8,16,0,7,22,0
night,planner,random,10303,3,1,5,13,22,0,23,0,9,23,0
night,planner,random,10303,4,0,5,0,22,6,35,0,9,24,0
night,planner,random,10304,0,1,2,22,22,3,3,0,4,20,0
night,planner,random,10304,1,1,2,12,22,7,4,0,4,21,0
night,planner,random,10304,2,1,3,15,22,11,12,0,6,22,0
night,planner,random,10304,3,1,4,22,22,4,24,0,8,23,0
night,planner,random,10304,4,1,4,18,22,7,23,0,7,24,0
night,planner,random,10305,0,1,2,19,22,3,4,0,3,20,0
night,planner,random,10305,1,1,2,12,22,7,4,0,4,21,0
night,planner,random,10305,2,1,4,20,22,9,23,4,8,22,0
night,planner,random,10305,3,1,4,19,22,10,25,0,8,23,0
night,planner,random,10305,4,1,4,17,22,14,26,12,8,24,0
night,planner,random,10306,0,1,2,22,22,3,3,0,3,20,0
night,planner,random,10306,1,1,2,16,22,3,4,0,4,21,0
night,planner,random,10306,2,1,4,19,22,4,17,0,7,22,0
night,planner,random,10306,3,1,4,10,22,10,16,0,8,23,0
night,planner,random,10306,4,1,5,11,22,8,35,6,9,24,0
night,planner,random,10307,0,1,2,22,22,3,3,0,3,20,0
night,planner,random,10307,1,1,2,12,22,7,4,0,4,21,0
night,planner,random,10307,2,1,4,15,22,8,17,0,7,22,0
night,planner,random,10307,3,1,4,19,22,7,24,0,8,23,0
night,planner,random,10307,4,1,4,13,22,10,26,6,8,24,0
night,planner,random,10308,0,1,2,22,22,3,3,0,4,20,0
night,planner,random,10308,1,1,2,19,22,4,8,0,4,21,0
night,planner,random,10308,2,1,3,22,22,7,15,0,6,22,0
night,planner,random,10308,3,1,4,15,22,10,23,0,8,23,0
night,planner,random,10308,4,1,5,22,22,7,40,10,10,24,0
night,planner,random,10309,0,1,2,22,22,0,0,0,3,20,0
night,planner,random,10309,1,1,2,19,22,4,8,0,4,21,0
night,planner,random,10309,2,1,3,14,22,7,15,0,6,22,0
night,planner,random,10309,3,1,5,19,22,6,37,0,10,23,0
night,planner,random,10309,4,0,4,0,22,9,17,0,7,24,0
night,planner,random,10310,0,1,2,19,22,3,4,0,3,20,0
night,planner,random,10310,1,1,2,13,22,7,5,0,4,21,0
night,planner,random,10310,2,1,3,19,22,10,15,0,6,22,0
night,planner,random,10310,3,1,4,12,22,8,18,0,8,23,0
night,planner,random,10310,4,1,4,18,22,10,29,6,8,24,0
night,planner,random,10311,0,1,2,18,22,6,2,0,3,20,0
night,planner,random,10311,1,1,2,22,22,4,6,0,4,21,0
night,planner,random,10311,2,1,3,22,22,4,12,0,6,22,0
night,planner,random,10311,3,1,4,22,22,4,20,0,8,23,0
night,planner,random,10311,4,1,5,12,22,7,33,0,8,24,0
night,planner,random,10312,0,1,2,19,22,3,0,0,3,20,0
night,planner,random,10312,1,1,2,12,22,7,4,0,4,21,0
night,planner,random,10312,2,1,4,7,22,11,12,0,7,22,0
night,planner,random,10312,3,0,2,0,22,6,0,0,4,23,0
night,planner,random,10312,4,1,4,10,22,10,32,4,8,24,0
night,planner,random,10313,0,1,2,22,22,3,3,0,3,20,0
night,planner,random,10313,1,1,2,20,22,4,8,0,4,21,0
night,planner,random,10313,2,1,3,15,22,11,12,0,6,22,0
night,planner,random,10313,3,1,4,22,22,7,27,0,8,23,0
night,planner,random,10313,4,1,4,14,22,10,29,6,8,24,0
night,planner,random,10314,0,1,2,22,22,3,3,0,4,20,0
night,planner,random,10314,1,1,2,13,22,7,5,0,4,21,0
night,planner,random,10314,2,1,3,9,22,14,9,0,6,22,0
night,planner,random,10314,3,1,4,18,22,10,24,0,8,23,0
night,planner,random,10314,4,1,5,9,22,9,33,4,9,24,0
night,planner,random,10315,0,1,2,22,22,3,3,0,3,20,0
night,planner,random,10315,1,1,2,12,22,7,4,0,4,21,0
night,planner,random,10315,2,1,3,15,22,11,12,0,6,22,0
night,planner,random,10315,3,1,4,17,22,9,24,0,8,23,0
night,planner,random,10315,4,1,4,16,22,8,34,6,8,24,0
night,planner,random,10316,0,1,2,22,22,0,0,0,4,20,0
night,planner,random,10316,1,1,2,19,22,4,8,0,4,21,0
night,planner,random,10316,2,0,2,0,22,6,0,0,4,22,0
night,planner,random,10316,3,1,4,12,22,11,15,0,8,23,0
night,planner,random,10316,4,1,4,18,22,11,32,6,8,24,0
night,planner,random,10317,0,1,2,22,22,3,3,0,3,20,0
night,planner,random,10317,1,1,2,19,22,4,8,0,4,21,0
night,planner,random,10317,2,1,3,22,22,7,15,0,6,22,0
night,planner,random,10317,3,1,4,19,22,7,24,0,8,23,0
night,planner,random,10317,4,1,5,14,22,9,37,0,10,24,0
night,planner,random,10318,0,1,2,13,22,6,1,0,3,20,0
night,planner,random,10318,1,1,2,19,22,4,8,0,4,21,0
night,planner,random,10318,2,1,3,18,22,10,14,0,6,22,0
night,planner,random,10318,3,0,2,0,22,13,0,0,4,23,0
night,planner,random,10318,4,1,4,12,22,12,29,6,8,24,0
night,planner,random,10319,0,1,2,22,22,3,3,0,3,20,0
night,planner,random,10319,1,1,2,19,22,4,8,0,4,21,0
night,planner,random,10319,2,1,3,22,22,7,15,0,6,22,0
night,planner,random,10319,3,1,4,22,22,3,17,0,8,23,0
night,planner,random,10319,4,0,3,0,22,9,12,4,6,24,0
night,planner,random,10320,0,1,2,22,22,3,5,0,3,20,0
night,planner,random,10320,1,1,2,19,22,4,8,0,4,21,0
night,planner,random,10320,2,1,3,12,22,10,16,0,6,22,0
night,planner,random,10320,3,0,4,0,22,10,21,0,8,23,0
night,planner,random,10320,4,1,4,13,22,11,29,6,8,24,0
night,planner,random,10321,0,1,2,22,22,3,3,0,4,20,0
night,planner,random,10321,1,1,2,7,22,10,2,0,4,21,0
night,planner,random,10321,2,1,3,15,22,11,12,0,6,22,0
night,planner,random,10321,3,1,4,21,22,9,28,0,8,23,0
night,planner,random,10321,4,1,5,11,22,11,36,6,9,24,0
night,planner,random,10322,0,1,2,22,22,3,3,0,3,20,0
night,planner,random,10322,1,1,2,3,22,12,0,0,4,21,0
night,planner,random,10322,2,1,3,15,22,11,12,0,6,22,0
night,planner,random,10322,3,1,4,17,22,9,26,0,8,23,0
night,planner,random,10322,4,1,5,13,22,6,36,0,9,24,0
night,planner,random,10323,0,1,2,22,22,3,3,0,3,20,0
night,planner,random,10323,1,1,2,13,22,7,5,0,4,21,0
night,planner,random,10323,2,1,3,22,22,7,15,0,6,22,0
night,planner,random,10323,3,1,4,13,22,9,18,0,8,23,0
night,planner,random,10323,4,1,5,12,22,5,28,0,9,24,0
night,planner,random,10324,0,1,2,22,22,0,0,0,4,20,0
night,planner,random,10324,1,1,2,13,22,10,3,0,4,21,0
night,planner,random,10324,2,1,3,11,22,11,8,0,6,22,0
night,planner,random,10324,3,1,4,6,22,14,14,0,8,23,0
night,planner,random,10324,4,1,5,11,22,11,36,4,10,24,0
night,planner,random,10325,0,1,2,22,22,3,3,0,3,20,0
night,planner,random,10325,1,1,2,19,22,4,8,0,4,21,0
night,planner,random,10325,2,1,4,14,22,7,15,0,7,22,0
night,planner,random,10325,3,1,5,11,22,9,32,0,10,23,0
night,planner,random,10325,4,1,5,17,22,6,40,4,10,24,0
night,planner,random,10326,0,1,2,22,22,3,3,0,4,20,0
night,planner,random,10326,1,1,2,19,22,4,8,0,4,21,0
night,planner,random,10326,2,1,3,18,22,8,12,0,6,22,0
night,planner,random,10326,3,1,4,18,22,10,26,0,8,23,0
night,planner,random,10326,4,1,5,7,22,10,31,0,10,24,0
night,planner,random,10327,0,1,2,22,22,3,3,0,3,20,0
night,planner,random,10327,1,1,2,18,22,7,5,0,4,21,0
night,planner,random,10327,2,1,4,17,22,7,18,0,7,22,0
night,planner,random,10327,3,1,4,21,22,7,22,0,8,23,0
night,planner,random,10327,4,1,4,20,22,9,29,4,8,24,0
night,planner,random,10328,0,1,2,22,22,3,3,0,4,20,0
night,planner,random,10328,1,1,2,12,22,7,4,0,4,21,0
night,planner,random,10328,2,1,3,19,22,10,15,0,6,22,0
night,planner,random,10328,3,1,4,22,22,6,26,0,8,23,0
night,planner,random,10328,4,1,4,18,22,9,34,6,8,24,0
night,planner,random,10329,0,1,2,22,22,0,0,0,4,20,0
night,planner,random,10329,1,1,2,19,22,4,8,0,4,21,0
night,planner,random,10329,2,1,4,13,22,8,15,0,7,22,0
night,planner,random,10329,3,1,4,17,22,7,22,0,8,23,0
night,planner,random,10329,4,1,4,1,22,15,19,6,8,24,0
night,planner,random,10330,0,1,2,22,22,3,3,0,4,20,0
night,planner,random,10330,1,1,2,12,22,7,4,0,4,21,0
night,planner,random,10330,2,1,4,12,22,10,16,0,7,22,0
night,planner,random,10330,3,1,4,10,22,9,15,0,8,23,0
night,planner,random,10330,4,1,4,19,22,11,29,6,8,24,0
night,planner,random,10331,0,1,2,22,22,3,3,0,3,20,0
night,planner,random,10331,1,1,2,8,22,10,3,0,4,21,0
night,planner,random,10331,2,0,2,0,22,10,3,0,4,22,0
night,planner,random,10331,3,1,4,17,22,6,21,0,8,23,0
night,planner,random,10331,4,1,5,14,22,6,34,4,9,24,0
night,planner,random,10332,0,1,2,18,22,6,2,0,3,20,0
night,planner,random,10332,1,1,2,9,22,6,0,0,4,21,0
night,planner,random,10332,2,1,4,16,22,6,16,0,7,22,0
night,planner,random,10332,3,1,4,22,22,7,27,0,8,23,0
night,planner,random,10332,4,1,5,18,22,6,38,0,10,24,0
night,planner,random,10333,0,1,2,22,22,0,0,0,4,20,0
night,planner,random,10333,1,1,2,16,22,3,4,0,4,21,0
night,planner,random,10333,2,1,3,15,22,10,11,0,6,22,0
night,planner,random,10333,3,1,4,11,22,10,23,0,8,23,0
night,planner,random,10333,4,0,3,0,22,15,11,6,6,24,0
night,planner,random,10334,0,1,2,22,22,3,3,0,3,20,0
night,planner,random,10334,1,1,2,19,22,4,8,0,4,21,0
night,planner,random,10334,2,1,4,12,22,7,13,0,7,22,0
night,planner,random,10334,3,1,4,9,22,10,19,0,8,23,0
night,planner,random,10334,4,1,4,22,22,7,34,10,8,24,0
night,planner,random,10335,0,1,2,22,22,3,3,0,3,20,0
night,planner,random,10335,1,1,2,12,22,7,4,0,4,21,0
night,planner,random,10335,2,1,3,21,22,8,15,0,6,22,0
night,planner,random,10335,3,1,4,12,22,9,19,0,8,23,0
night,planner,random,10335,4,1,4,22,22,9,29,6,8,24,0
night,planner,random,10336,0,1,2,22,22,3,3,0,3,20,0
night,planner,random,10336,1,1,2,13,22,7,5,0,4,21,0
night,planner,random,10336,2,1,3,15,22,11,12,0,6,22,0
night,planner,random,10336,3,1,4,13,22,9,18,0,8,23,0
night,planner,random,10336,4,1,5,11,22,9,36,0,9,24,0
night,planner,random,10337,0,1,2,22,22,3,3,0,3,20,0
night,planner,random,10337,1,1,2,19,22,4,8,0,4,21,0
night,planner,random,10337,2,1,3,18,22,8,12,0,6,22,0
night,planner,random,10337,3,1,4,17,22,10,23,0,8,23,0
night,planner,random,10337,4,0,4,0,22,3,23,0,7,24,0
night,planner,random,10338,0,1,2,22,22,0,0,0,4,20,0
night,planner,random,10338,1,1,2,19,22,4,8,0,4,21,0
night,planner,random,10338,2,1,3,15,22,11,12,0,6,22,0
night,planner,random,10338,3,1,4,21,22,6,25,0,7,23,0
night,planner,random,10338,4,1,4,12,22,11,30,6,8,24,0
night,planner,random,10339,0,1,2,22,22,3,3,0,3,20,0
night,planner,random,10339,1,1,2,12,22,7,4,0,4,21,0
night,planner,random,10339,2,1,3,22,22,4,20,0,6,22,0
night,planner,random,10339,3,1,4,7,22,13,18,0,8,23,0
night,planner,random,10339,4,1,4,17,22,3,32,0,7,24,0
night,planner,random,10340,0,1,2,22,22,3,3,0,4,20,0
night,planner,random,10340,1,1,2,13,22,7,5,0,4,21,0
night,planner,random,10340,2,0,2,0,22,10,3,0,4,22,0
night,planner,random,10340,3,1,5,8,22,10,28,0,10,23,0
night,planner,random,10340,4,1,5,21,22,3,38,0,9,24,0
night,planner,random,10341,0,1,2,22,22,3,3,0,3,20,0
night,planner,random,10341,1,1,2,12,22,7,4,0,4,21,0
night,planner,random,10341,2,1,4,19,22,6,19,0,8,22,0
night,planner,random,10341,3,1,4,22,22,6,26,0,7,23,0
night,planner,random,10341,4,1,5,4,22,9,27,0,8,24,0
night,planner,random,10342,0,1,2,22,22,3,3,0,3,20,0
night,planner,random,10342,1,1,2,19,22,4,8,0,4,21,0
night,planner,random,10342,2,1,4,11,22,8,13,0,7,22,0
night,planner,random,10342,3,1,4,15,22,8,23,0,8,23,0
night,planner,random,10342,4,1,4,22,22,8,33,6,8,24,0
night,planner,random,10343,0,1,2,22,22,3,3,0,3,20,0
night,planner,random,10343,1,1,2,19,22,4,8,0,4,21,0
night,planner,random,10343,2,1,3,12,22,11,9,0,6,22,0
night,planner,random,10343,3,1,3,1,22,13,10,0,6,23,0
night,planner,random,10343,4,1,4,18,22,8,32,6,8,24,0
night,planner,random,10344,0,1,2,22,22,3,3,0,4,20,0
night,planner,random,10344,1,1,2,9,22,6,0,0,4,21,0
night,planner,random,10344,2,1,3,22,22,7,15,0,6,22,0
night,planner,random,10344,3,1,4,16,22,10,22,0,7,23,0
night,planner,random,10344,4,1,4,9,22,13,27,6,8,24,0
night,planner,random,10345,0,1,2,22,22,0,0,0,4,20,0
night,planner,random,10345,1,1,2,19,22,4,8,0,4,21,0
night,planner,random,10345,2,1,3,22,22,6,14,0,6,22,0
night,planner,random,10345,3,1,5,9,22,6,29,0,10,23,0
night,planner,random,10345,4,1,4,22,22,5,30,6,8,24,0
night,planner,random,10346,0,1,2,22,22,3,3,0,3,20,0
night,planner,random,10346,1,1,2,14,22,7,6,0,4,21,0
night,planner,random,10346,2,1,3,19,22,10,15,0,6,22,0
night,planner,random,10346,3,1,4,20,22,6,26,0,7,23,0
night,planner,random,10346,4,1,4,8,22,10,25,0,7,24,0
night,planner,random,10347,0,1,2,18,22,6,2,0,3,20,0
night,planner,random,10347,1,1,2,12,22,7,4,0,4,21,0
night,planner,random,10347,2,1,3,21,22,8,15,0,6,22,0
night,planner,random,10347,3,1,4,17,22,7,24,0,8,23,0
night,planner,random,10347,4,0,3,0,22,7,17,0,6,24,0
night,planner,random,10348,0,1,2,21,22,0,3,0,3,20,0
night,planner,random,10348,1,1,2,7,22,10,2,0,4,21,0
night,planner,random,10348,2,1,3,22,22,7,15,0,6,22,0
night,planner,random,10348,3,1,3,14,22,7,17,0,6,23,0
night,planner,random,10348,4,1,5,17,22,6,35,0,8,24,0
night,planner,random,10349,0,1,2,19,22,3,4,0,3,20,0
night,planner,random,10349,1,1,2,19,22,4,8,0,4,21,0
night,planner,random,10349,2,1,3,18,22,10,14,0,6,22,0
night,planner,random,10349,3,1,4,22,22,8,28,4,8,23,0
night,planner,random,10349,4,1,5,17,22,12,39,6,9,24,0
night,planner,random,10350,0,1,2,22,22,3,3,0,4,20,0
night,planner,random,10350,1,1,2,19,22,4,8,0,4,21,0
night,planner,random,10350,2,1,4,19,22,10,23,0,8,22,0
night,planner,random,10350,3,1,3,7,22,10,11,0,6,23,0
night,planner,random,10350,4,1,5,12,22,6,34,0,10,24,0
night,planner,random,10351,0,1,2,22,22,3,3,0,3,20,0
night,planner,random,10351,1,1,2,12,22,7,4,0,4,21,0
night,planner,random,10351,2,1,3,12,22,11,9,0,6,22,0
night,planner,random,10351,3,1,4,14,22,10,22,0,8,23,0
night,planner,random,10351,4,1,4,19,22,11,35,6,8,24,0
night,planner,random,10352,0,1,2,19,22,3,4,0,3,20,0
night,planner,random,10352,1,1,2,12,22,7,4,0,4,21,0
night,planner,random,10352,2,1,3,18,22,10,14,0,6,22,0
night,planner,random,10352,3,1,4,21,22,7,28,0,8,23,0
night,planner,random,10352,4,1,4,3,22,15,21,6,8,24,0
night,planner,random,10353,0,1,2,18,22,0,0,0,3,20,0
night,planner,random,10353,1,1,2,15,22,6,6,0,4,21,0
night,planner,random,10353,2,1,4,11,22,11,16,0,7,22,0
night,planner,random,10353,3,1,4,21,22,7,26,0,8,23,0
night,planner,random,10353,4,1,4,7,22,13,25,6,8,24,0
night,planner,random,10354,0,1,2,22,22,3,3,0,3,20,0
night,planner,random,10354,1,1,2,12,22,7,4,0,4,21,0
night,planner,random,10354,2,1,4,13,22,8,15,0,7,22,0
night,planner,random,10354,3,1,4,17,22,6,19,0,8,23,0
night,planner,random,10354,4,1,4,22,22,9,28,6,8,24,0
night,planner,random,10355,0,1,2,19,22,6,3,0,3,20,0
night,planner,random,10355,1,1,2,19,22,4,8,0,4,21,0
night,planner,random,10355,2,1,4,13,22,8,15,0,7,22,0
night,planner,random,10355,3,1,4,17,22,7,24,0,8,23,0
night,planner,random,10355,4,1,4,11,22,13,21,4,8,24,0
night,planner,random,10356,0,1,2,19,22,3,4,0,3,20,0
night,planner,random,10356,1,1,2,20,22,4,8,0,4,21,0
night,planner,random,10356,2,1,3,22,22,7,15,0,6,22,0
night,planner,random,10356,3,1,3,4,22,11,11,0,6,23,0
night,planner,random,10356,4,1,5,14,22,7,33,0,8,24,0
night,planner,random,10357,0,1,2,18,22,0,0,0,3,20,0
night,planner,random,10357,1,1,2,19,22,4,8,0,4,21,0
night,planner,random,10357,2,1,4,16,22,6,16,0,8,22,0
night,planner,random,10357,3,1,4,22,22,4,26,0,8,23,0
night,planner,random,10357,4,1,5,11,22,5,33,4,9,24,0
night,planner,random,10358,0,1,2,22,22,0,0,0,4,20,0
night,planner,random,10358,1,1,2,12,22,7,4,0,4,21,0
night,planner,random,10358,2,1,3,15,22,10,10,0,6,22,0
night,planner,random,10358,3,1,4,17,22,10,23,0,8,23,0
night,planner,random,10358,4,1,4,7,22,8,28,0,7,24,0
night,planner,random,10359,0,1,2,20,22,3,5,0,3,20,0
night,planner,random,10359,1,1,2,12,22,7,4,0,4,21,0
night,planner,random,10359,2,1,3,21,22,8,15,0,6,22,0
night,planner,random,10359,3,1,4,22,22,7,27,0,8,23,0
night,planner,random,10359,4,1,5,16,22,7,37,0,10,24,0
night,planner,random,10360,0,1,2,22,22,0,2,0,3,20,0
night,planner,random,10360,1,1,2,12,22,7,4,0,4,21,0
night,planner,random,10360,2,1,3,16,22,9,11,0,6,22,0
night,planner,random,10360,3,1,4,9,22,10,19,0,7,23,0
night,planner,random,10360,4,1,4,1,22,16,20,6,8,24,0
night,planner,random,10361,0,1,2,22,22,3,3,0,4,20,0
night,planner,random,10361,1,1,2,13,22,7,5,0,4,21,0
night,planner,random,10361,2,1,4,20,22,8,22,0,8,22,0
night,planner,random,10361,3,1,4,20,22,6,26,0,8,23,0
night,planner,random,10361,4,1,5,5,22,12,31,6,9,24,0
night,planner,random,10362,0,1,2,22,22,3,3,0,4,20,0
night,planner,random,10362,1,1,2,8,22,10,3,0,4,21,0
night,planner,random,10362,2,1,3,15,22,10,10,0,6,22,0
night,planner,random,10362,3,1,5,15,22,7,32,0,10,23,0
night,planner,random,10362,4,1,4,22,22,8,29,6,8,24,0
night,planner,random,10363,0,1,2,22,22,0,0,0,4,20,0
night,planner,random,10363,1,1,2,19,22,4,8,0,4,21,0
night,planner,random,10363,2,1,3,12,22,11,9,0,6,22,0
night,planner,random,10363,3,1,4,21,22,7,26,0,8,23,0
night,planner,random,10363,4,1,4,16,22,10,29,10,7,24,0
night,planner,random,10364,0,1,2,18,22,3,3,0,3,20,0
night,planner,random,10364,1,1,2,19,22,4,8,0,4,21,0
night,planner,random,10364,2,1,4,17,22,7,18,0,7,22,0
night,planner,random,10364,3,1,4,22,22,6,26,0,8,23,0
night,planner,random,10364,4,1,4,8,22,9,18,4,8,24,0
night,planner,random,10365,0,1,2,22,22,3,3,0,3,20,0
night,planner,random,10365,1,1,2,19,22,4,8,0,4,21,0
night,planner,random,10365,2,1,3,22,22,4,12,0,6,22,0
night,planner,random,10365,3,1,4,20,22,6,26,0,8,23,0
night,planner,random,10365,4,1,4,10,22,10,23,0,7,24,0
night,planner,random,10366,0,1,2,22,22,3,3,0,4,20,0
night,planner,random,10366,1,1,2,13,22,7,5,0,4,21,0
night,planner,random,10366,2,1,4,14,22,8,16,0,7,22,0
night,planner,random,10366,3,0,2,0,22,10,2,0,4,23,0
night,planner,random,10366,4,1,4,20,22,11,29,6,8,24,0
night,planner,random,10367,0,1,2,20,22,3,5,0,3,20,0
night,planner,random,10367,1,1,2,19,22,4,8,0,4,21,0
night,planner,random,10367,2,1,3,19,22,6,19,0,6,22,0
night,planner,random,10367,3,1,4,15,22,10,23,0,8,23,0
night,planner,random,10367,4,1,4,22,22,11,33,6,8,24,0
night,planner,random,10368,0,1,2,19,22,3,4,0,3,20,0
night,planner,random,10368,1,1,2,20,22,4,8,0,4,21,0
night,planner,random,10368,2,1,3,18,22,10,14,0,6,22,0
night,planner,random,10368,3,1,4,22,22,7,25,0,8,23,0
night,planner,random,10368,4,1,4,4,22,11,28,6,8,24,0
night,planner,random,10369,0,1,2,22,22,0,0,0,4,20,0
night,planner,random,10369,1,1,2,19,22,4,8,0,4,21,0
night,planner,random,10369,2,1,3,15,22,11,12,0,6,22,0
night,planner,random,10369,3,1,5,17,22,0,29,0,9,23,0
night,planner,random,10369,4,1,4,17,22,12,29,10,8,24,0
night,planner,random,10370,0,1,2,13,22,6,1,0,3,20,0
night,planner,random,10370,1,1,2,19,22,4,8,0,4,21,0
night,planner,random,10370,2,1,3,22,22,7,15,0,6,22,0
night,planner,random,10370,3,1,4,11,22,10,19,0,8,23,0
night,planner,random,10370,4,1,5,20,22,6,44,4,10,24,0
night,planner,random,10371,0,1,2,22,22,0,0,0,3,20,0
night,planner,random,10371,1,1,2,3,22,12,0,4,4,21,0
night,planner,random,10371,2,1,3,22,22,7,15,0,6,22,0
night,planner,random,10371,3,1,4,17,22,9,24,0,8,23,0
night,planner,random,10371,4,1,5,7,22,7,31,0,9,24,0
night,planner,random,10372,0,1,2,22,22,3,3,0,4,20,0
night,planner,random,10372,1,1,2,22,22,4,6,0,4,21,0
night,planner,random,10372,2,1,3,15,22,11,12,0,6,22,0
night,planner,random,10372,3,1,4,20,22,9,25,0,8,23,0
night,planner,random,10372,4,1,5,19,22,8,41,6,10,24,0
night,planner,random,10373,0,1,2,22,22,0,0,0,4,20,0
night,planner,random,10373,1,1,2,13,22,7,5,0,4,21,0
night,planner,random,10373,2,1,3,15,22,11,12,0,6,22,0
night,planner,random,10373,3,1,4,12,22,10,22,0,8,23,0
night,planner,random,10373,4,1,5,22,22,6,34,4,10,24,0
night,planner,random,10374,0,1,2,19,22,3,4,0,3,20,0
night,planner,random,10374,1,1,2,19,22,4,8,0,4,21,0
night,planner,random,10374,2,1,3,18,22,8,12,0,6,22,0
night,planner,random,10374,3,1,4,16,22,10,22,0,8,23,0
night,planner,random,10374,4,1,5,11,22,11,34,6,9,24,0
night,planner,random,10375,0,1,2,22,22,3,3,0,4,20,0
night,planner,random,10375,1,1,2,12,22,7,4,0,4,21,0
night,planner,random,10375,2,1,3,19,22,10,15,0,6,22,0
night,planner,random,10375,3,1,4,14,22,7,23,0,8,23,0
night,planner,random,10375,4,1,4,18,22,11,30,6,8,24,0
night,planner,random,10376,0,1,2,19,22,3,4,0,3,20,0
night,planner,random,10376,1,1,2,12,22,7,4,0,4,21,0
night,planner,random,10376,2,1,4,15,22,8,17,0,7,22,0
night,planner,random,10376,3,0,2,0,22,10,3,0,4,23,0
night,planner,random,10376,4,1,4,13,22,9,32,4,8,24,0
night,planner,random,10377,0,1,2,20,22,3,5,0,3,20,0
night,planner,random,10377,1,1,2,13,22,7,5,0,4,21,0
night,planner,random,10377,2,1,3,12,22,12,10,0,6,22,0
night,planner,random,10377,3,1,4,10,22,10,14,0,8,23,0
night,planner,random,10377,4,0,3,0,22,8,11,4,6,24,0
night,planner,random,10378,0,1,2,22,22,0,0,0,3,20,0
night,planner,random,10378,1,1,2,10,22,9,4,4,4,21,0
night,planner,random,10378,2,1,3,15,22,11,12,0,6,22,0
night,planner,random,10378,3,1,4,20,22,10,26,0,8,23,0
night,planner,random,10378,4,1,4,3,22,13,19,4,8,24,0
night,planner,random,10379,0,1,2,22,22,3,3,0,3,20,0
night,planner,random,10379,1,1,2,14,22,7,6,0,4,21,0
night,planner,random,10379,2,1,3,22,22,6,14,0,6,22,0
night,planner,random,10379,3,1,4,16,22,10,24,0,8,23,0
night,planner,random,10379,4,1,5,4,22,10,31,0,9,24,0
night,planner,random,10380,0,1,2,18,22,6,2,0,3,20,0
night,planner,random,10380,1,1,2,12,22,7,4,0,4,21,0
night,planner,random,10380,2,1,3,18,22,10,14,0,6,22,0
night,planner,random,10380,3,1,4,22,22,7,25,0,8,23,0
night,planner,random,10380,4,1,4,4,22,10,14,0,7,24,0
night,planner,random,10381,0,1,2,22,22,3,3,0,4,20,0
night,planner,random,10381,1,1,2,19,22,4,8,0,4,21,0
night,planner,random,10381,2,1,3,22,22,7,15,0,6,22,0
night,planner,random,10381,3,1,4,22,22,10,26,0,8,23,0
night,planner,random,10381,4,0,3,0,22,6,15,0,6,24,0
night,planner,random,10382,0,1,2,22,22,3,3,4,4,20,0
night,planner,random,10382,1,1,2,9,22,6,0,0,4,21,0
night,planner,random,10382,2,1,3,18,22,10,14,0,6,22,0
night,planner,random,10382,3,1,4,19,22,10,27,0,8,23,0
night,planner,random,10382,4,1,5,14,22,12,40,10,10,24,0
night,planner,random,10383,0,1,2,22,22,3,3,0,3,20,0
night,planner,random,10383,1,1,2,14,22,7,6,0,4,21,0
night,planner,random,10383,2,1,3,19,22,10,14,0,6,22,0
night,planner,random,10383,3,1,4,22,22,7,25,0,8,23,0
night,planner,random,10383,4,1,5,7,22,10,33,0,9,24,0
night,planner,random,10384,0,1,2,22,22,3,3,0,3,20,0
night,planner,random,10384,1,1,2,19,22,4,8,0,4,21,0
night,planner,random,10384,2,1,3,22,22,7,15,0,6,22,0
night,planner,random,10384,3,1,4,20,22,7,27,0,8,23,0
night,planner,random,10384,4,1,5,20,22,7,39,4,9,24,0
night,planner,random,10385,0,1,2,22,22,0,0,0,4,20,0
night,planner,random,10385,1,1,2,16,22,6,6,0,4,21,0
night,planner,random,10385,2,1,4,18,22,4,16,0,7,22,0
night,planner,random,10385,3,1,4,22,22,6,26,0,8,23,0
night,planner,random,10385,4,1,4,22,22,8,31,6,8,24,0
night,planner,random,10386,0,1,2,22,22,0,0,0,4,20,0
night,planner,random,10386,1,1,2,19,22,4,8,0,4,21,0
night,planner,random,10386,2,1,3,12,22,11,9,0,6,22,0
night,planner,random,10386,3,1,4,19,22,10,25,0,8,23,0
night,planner,random,10386,4,1,5,19,22,8,43,10,10,24,0
night,planner,random,10387,0,1,2,22,22,3,5,0,3,20,0
night,planner,random,10387,1,1,2,14,22,7,6,0,4,21,0
night,planner,random,10387,2,1,3,14,22,7,15,0,5,22,0
night,planner,random,10387,3,1,5,19,22,6,35,0,9,23,0
night,planner,random,10387,4,1,5,12,22,13,41,12,10,24,0
night,planner,random,10388,0,1,2,22,22,3,3,0,3,20,0
night,planner,random,10388,1,1,2,9,22,10,4,4,4,21,0
night,planner,random,10388,2,1,4,15,22,8,17,0,7,22,0
night,planner,random,10388,3,0,4,0,22,10,21,0,8,23,0
night,planner,random,10388,4,0,3,0,22,14,13,6,6,24,0
night,planner,random,10389,0,1,2,22,22,3,3,0,4,20,0
night,planner,random,10389,1,1,2,10,22,9,4,4,4,21,0
night,planner,random,10389,2,1,4,19,22,7,20,0,7,22,0
night,planner,random,10389,3,1,4,22,22,4,24,0,8,23,0
night,planner,random,10389,4,1,4,19,22,12,26,6,8,24,0
night,planner,random,10390,0,1,2,21,22,0,3,0,3,20,0
night,planner,random,10390,1,1,2,19,22,4,8,0,4,21,0
night,planner,random,10390,2,1,4,10,22,7,11,0,7,22,0
night,planner,random,10390,3,1,4,17,22,7,20,0,8,23,0
night,planner,random,10390,4,1,4,21,22,8,39,10,8,24,0
night,planner,random,10391,0,1,2,19,22,3,4,0,3,20,0
night,planner,random,10391,1,1,2,8,22,10,3,0,4,21,0
night,planner,random,10391,2,1,4,12,22,13,19,0,8,22,0
night,planner,random,10391,3,1,4,8,22,9,17,0,8,23,0
night,planner,random,10391,4,0,4,0,22,6,22,0,8,24,0
night,planner,random,10392,0,1,2,22,22,3,3,0,3,20,0
night,planner,random,10392,1,1,2,12,22,7,4,0,4,21,0
night,planner,random,10392,2,1,3,6,22,15,7,4,6,22,0
night,planner,random,10392,3,1,4,16,22,9,23,0,8,23,0
night,planner,random,10392,4,1,5,13,22,8,35,6,8,24,0
night,planner,random,10393,0,1,2,22,22,3,3,0,3,20,0
night,planner,random,10393,1,1,2,15,22,6,6,0,4,21,0
night,planner,random,10393,2,0,2,0,22,13,0,0,4,22,0
night,planner,random,10393,3,1,4,21,22,7,26,0,8,23,0
night,planner,random,10393,4,1,4,5,22,14,21,6,7,24,0
night,planner,random,10394,0,1,2,22,22,0,0,0,3,20,0
night,planner,random,10394,1,1,2,19,22,4,8,0,4,21,0
night,planner,random,10394,2,1,3,22,22,7,15,0,6,22,0
night,planner,random,10394,3,1,4,19,22,7,26,0,8,23,0
night,planner,random,10394,4,1,4,10,22,10,25,4,8,24,0
night,planner,random,10395,0,1,2,22,22,3,3,0,3,20,0
night,planner,random,10395,1,1,2,19,22,4,8,0,4,21,0
night,planner,random,10395,2,1,4,13,22,8,15,0,7,22,0
night,planner,random,10395,3,1,4,19,22,7,26,0,8,23,0
night,planner,random,10395,4,1,5,18,22,8,35,6,9,24,0
night,planner,random,10396,0,1,2,21,22,3,4,0,3,20,0
night,planner,random,10396,1,1,2,14,22,7,6,0,4,21,0
night,planner,random,10396,2,1,3,16,22,10,12,0,6,22,0
night,planner,random,10396,3,1,4,20,22,9,25,0,8,23,0
night,planner,random,10396,4,1,5,21,22,8,45,6,9,24,0
night,planner,random,10397,0,1,2,22,22,0,0,0,4,20,0
night,planner,random,10397,1,1,2,19,22,4,8,0,4,21,0
night,planner,random,10397,2,1,3,15,22,11,12,0,6,22,0
night,planner,random,10397,3,1,4,11,22,10,19,0,7,23,0
night,planner,random,10397,4,1,4,18,22,12,28,6,8,24,0
night,planner,random,10398,0,1,2,22,22,3,3,0,3,20,0
night,planner,random,10398,1,1,2,19,22,4,8,0,4,21,0
night,planner,random,10398,2,1,3,21,22,8,15,0,6,22,0
night,planner,random,10398,3,1,4,13,22,10,21,0,8,23,0
night,planner,random,10398,4,1,5,19,22,9,39,4,10,24,0
night,planner,random,10399,0,1,2,22,22,3,3,0,3,20,0
night,planner,random,10399,1,1,2,19,22,4,8,0,4,21,0
night,planner,random,10399,2,1,4,22,22,7,23,0,8,22,0
night,planner,random,10399,3,1,4,17,22,10,23,0,8,23,0
night,planner,random,10399,4,1,5,22,22,3,37,0,9,24,0
night,planner,random,10400,0,1,2,22,22,3,3,0,3,20,0
night,planner,random,10400,1,1,2,19,22,4,8,0,4,21,0
night,planner,random,10400,2,1,4,18,22,3,15,0,7,22,0
night,planner,random,10400,3,1,4,22,22,6,26,0,8,23,0
night,planner,random,10400,4,1,4,1,22,11,15,0,7,24,0
night,planner,random,10401,0,1,2,22,22,3,3,0,3,20,0
night,planner,random,10401,1,1,2,14,22,7,6,0,4,21,0
night,planner,random,10401,2,1,3,22,22,7,15,0,6,22,0
night,planner,random,10401,3,1,4,14,22,10,22,0,8,23,0
night,planner,random,10401,4,1,4,13,22,10,29,6,8,24,0
night,planner,random,10402,0,1,2,22,22,3,3,0,3,20,0
night,planner,random,10402,1,1,2,19,22,4,8,0,4,21,0
night,planner,random,10402,2,1,4,12,22,7,13,0,7,22,0
night,planner,random,10402,3,1,4,12,22,10,22,0,8,23,0
night,planner,random,10402,4,1,4,11,22,11,31,10,8,24,0
night,planner,random,10403,0,1,2,22,22,3,3,0,3,20,0
night,planner,random,10403,1,1,2,12,22,7,4,0,4,21,0
night,planner,random,10403,2,1,3,21,22,9,16,0,6,22,0
night,planner,random,10403,3,1,4,22,22,7,27,0,8,23,0
night,planner,random,10403,4,1,4,7,22,16,21,6,8,24,0
night,planner,random,10404,0,1,2,22,22,3,3,0,3,20,0
night,planner,random,10404,1,1,2,13,22,7,5,0,4,21,0
night,planner,random,10404,2,1,3,22,22,7,14,0,6,22,0
night,planner,random,10404,3,1,4,11,22,10,19,0,7,23,0
night,planner,random,10404,4,1,4,7,22,13,21,4,8,24,0
night,planner,random,10405,0,1,2,18,22,3,3,0,3,20,0
night,planner,random,10405,1,1,2,12,22,7,4,0,4,21,0
night,planner,random,10405,2,1,3,22,22,7,15,0,6,22,0
night,planner,random,10405,3,1,4,16,22,10,24,0,8,23,0
night,planner,random,10405,4,1,4,13,22,14,27,6,8,24,0
night,planner,random,10406,0,1,2,18,22,6,2,0,3,20,0
night,planner,random,10406,1,1,2,13,22,7,5,0,4,21,0
night,planner,random,10406,2,1,3,15,22,11,12,0,6,22,0
night,planner,random,10406,3,1,4,22,22,7,25,0,8,23,0
night,planner,random,10406,4,1,5,13,22,7,34,4,10,24,0
night,planner,random,10407,0,1,2,22,22,3,3,0,3,20,0
night,planner,random,10407,1,1,2,19,22,4,8,0,4,21,0
night,planner,random,10407,2,1,3,12,22,11,9,0,6,22,0
night,planner,random,10407,3,1,5,16,22,6,32,0,9,23,0
night,planner,random,10407,4,1,5,16,22,6,36,0,10,24,0
night,planner,random,10408,0,1,2,22,22,3,3,0,4,20,0
night,planner,random,10408,1,1,2,3,22,12,0,4,4,21,0
night,planner,random,10408,2,1,3,21,22,10,17,0,6,22,0
night,planner,random,10408,3,1,4,10,22,10,22,0,8,23,0
night,planner,random,10408,4,0,3,0,22,9,20,0,6,24,0
night,planner,random,10409,0,1,2,21,22,0,3,0,4,20,0
night,planner,random,10409,1,1,2,12,22,7,4,0,4,21,0
night,planner,random,10409,2,1,4,17,22,7,18,0,8,22,0
night,planner,random,10409,3,1,4,22,22,3,23,0,8,23,0
night,planner,random,10409,4,1,4,17,22,12,27,6,8,24,0
night,planner,random,10410,0,1,2,21,22,3,4,0,3,20,0
night,planner,random,10410,1,1,2,19,22,4,8,0,4,21,0
night,planner,random,10410,2,1,3,14,22,10,10,0,6,22,0
night,planner,random,10410,3,1,4,20,22,7,27,0,8,23,0
night,planner,random,10410,4,1,4,13,22,13,27,6,8,24,0
night,planner,random,10411,0,1,2,22,22,3,3,0,3,20,0
night,planner,random,10411,1,1,2,19,22,4,8,0,4,21,0
night,planner,random,10411,2,0,2,0,22,10,3,0,4,22,0
night,planner,random,10411,3,1,4,22,22,7,25,0,8,23,0
night,planner,random,10411,4,1,5,21,22,6,39,4,10,24,0
night,planner,random,10412,0,1,2,22,22,3,3,0,3,20,0
night,planner,random,10412,1,1,2,12,22,7,4,0,4,21,0
night,planner,random,10412,2,1,3,22,22,7,15,0,6,22,0
night,planner,random,10412,3,1,4,17,22,7,22,0,8,23,0
night,planner,random,10412,4,1,4,22,22,11,28,10,8,24,0
night,planner,random,10413,0,1,2,22,22,3,3,0,4,20,0
night,planner,random,10413,1,1,2,19,22,4,8,0,4,21,0
night,planner,random,10413,2,1,4,16,22,4,14,0,7,22,0
night,planner,random,10413,3,1,4,22,22,4,24,0,8,23,0
night,planner,random,10413,4,1,5,15,22,3,36,0,8,24,0
night,planner,random,10414,0,1,2,22,22,3,3,0,3,20,0
night,planner,random,10414,1,1,2,14,22,7,6,0,4,21,0
night,planner,random,10414,2,1,3,21,22,8,15,0,6,22,0
night,planner,random,10414,3,1,4,19,22,7,22,0,8,23,0
night,planner,random,10414,4,1,4,3,22,15,25,10,8,24,0
night,planner,random,10415,0,1,2,22,22,0,0,0,4,20,0
night,planner,random,10415,1,1,2,12,22,7,4,0,4,21,0
night,planner,random,10415,2,1,3,18,22,10,14,0,6,22,0
night,planner,random,10415,3,1,4,11,22,10,17,0,7,23,0
night,planner,random,10415,4,1,4,1,22,7,17,0,8,24,0
night,planner,random,10416,0,1,2,22,22,3,3,0,3,20,0
night,planner,random,10416,1,1,2,19,22,4,8,0,4,21,0
night,planner,random,10416,2,1,4,9,22,9,12,0,7,22,0
night,planner,random,10416,3,1,4,14,22,10,22,0,8,23,0
night,planner,random,10416,4,1,4,4,22,18,20,6,8,24,0
night,planner,random,10417,0,1,2,20,22,3,5,0,3,20,0
night,planner,random,10417,1,1,2,19,22,4,8,0,4,21,0
night,planner,random,10417,2,1,3,15,22,11,12,0,6,22,0
night,planner,random,10417,3,1,4,19,22,7,22,0,8,23,0
night,planner,random,10417,4,1,5,13,22,10,37,10,9,24,0
night,planner,random,10418,0,1,2,22,22,0,0,0,4,20,0
night,planner,random,10418,1,1,2,12,22,7,4,0,4,21,0
night,planner,random,10418,2,1,4,17,22,7,18,0,7,22,0
night,planner,random,10418,3,1,4,12,22,10,22,0,8,23,0
night,planner,random,10418,4,1,4,11,22,9,32,6,8,24,0
night,planner,random,10419,0,1,2,22,22,0,0,0,3,20,0
night,planner,random,10419,1,1,2,14,22,7,6,0,4,21,0
night,planner,random,10419,2,1,3,12,22,11,9,0,6,22,0
night,planner,random,10419,3,1,4,14,22,10,22,0,8,23,0
night,planner,random,10419,4,1,4,4,22,14,23,4,8,24,0
night,planner,random,10420,0,1,2,22,22,3,3,0,3,20,0
night,planner,random,10420,1,1,2,8,22,10,3,0,4,21,0
night,planner,random,10420,2,1,3,15,22,11,12,0,6,22,0
night,planner,random,10420,3,1,4,19,22,7,26,0,8,23,0
night,planner,random,10420,4,1,4,11,22,12,26,6,8,24,0
night,planner,random,10421,0,1,2,22,22,0,0,0,4,20,0
night,planner,random,10421,1,1,2,14,22,7,6,0,4,21,0
night,planner,random,10421,2,1,4,16,22,8,18,0,7,22,0
night,planner,random,10421,3,1,4,15,22,10,23,0,8,23,0
night,planner,random,10421,4,1,4,16,22,14,28,6,8,24,0
night,planner,random,10422,0,1,2,22,22,0,0,0,4,20,0
night,planner,random,10422,1,1,2,16,22,3,4,0,4,21,0
night,planner,random,10422,2,0,2,0,22,10,3,0,4,22,0
night,planner,random,10422,3,1,4,21,22,4,21,0,8,23,0
night,planner,random,10422,4,1,5,22,22,7,43,10,10,24,0
night,planner,random,10423,0,1,2,22,22,3,3,0,3,20,0
night,planner,random,10423,1,1,2,19,22,4,8,0,4,21,0
night,planner,random,10423,2,1,4,22,22,7,23,0,8,22,0
night,planner,random,10423,3,1,4,22,22,3,25,0,8,23,0
night,planner,random,10423,4,1,5,10,22,10,36,4,10,24,0
night,planner,random,10424,0,1,2,20,22,3,5,0,3,20,0
night,planner,random,10424,1,1,2,12,22,7,4,0,4,21,0
night,planner,random,10424,2,1,4,11,22,10,15,0,7,22,0
night,planner,random,10424,3,1,4,19,22,7,24,0,8,23,0
night,planner,random,10424,4,1,4,6,22,15,21,10,8,24,0
night,planner,random,10425,0,1,2,15,22,6,1,0,3,20,0
night,planner,random,10425,1,1,2,19,22,4,8,0,4,21,0
night,planner,random,10425,2,1,4,17,22,7,18,0,7,22,0
night,planner,random,10425,3,1,4,20,22,7,25,0,8,23,0
night,planner,random,10425,4,1,4,17,22,3,32,0,7,24,0
night,planner,random,10426,0,1,2,20,22,3,5,0,3,20,0
night,planner,random,10426,1,1,2,19,22,4,8,0,4,21,0
night,planner,random,10426,2,1,3,15,22,11,12,0,6,22,0
night,planner,random,10426,3,1,4,19,22,10,23,0,8,23,0
night,planner,random,10426,4,1,4,9,22,12,34,16,8,24,0
night,planner,random,10427,0,1,2,22,22,0,0,0,4,20,0
night,planner,random,10427,1,1,2,9,22,6,0,0,4,21,0
night,planner,random,10427,2,1,3,22,22,4,20,0,6,22,0
night,planner,random,10427,3,1,4,22,22,4,24,0,8,23,0
night,planner,random,10427,4,0,4,0,22,10,15,0,7,24,0
night,planner,random,10428,0,1,2,22,22,0,0,0,4,20,0
night,planner,random,10428,1,1,2,19,22,4,8,0,4,21,0
night,planner,random,10428,2,1,3,22,22,7,15,0,6,22,0
night,planner,random,10428,3,1,4,15,22,10,25,0,8,23,0
night,planner,random,10428,4,1,5,16,22,6,38,0,10,24,0
night,planner,random,10429,0,1,2,22,22,0,0,0,4,20,0
night,planner,random,10429,1,1,2,19,22,4,8,0,4,21,0
night,planner,random,10429,2,1,4,15,22,6,15,0,7,22,0
night,planner,random,10429,3,1,4,16,22,10,20,0,8,23,0
night,planner,random,10429,4,1,4,2,22,15,26,6,8,24,0
night,planner,random,10430,0,1,2,22,22,3,3,0,3,20,0
night,planner,random,10430,1,1,2,19,22,4,8,0,4,21,0
night,planner,random,10430,2,1,4,20,22,8,22,0,8,22,0
night,planner,random,10430,3,1,3,19,22,4,21,0,6,23,0
night,planner,random,10430,4,1,5,18,22,3,35,0,8,24,0
night,planner,random,10431,0,1,2,22,22,3,3,0,3,20,0
night,planner,random,10431,1,1,2,12,22,7,4,0,4,21,0
night,planner,random,10431,2,1,4,7,22,11,12,0,7,22,0
night,planner,random,10431,3,1,4,15,22,10,23,0,8,23,0
night,planner,random,10431,4,1,4,19,22,12,30,6,8,24,0
night,planner,random,10432,0,1,2,22,22,0,0,0,3,20,0
night,planner,random,10432,1,1,2,15,22,6,6,0,4,21,0
night,planner,random,10432,2,1,3,15,22,11,12,0,6,22,0
night,planner,random,10432,3,1,4,10,22,10,18,0,8,23,0
night,planner,random,10432,4,1,5,19,22,7,40,4,10,24,0
night,planner,random,10433,0,1,2,19,22,3,4,0,3,20,0
night,planner,random,10433,1,1,2,19,22,4,8,0,4,21,0
night,planner,random,10433,2,1,3,18,22,10,14,0,6,22,0
night,planner,random,10433,3,1,4,18,22,7,23,0,8,23,0
night,planner,random,10433,4,1,5,21,22,8,43,6,10,24,0
night,planner,random,10434,0,1,2,22,22,0,0,0,3,20,0
night,planner,random,10434,1,1,2,12,22,7,4,0,4,21,0
night,planner,random,10434,2,1,3,22,22,7,14,0,6,22,0
night,planner,random,10434,3,1,4,14,22,8,18,0,8,23,0
night,planner,random,10434,4,1,4,18,22,12,33,6,8,24,0
night,planner,random,10435,0,1,2,20,22,0,2,0,3,20,0
night,planner,random,10435,1,1,2,13,22,7,5,0,4,21,0
night,planner,random,10435,2,1,3,21,22,8,15,0,6,22,0
night,planner,random,10435,3,1,4,8,22,10,22,0,8,23,0
night,planner,random,10435,4,1,4,22,22,9,36,6,8,24,0
night,planner,random,10436,0,1,2,22,22,0,0,0,3,20,0
night,planner,random,10436,1,1,2,12,22,7,4,0,4,21,0
night,planner,random,10436,2,1,4,15,22,6,15,0,7,22,0
night,planner,random,10436,3,1,4,22,22,7,27,0,8,23,0
night,planner,random,10436,4,1,4,19,22,6,28,0,7,24,0
night,planner,random,10437,0,1,2,22,22,0,0,0,3,20,0
night,planner,random,10437,1,1,2,14,22,7,6,0,4,21,0
night,planner,random,10437,2,1,3,19,22,8,13,0,6,22,0
night,planner,random,10437,3,1,4,22,22,7,23,0,8,23,0
night,planner,random,10437,4,1,4,10,22,13,26,6,8,24,0
night,planner,random,10438,0,1,2,20,22,3,5,0,3,20,0
night,planner,random,10438,1,1,2,13,22,7,5,0,4,21,0
night,planner,random,10438,2,1,3,18,22,10,14,0,6,22,0
night,planner,random,10438,3,1,4,20,22,7,27,0,8,23,0
night,planner,random,10438,4,1,4,11,22,16,24,6,8,24,0
night,planner,random,10439,0,1,2,22,22,3,3,0,4,20,0
night,planner,random,10439,1,1,2,12,22,7,4,0,4,21,0
night,planner,random,10439,2,1,3,7,22,13,6,0,6,22,0
night,planner,random,10439,3,1,4,22,22,7,25,0,8,23,0
night,planner,random,10439,4,1,5,18,22,6,38,4,10,24,0
night,planner,random,10440,0,1,2,20,22,0,2,0,3,20,0
night,planner,random,10440,1,1,2,19,22,4,8,0,4,21,0
night,planner,random,10440,2,1,3,15,22,11,12,0,6,22,0
night,planner,random,10440,3,0,3,0,22,6,8,0,6,23,0
night,planner,random,10440,4,1,4,21,22,8,28,4,8,24,0
night,planner,random,10441,0,1,2,20,22,3,5,0,3,20,0
night,planner,random,10441,1,1,2,8,22,10,3,0,4,21,0
night,planner,random,10441,2,1,4,19,22,7,20,0,7,22,0
night,planner,random,10441,3,1,4,21,22,7,26,0,8,23,0
night,planner,random,10441,4,1,4,15,22,12,29,14,8,24,0
night,planner,random,10442,0,1,2,22,22,0,0,0,3,20,0
night,planner,random,10442,1,1,2,14,22,6,0,0,4,21,0
night,planner,random,10442,2,1,4,10,22,10,14,0,7,22,0
night,planner,random,10442,3,1,4,22,22,4,26,0,8,23,0
night,planner,random,10442,4,1,5,13,22,6,36,0,9,24,0
night,planner,random,10443,0,1,2,22,22,3,3,0,3,20,0
night,planner,random,10443,1,1,2,8,22,10,3,0,4,21,0
night,planner,random,10443,2,1,3,16,22,10,12,0,6,22,0
night,planner,random,10443,3,1,4,22,22,7,23,0,8,23,0
night,planner,random,10443,4,1,5,6,22,10,28,0,8,24,0
night,planner,random,10444,0,1,2,22,22,0,0,0,4,20,0
night,planner,random,10444,1,1,2,22,22,4,6,0,4,21,0
night,planner,random,10444,2,1,3,19,22,10,15,0,6,22,0
night,planner,random,10444,3,1,4,22,22,7,31,0,8,23,0
night,planner,random,10444,4,1,4,17,22,13,26,6,8,24,0
night,planner,random,10445,0,1,2,19,22,3,4,0,3,20,0
night,planner,random,10445,1,1,2,15,22,6,6,0,4,21,0
night,planner,random,10445,2,1,3,15,22,11,12,0,6,22,0
night,planner,random,10445,3,1,4,20,22,7,27,0,8,23,0
night,planner,random,10445,4,1,4,22,22,6,28,0,7,24,0
night,planner,random,10446,0,1,2,21,22,3,4,0,3,20,0
night,planner,random,10446,1,1,2,19,22,4,8,0,4,21,0
night,planner,random,10446,2,1,4,13,22,8,15,0,7,22,0
night,planner,random,10446,3,1,4,7,22,13,18,0,8,23,0
night,planner,random,10446,4,1,4,13,22,8,33,6,8,24,0
night,planner,random,10447,0,1,2,22,22,0,0,0,3,20,0
night,planner,random,10447,1,1,2,14,22,7,6,0,4,21,0
night,planner,random,10447,2,1,3,15,22,11,12,0,6,22,0
night,planner,random,10447,3,1,4,19,22,7,24,0,8,23,0
night,planner,random,10447,4,1,4,22,22,8,33,6,8,24,0
night,planner,random,10448,0,1,2,22,22,3,3,0,3,20,0
night,planner,random,10448,1,1,2,19,22,4,8,0,4,21,0
night,planner,random,10448,2,1,3,21,22,10,17,0,6,22,0
night,planner,random,10448,3,1,4,18,22,10,26,0,8,23,0
night,planner,random,10448,4,1,4,16,22,11,30,6,8,24,0
night,planner,random,10449,0,1,2,22,22,3,3,0,3,20,0
night,planner,random,10449,1,1,2,19,22,4,8,0,4,21,0
night,planner,random,10449,2,1,3,10,22,10,14,0,5,22,0
night,planner,random,10449,3,1,4,9,22,7,12,0,8,23,0
night,planner,random,10449,4,1,4,16,22,10,29,4,8,24,0
night,planner,random,10450,0,1,2,22,22,3,3,0,3,20,0
night,planner,random,10450,1,1,2,12,22,7,4,0,4,21,0
night,planner,random,10450,2,1,3,15,22,11,12,0,6,22,0
night,planner,random,10450,3,1,5,9,22,10,27,0,9,23,0
night,planner,random,10450,4,1,4,22,22,11,33,6,8,24,0
night,planner,random,10451,0,1,2,22,22,3,5,0,3,20,0
night,planner,random,10451,1,1,2,14,22,7,6,0,4,21,0
night,planner,random,10451,2,1,3,22,22,7,15,0,6,22,0
night,planner,random,10451,3,1,4,14,22,10,22,0,7,23,0
night,planner,random,10451,4,1,5,9,22,6,26,0,8,24,0
night,planner,random,10452,0,1,2,22,22,3,3,0,4,20,0
night,planner,random,10452,1,1,2,13,22,7,5,0,4,21,0
night,planner,random,10452,2,1,4,14,22,8,16,0,7,22,0
night,planner,random,10452,3,1,4,15,22,8,21,0,8,23,0
night,planner,random,10452,4,1,4,2,22,14,21,6,7,24,0
night,planner,random,10453,0,1,2,22,22,3,3,0,4,20,0
night,planner,random,10453,1,1,2,12,22,7,4,0,4,21,0
night,planner,random,10453,2,1,3,18,22,10,14,0,6,22,0
night,planner,random,10453,3,0,3,0,22,13,8,0,6,23,0
night,planner,random,10453,4,1,5,17,22,10,43,6,10,24,0
night,planner,random,10454,0,1,2,22,22,3,3,0,3,20,0
night,planner,random,10454,1,1,2,3,22,12,0,0,4,21,0
night,planner,random,10454,2,1,3,15,22,11,12,0,6,22,0
night,planner,random,10454,3,1,4,20,22,7,25,0,8,23,0
night,planner,random,10454,4,1,5,17,22,13,41,14,10,24,0
night,planner,random,10455,0,1,2,22,22,3,3,0,3,20,0
night,planner,random,10455,1,1,2,15,22,6,6,0,4,21,0
night,planner,random,10455,2,1,3,21,22,8,15,0,6,22,0
night,planner,random,10455,3,1,4,11,22,10,19,0,8,23,0
night,planner,random,10455,4,1,5,17,22,8,39,6,9,24,0
night,planner,random,10456,0,1,2,22,22,3,3,0,3,20,0
night,planner,random,10456,1,1,2,15,22,6,6,0,4,21,0
night,planner,random,10456,2,1,3,15,22,11,12,0,6,22,0
night,planner,random,10456,3,1,4,20,22,7,27,0,8,23,0
night,planner,random,10456,4,1,4,22,22,8,32,6,8,24,0
night,planner,random,10457,0,1,2,22,22,3,3,0,3,20,0
night,planner,random,10457,1,1,2,17,22,7,4,0,4,21,0
night,planner,random,10457,2,1,3,15,22,11,12,0,6,22,0
night,planner,random,10457,3,1,4,22,22,7,27,0,8,23,0
night,planner,random,10457,4,1,5,16,22,11,37,6,9,24,0
night,planner,random,10458,0,1,2,22,22,0,0,0,3,20,0
night,planner,random,10458,1,1,2,14,22,7,6,0,4,21,0
night,planner,random,10458,2,1,3,18,22,10,14,0,6,22,0
night,planner,random,10458,3,1,4,7,22,10,17,0,8,23,0
night,planner,random,10458,4,1,5,16,22,9,36,0,9,24,0
night,planner,random,10459,0,1,2,18,22,6,2,0,3,20,0
night,planner,random,10459,1,1,2,19,22,4,8,0,4,21,0
night,planner,random,10459,2,1,4,17,22,7,18,0,7,22,0
night,planner,random,10459,3,1,4,20,22,7,25,0,8,23,0
night,planner,random,10459,4,1,5,12,22,5,31,4,10,24,0
night,planner,random,10460,0,1,2,19,22,3,4,0,3,20,0
night,planner,random,10460,1,1,2,19,22,4,8,0,4,21,0
night,planner,random,10460,2,1,3,21,22,4,19,0,5,22,0
night,planner,random,10460,3,1,4,22,22,7,25,0,8,23,0
night,planner,random,10460,4,1,4,22,22,10,35,6,8,24,0
night,planner,random,10461,0,1,2,22,22,0,0,0,3,20,0
night,planner,random,10461,1,1,2,12,22,7,4,0,4,21,0
night,planner,random,10461,2,0,2,0,22,10,3,0,4,22,0
night,planner,random,10461,3,1,4,22,22,7,27,0,8,23,0
night,planner,random,10461,4,1,5,17,22,8,39,4,10,24,0
night,planner,random,10462,0,1,2,22,22,3,3,0,3,20,0
night,planner,random,10462,1,1,2,19,22,4,8,0,4,21,0
night,planner,random,10462,2,1,4,17,22,7,18,0,7,22,0
night,planner,random,10462,3,1,4,22,22,7,25,0,8,23,0
night,planner,random,10462,4,1,4,16,22,10,31,4,8,24,0
night,planner,random,10463,0,1,2,22,22,3,3,0,3,20,0
night,planner,random,10463,1,1,2,19,22,4,8,0,4,21,0
night,planner,random,10463,2,1,4,16,22,7,17,0,7,22,0
night,planner,random,10463,3,1,4,15,22,10,23,0,8,23,0
night,planner,random,10463,4,1,5,9,22,5,25,0,8,24,0
night,planner,random,10464,0,1,2,22,22,3,3,0,3,20,0
night,planner,random,10464,1,1,2,19,22,4,8,0,4,21,0
night,planner,random,10464,2,1,3,12,22,11,8,0,6,22,0
night,planner,random,10464,3,1,4,17,22,6,23,0,8,23,0
night,planner,random,10464,4,1,4,22,22,11,28,6,8,24,0
night,planner,random,10465,0,1,2,22,22,3,3,0,3,20,0
night,planner,random,10465,1,1,2,12,22,7,4,0,4,21,0
night,planner,random,10465,2,1,3,15,22,11,12,0,6,22,0
night,planner,random,10465,3,1,4,18,22,10,26,0,8,23,0
night,planner,random,10465,4,1,4,12,22,11,28,6,8,24,0
night,planner,random,10466,0,1,2,22,22,0,0,0,4,20,0
night,planner,random,10466,1,1,2,14,22,7,6,0,4,21,0
night,planner,random,10466,2,1,3,22,22,7,15,0,6,22,0
night,planner,random,10466,3,1,4,19,22,6,21,0,8,23,0
night,planner,random,10466,4,1,4,18,22,13,28,6,8,24,0
night,planner,random,10467,0,1,2,22,22,0,0,0,4,20,0
night,planner,random,10467,1,1,2,13,22,7,5,0,4,21,0
night,planner,random,10467,2,1,3,22,22,7,15,0,6,22,0
night,planner,random,10467,3,1,4,20,22,7,27,0,8,23,0
night,planner,random,10467,4,1,4,3,22,10,15,4,7,24,0
night,planner,random,10468,0,1,2,22,22,3,3,0,3,20,0
night,planner,random,10468,1,1,2,7,22,10,2,0,4,21,0
night,planner,random,10468,2,0,2,0,22,10,3,0,4,22,0
night,planner,random,10468,3,1,4,21,22,7,26,0,8,23,0
night,planner,random,10468,4,1,4,16,22,8,36,4,8,24,0
night,planner,random,10469,0,1,2,19,22,3,0,0,3,20,0
night,planner,random,10469,1,1,2,19,22,4,8,0,4,21,0
night,planner,random,10469,2,1,3,21,22,8,15,0,6,22,0
night,planner,random,10469,3,1,4,16,22,10,22,0,8,23,0
night,planner,random,10469,4,1,5,14,22,11,36,6,10,24,0
night,planner,random,10470,0,1,2,22,22,0,0,0,4,20,0
night,planner,random,10470,1,1,2,14,22,7,6,0,4,21,0
night,planner,random,10470,2,1,3,15,22,11,12,0,6,22,0
night,planner,random,10470,3,1,4,10,22,10,16,0,8,23,0
night,planner,random,10470,4,1,4,20,22,8,38,6,8,24,0
night,planner,random,10471,0,1,2,22,22,0,0,0,4,20,0
night,planner,random,10471,1,1,2,19,22,4,8,0,4,21,0
night,planner,random,10471,2,1,3,9,22,14,9,0,6,22,0
night,planner,random,10471,3,1,4,12,22,6,10,0,8,23,0
night,planner,random,10471,4,1,4,21,22,10,32,10,8,24,0
night,planner,random,10472,0,1,2,19,22,3,4,0,3,20,0
night,planner,random,10472,1,1,2,13,22,7,5,0,4,21,0
night,planner,random,10472,2,1,3,22,22,7,15,0,6,22,0
night,planner,random,10472,3,1,4,19,22,7,24,0,8,23,0
night,planner,random,10472,4,1,4,22,22,3,38,4,8,24,0
night,planner,random,10473,0,1,2,22,22,3,3,0,4,20,0
night,planner,random,10473,1,1,2,13,22,7,5,0,4,21,0
night,planner,random,10473,2,1,3,15,22,11,12,0,6,22,0
night,planner,random,10473,3,1,4,19,22,10,25,0,8,23,0
night,planner,random,10473,4,1,4,22,22,8,32,6,8,24,0
night,planner,random,10474,0,1,2,20,22,3,5,0,3,20,0
night,planner,random,10474,1,1,2,18,22,7,5,0,4,21,0
night,planner,random,10474,2,1,4,13,22,8,15,0,7,22,0
night,planner,random,10474,3,1,4,19,22,7,26,0,8,23,0
night,planner,random,10474,4,1,5,22,22,4,41,8,10,24,0
night,planner,random,10475,0,1,2,22,22,3,3,0,3,20,0
night,planner,random,10475,1,1,2,19,22,4,8,0,4,21,0
night,planner,random,10475,2,1,4,19,22,6,19,0,7,22,0
night,planner,random,10475,3,1,4,22,22,7,23,0,8,23,0
night,planner,random,10475,4,1,4,10,22,12,19,0,7,24,0
night,planner,random,10476,0,1,2,19,22,3,4,0,3,20,0
night,planner,random,10476,1,1,2,22,22,4,6,0,4,21,0
night,planner,random,10476,2,0,2,0,22,6,0,0,4,22,0
night,planner,random,10476,3,1,4,22,22,4,24,0,8,23,0
night,planner,random,10476,4,1,4,21,22,10,36,12,8,24,0
night,planner,random,10477,0,1,2,22,22,3,3,0,3,20,0
night,planner,random,10477,1,1,2,8,22,10,3,0,4,21,0
night,planner,random,10477,2,1,4,8,22,11,13,0,7,22,0
night,planner,random,10477,3,1,4,22,22,7,25,0,8,23,0
night,planner,random,10477,4,1,5,12,22,9,35,4,9,24,0
night,planner,random,10478,0,1,2,22,22,3,3,0,3,20,0
night,planner,random,10478,1,1,2,12,22,7,4,0,4,21,0
night,planner,random,10478,2,1,3,15,22,11,12,0,6,22,0
night,planner,random,10478,3,1,4,22,22,6,26,0,8,23,0
night,planner,random,10478,4,1,4,21,22,9,30,4,8,24,0
night,planner,random,10479,0,1,2,19,22,3,4,0,3,20,0
night,planner,random,10479,1,1,2,8,22,10,3,0,4,21,0
night,planner,random,10479,2,1,3,15,22,11,12,0,6,22,0
night,planner,random,10479,3,1,4,15,22,10,23,0,8,23,0
night,planner,random,10479,4,1,4,19,22,11,33,6,8,24,0
night,planner,random,10480,0,1,2,22,22,0,0,0,4,20,0
night,planner,random,10480,1,1,2,12,22,7,4,0,4,21,0
night,planner,random,10480,2,1,4,20,22,6,20,0,8,22,0
night,planner,random,10480,3,1,4,22,22,7,25,0,8,23,0
night,planner,random,10480,4,1,5,11,22,6,31,0,8,24,0
night,planner,random,10481,0,1,2,22,22,3,3,0,4,20,0
night,planner,random,10481,1,1,2,12,22,7,4,0,4,21,0
night,planner,random,10481,2,1,4,9,22,10,13,0,7,22,0
night,planner,random,10481,3,1,4,17,22,7,20,0,8,23,0
night,planner,random,10481,4,1,4,22,22,5,25,8,8,24,0
night,planner,random,10482,0,1,2,22,22,3,3,0,3,20,0
night,planner,random,10482,1,1,2,19,22,4,8,0,4,21,0
night,planner,random,10482,2,1,4,13,22,8,15,0,7,22,0
night,planner,random,10482,3,1,5,11,22,7,30,4,9,23,0
night,planner,random,10482,4,1,4,22,22,8,26,6,8,24,0
night,planner,random,10483,0,1,2,22,22,3,3,0,3,20,0
night,planner,random,10483,1,1,2,19,22,4,8,0,4,21,0
night,planner,random,10483,2,1,3,22,22,7,15,0,6,22,0
night,planner,random,10483,3,1,4,18,22,6,20,0,8,23,0
night,planner,random,10483,4,1,5,11,22,8,32,4,8,24,0
night,planner,random,10484,0,1,2,22,22,3,3,0,3,20,0
night,planner,random,10484,1,1,2,19,22,4,8,0,4,21,0
night,planner,random,10484,2,1,4,15,22,8,17,0,7,22,0
night,planner,random,10484,3,1,4,19,22,6,21,0,8,23,0
night,planner,random,10484,4,1,4,22,22,8,33,6,8,24,0
night,planner,random,10485,0,1,2,20,22,0,2,0,3,20,0
night,planner,random,10485,1,1,2,22,22,4,6,0,4,21,0
night,planner,random,10485,2,1,4,14,22,8,15,0,7,22,0
night,planner,random,10485,3,1,4,16,22,10,22,0,8,23,0
night,planner,random,10485,4,1,4,22,22,9,33,6,8,24,0
night,planner,random,10486,0,1,2,19,22,3,4,0,3,20,0
night,planner,random,10486,1,1,2,19,22,4,8,0,4,21,0
night,planner,random,10486,2,1,4,22,22,7,23,0,8,22,0
night,planner,random,10486,3,1,4,21,22,6,23,0,8,23,0
night,planner,random,10486,4,1,4,20,22,5,32,4,8,24,0
night,planner,random,10487,0,1,2,22,22,3,3,0,3,20,0
night,planner,random,10487,1,1,2,8,22,10,3,0,4,21,0
night,planner,random,10487,2,1,3,15,22,9,10,0,6,22,0
night,planner,random,10487,3,1,4,13,22,10,19,0,8,23,0
night,planner,random,10487,4,1,4,14,22,11,26,6,8,24,0
night,planner,random,10488,0,1,2,22,22,0,0,0,4,20,0
night,planner,random,10488,1,1,2,12,22,7,4,0,4,21,0
night,planner,random,10488,2,1,3,22,22,7,15,0,6,22,0
night,planner,random,10488,3,1,5,8,22,10,28,0,9,23,0
night,planner,random,10488,4,1,5,18,22,10,40,12,10,24,0
night,planner,random,10489,0,1,2,22,22,3,3,0,3,20,0
night,planner,random,10489,1,1,2,9,22,6,0,0,4,21,0
night,planner,random,10489,2,1,3,18,22,10,14,0,6,22,0
night,planner,random,10489,3,1,4,22,22,3,21,0,8,23,0
night,planner,random,10489,4,1,5,13,22,9,31,0,9,24,0
night,planner,random,10490,0,1,2,22,22,3,3,0,3,20,0
night,planner,random,10490,1,1,2,4,22,12,0,4,4,21,0
night,planner,random,10490,2,1,3,22,22,6,13,0,6,22,0
night,planner,random,10490,3,1,4,15,22,10,23,0,8,23,0
night,planner,random,10490,4,1,5,17,22,7,36,0,9,24,0
night,planner,random,10491,0,1,2,22,22,0,0,0,3,20,0
night,planner,random,10491,1,1,2,15,22,6,6,0,4,21,0
night,planner,random,10491,2,1,3,22,22,6,14,0,6,22,0
night,planner,random,10491,3,1,5,19,22,7,36,0,10,23,0
night,planner,random,10491,4,1,4,17,22,10,33,6,8,24,0
night,planner,random,10492,0,1,2,20,22,3,5,0,3,20,0
night,planner,random,10492,1,1,2,19,22,4,8,0,4,21,0
night,planner,random,10492,2,1,3,22,22,6,13,0,6,22,0
night,planner,random,10492,3,1,4,15,22,10,23,0,8,23,0
night,planner,random,10492,4,1,4,19,22,13,31,12,8,24,0
night,planner,random,10493,0,1,2,20,22,3,5,0,3,20,0
night,planner,random,10493,1,1,2,12,22,7,4,0,4,21,0
night,planner,random,10493,2,1,3,15,22,11,12,0,6,22,0
night,planner,random,10493,3,1,4,16,22,7,25,0,8,23,0
night,planner,random,10493,4,1,5,22,22,6,40,4,10,24,0
night,planner,random,10494,0,1,2,22,22,3,3,0,3,20,0
night,planner,random,10494,1,1,2,19,22,4,8,0,4,21,0
night,planner,random,10494,2,1,3,18,22,10,14,0,6,22,0
night,planner,random,10494,3,1,4,14,22,10,26,0,8,23,0
night,planner,random,10494,4,0,5,0,22,9,34,4,10,24,0
night,planner,random,10495,0,1,2,22,22,3,3,0,3,20,0
night,planner,random,10495,1,1,2,19,22,4,8,0,4,21,0
night,planner,random,10495,2,0,2,0,22,10,2,0,4,22,0
night,planner,random,10495,3,1,4,22,22,7,25,0,8,23,0
night,planner,random,10495,4,1,5,7,22,11,31,6,9,24,0
night,planner,random,10496,0,1,2,18,22,6,2,0,3,20,0
night,planner,random,10496,1,1,2,7,22,10,2,0,4,21,0
night,planner,random,10496,2,1,3,15,22,11,12,0,6,22,0
night,planner,random,10496,3,1,4,10,22,10,22,0,8,23,0
night,planner,random,10496,4,1,5,17,22,6,35,0,8,24,0
night,planner,random,10497,0,1,2,22,22,0,0,0,4,20,0
night,planner,random,10497,1,1,2,15,22,6,6,0,4,21,0
night,planner,random,10497,2,1,4,7,22,11,12,0,7,22,0
night,planner,random,10497,3,1,4,22,22,3,21,0,8,23,0
night,planner,random,10497,4,1,4,22,22,7,33,6,8,24,0
night,planner,random,10498,0,1,2,22,22,3,3,0,3,20,0
night,planner,random,10498,1,1,2,14,22,7,6,0,4,21,0
night,planner,random,10498,2,1,3,15,22,11,12,0,6,22,0
night,planner,random,10498,3,1,4,22,22,4,22,0,8,23,0
night,planner,random,10498,4,0,3,0,22,11,14,6,6,24,0
night,planner,random,10499,0,1,2,22,22,3,3,0,3,20,0
night,planner,random,10499,1,1,2,15,22,6,6,0,4,21,0
night,planner,random,10499,2,1,3,19,22,8,13,0,6,22,0
night,planner,random,10499,3,1,4,19,22,7,20,0,8,23,0
night,planner,random,10499,4,1,5,13,22,6,35,0,9,24,0
night,planner,random,10500,0,1,2,22,22,0,0,0,4,20,0
night,planner,random,10500,1,1,2,15,22,6,6,0,4,21,0
night,planner,random,10500,2,1,3,15,22,11,11,0,6,22,0
night,planner,random,10500,3,1,4,19,22,7,22,0,8,23,0
night,planner,random,10500,4,1,4,7,22,13,16,6,7,24,0
night,planner,random,10501,0,1,2,19,22,3,4,0,3,20,0
night,planner,random,10501,1,1,2,19,22,4,8,0,4,21,0
night,planner,random,10501,2,1,3,21,22,4,19,0,5,22,0
night,planner,random,10501,3,1,4,20,22,10,26,0,8,23,0
night,planner,random,10501,4,0,3,0,22,9,12,0,6,24,0
night,planner,random,10502,0,1,2,22,22,3,3,0,3,20,0
night,planner,random,10502,1,1,2,19,22,4,8,0,4,21,0
night,planner,random,10502,2,1,3,22,22,7,15,0,6,22,0
night,planner,random,10502,3,1,4,17,22,10,25,0,8,23,0
night,planner,random,10502,4,1,4,19,22,5,36,4,8,24,0
night,planner,random,10503,0,1,2,22,22,3,3,0,3,20,0
night,planner,random,10503,1,1,2,12,22,7,4,0,4,21,0
night,planner,random,10503,2,1,4,15,22,10,19,0,8,22,0
night,planner,random,10503,3,1,4,17,22,7,22,0,7,23,0
night,planner,random,10503,4,1,4,10,22,6,28,0,7,24,0
night,planner,random,10504,0,1,2,22,22,3,3,0,4,20,0
night,planner,random,10504,1,1,2,19,22,4,8,0,4,21,0
night,planner,random,10504,2,1,4,16,22,10,20,0,8,22,0
night,planner,random,10504,3,1,4,20,22,10,26,0,8,23,0
night,planner,random,10504,4,1,5,22,22,8,42,4,10,24,0
night,planner,random,10505,0,1,2,22,22,0,0,0,4,20,0
night,planner,random,10505,1,1,2,19,22,4,8,0,4,21,0
night,planner,random,10505,2,1,3,22,22,8,10,0,6,22,0
night,planner,random,10505,3,1,4,17,22,6,19,0,8,23,0
night,planner,random,10505,4,1,4,22,22,12,29,6,8,24,0
night,planner,random,10506,0,1,2,20,22,3,5,0,3,20,0
night,planner,random,10506,1,1,2,10,22,9,4,4,4,21,0
night,planner,random,10506,2,1,3,15,22,11,12,0,6,22,0
night,planner,random,10506,3,1,4,19,22,7,26,0,8,23,0
night,planner,random,10506,4,1,4,12,22,9,26,4,8,24,0
night,planner,random,10507,0,1,2,22,22,3,3,0,4,20,0
night,planner,random,10507,1,1,2,22,22,4,6,0,4,21,0
night,planner,random,10507,2,1,3,22,22,7,15,0,6,22,0
night,planner,random,10507,3,0,2,0,22,10,2,0,4,23,0
night,planner,random,10507,4,1,5,22,22,10,46,10,10,24,0
night,planner,random,10508,0,1,2,21,22,0,3,0,4,20,0
night,planner,random,10508,1,1,2,19,22,4,8,0,4,21,0
night,planner,random,10508,2,1,3,21,22,10,17,0,6,22,0
night,planner,random,10508,3,1,4,22,22,7,27,0,8,23,0
night,planner,random,10508,4,1,5,22,22,6,39,0,9,24,0
night,planner,random,10509,0,1,2,22,22,3,3,0,3,20,0
night,planner,random,10509,1,1,2,19,22,4,8,0,4,21,0
night,planner,random,10509,2,1,4,12,22,10,16,0,7,22,0
night,planner,random,10509,3,1,4,10,22,10,18,0,8,23,0
night,planner,random,10509,4,1,4,19,22,12,29,6,8,24,0
night,planner,random,10510,0,1,2,22,22,3,3,0,4,20,0
night,planner,random,10510,1,1,2,13,22,7,5,0,4,21,0
night,planner,random,10510,2,1,3,12,22,11,9,0,6,22,0
night,planner,random,10510,3,1,4,21,22,7,26,0,8,23,0
night,planner,random,10510,4,1,4,9,22,13,32,6,8,24,0
night,planner,random,10511,0,1,2,22,22,3,3,0,3,20,0
night,planner,random,10511,1,1,2,19,22,4,8,0,4,21,0
night,planner,random,10511,2,1,3,12,22,11,9,0,6,22,0
night,planner,random,10511,3,1,4,22,22,6,26,0,8,23,0
night,planner,random,10511,4,0,4,0,22,8,24,6,7,24,0
night,planner,random,10512,0,1,2,22,22,3,3,0,3,20,0
night,planner,random,10512,1,1,2,14,22,7,6,0,4,21,0
night,planner,random,10512,2,1,4,14,22,3,11,0,7,22,0
night,planner,random,10512,3,1,4,19,22,10,25,0,8,23,0
night,planner,random,10512,4,1,5,11,22,10,38,6,9,24,0
night,planner,random,10513,0,1,2,22,22,0,0,0,4,20,0
night,planner,random,10513,1,1,2,12,22,7,4,0,4,21,0
night,planner,random,10513,2,1,3,17,22,7,18,0,6,22,0
night,planner,random,10513,3,1,4,14,22,9,21,0,8,23,0
night,planner,random,10513,4,1,5,20,22,7,37,4,9,24,0
night,planner,random,10514,0,1,2,21,22,3,4,0,3,20,0
night,planner,random,10514,1,1,2,19,22,4,8,0,4,21,0
night,planner,random,10514,2,1,3,15,22,11,12,0,6,22,0
night,planner,random,10514,3,1,4,17,22,6,19,0,8,23,0
night,planner,random,10514,4,1,5,11,22,10,33,0,9,24,0
night,planner,random,10515,0,1,2,22,22,3,3,0,3,20,0
night,planner,random,10515,1,1,2,19,22,4,8,0,4,21,0
night,planner,random,10515,2,1,4,13,22,8,15,0,7,22,0
night,planner,random,10515,3,1,4,18,22,7,25,0,8,23,0
night,planner,random,10515,4,1,5,16,22,9,40,6,10,24,0
night,planner,random,10516,0,1,2,22,22,3,3,0,3,20,0
night,planner,random,10516,1,1,2,19,22,4,8,0,4,21,0
night,planner,random,10516,2,1,4,13,22,8,15,0,7,22,0
night,planner,random,10516,3,1,4,17,22,7,26,0,8,23,0
night,planner,random,10516,4,1,5,17,22,6,37,0,8,24,0
night,planner,random,10517,0,1,2,18,22,3,3,0,3,20,0
night,planner,random,10517,1,1,2,19,22,4,8,0,4,21,0
night,planner,random,10517,2,1,3,22,22,7,15,0,6,22,0
night,planner,random,10517,3,1,4,20,22,7,27,0,8,23,0
night,planner,random,10517,4,1,5,15,22,6,36,0,9,24,0
night,planner,random,10518,0,1,2,22,22,3,3,0,3,20,0
night,planner,random,10518,1,1,2,16,22,3,4,0,4,21,0
night,planner,random,10518,2,1,3,12,22,11,9,0,6,22,0
night,planner,random,10518,3,1,4,10,22,6,12,0,8,23,0
night,planner,random,10518,4,1,4,8,22,15,28,12,8,24,0
night,planner,random,10519,0,1,2,22,22,3,3,0,3,20,0
night,planner,random,10519,1,1,2,19,22,4,8,0,4,21,0
night,planner,random,10519,2,1,4,17,22,7,18,0,7,22,0
night,planner,random,10519,3,1,4,22,22,4,24,0,8,23,0
night,planner,random,10519,4,1,3,10,22,13,19,6,6,24,0
night,planner,random,10520,0,1,2,22,22,0,0,0,4,20,0
night,planner,random,10520,1,1,2,13,22,7,5,0,4,21,0
night,planner,random,10520,2,1,3,21,22,10,17,0,6,22,0
night,planner,random,10520,3,1,5,16,22,7,35,0,10,23,0
night,planner,random,10520,4,1,5,16,22,3,33,0,9,24,0
night,planner,random,10521,0,1,2,22,22,0,0,0,3,20,0
night,planner,random,10521,1,1,2,19,22,4,8,0,4,21,0
night,planner,random,10521,2,1,3,15,22,11,12,0,6,22,0
night,planner,random,10521,3,1,4,20,22,7,23,0,8,23,0
night,planner,random,10521,4,1,4,22,22,12,27,6,8,24,0
night,planner,random,10522,0,1,2,20,22,3,5,0,3,20,0
night,planner,random,10522,1,1,2,12,22,7,4,0,4,21,0
night,planner,random,10522,2,1,3,21,22,10,17,0,6,22,0
night,planner,random,10522,3,1,4,16,22,10,22,0,7,23,0
night,planner,random,10522,4,1,5,22,22,8,42,6,10,24,0
night,planner,random,10523,0,1,2,22,22,0,0,0,3,20,0
night,planner,random,10523,1,1,2,22,22,4,6,0,4,21,0
night,planner,random,10523,2,1,4,7,22,11,12,0,7,22,0
night,planner,random,10523,3,1,3,7,22,10,13,0,6,23,0
night,planner,random,10523,4,1,4,6,22,13,22,4,8,24,0
night,planner,random,10524,0,1,2,22,22,3,3,0,3,20,0
night,planner,random,10524,1,1,2,19,22,4,8,0,4,21,0
night,planner,random,10524,2,1,4,12,22,6,12,0,7,22,0
night,planner,random,10524,3,1,4,20,22,7,25,0,8,23,0
night,planner,random,10524,4,1,4,12,22,11,29,6,8,24,0
night,planner,random,10525,0,1,2,22,22,0,0,0,3,20,0
night,planner,random,10525,1,1,2,19,22,4,8,0,4,21,0
night,planner,random,10525,2,1,3,22,22,6,14,0,6,22,0
night,planner,random,10525,3,1,4,22,22,7,27,0,8,23,0
night,planner,random,10525,4,1,5,16,22,7,40,0,9,24,0
night,planner,random,10526,0,1,2,22,22,0,0,0,4,20,0
night,planner,random,10526,1,1,2,19,22,4,8,0,4,21,0
night,planner,random,10526,2,1,3,21,22,8,15,0,6,22,0
night,planner,random,10526,3,1,4,19,22,7,22,0,8,23,0
night,planner,random,10526,4,1,4,15,22,10,24,0,7,24,0
night,planner,random,10527,0,1,2,20,22,0,2,0,3,20,0
night,planner,random,10527,1,1,2,14,22,7,6,0,4,21,0
night,planner,random,10527,2,1,3,15,22,11,12,0,6,22,0
night,planner,random,10527,3,1,4,17,22,7,22,0,8,23,0
night,planner,random,10527,4,1,4,8,22,8,25,0,8,24,0
night,planner,random,10528,0,1,2,22,22,0,0,0,4,20,0
night,planner,random,10528,1,1,2,9,22,10,3,0,4,21,0
night,planner,random,10528,2,1,4,14,22,4,12,0,7,22,0
night,planner,random,10528,3,1,4,22,22,7,27,0,8,23,0
night,planner,random,10528,4,1,4,2,22,9,23,4,8,24,0
night,planner,random,10529,0,1,2,22,22,0,0,0,4,20,0
night,planner,random,10529,1,1,2,12,22,7,4,0,4,21,0
night,planner,random,10529,2,1,3,18,22,10,14,0,6,22,0
night,planner,random,10529,3,1,4,18,22,7,23,0,8,23,0
night,planner,random,10529,4,1,5,17,22,6,37,0,9,24,0
night,planner,random,10530,0,1,2,19,22,3,4,0,3,20,0
night,planner,random,10530,1,1,2,19,22,4,8,0,4,21,0
night,planner,random,10530,2,1,4,14,22,8,16,0,7,22,0
night,planner,random,10530,3,1,4,15,22,10,23,0,8,23,0
night,planner,random,10530,4,1,5,12,22,10,39,0,9,24,0
night,planner,random,10531,0,1,2,18,22,6,2,0,3,20,0
night,planner,random,10531,1,1,2,19,22,4,8,0,4,21,0
night,planner,random,10531,2,1,3,17,22,7,18,0,6,22,0
night,planner,random,10531,3,1,4,10,22,6,12,0,8,23,0
night,planner,random,10531,4,1,4,11,22,7,31,4,8,24,0
night,planner,random,10532,0,1,2,22,22,3,3,0,4,20,0
night,planner,random,10532,1,1,2,22,22,4,6,0,4,21,0
night,planner,random,10532,2,1,4,14,22,8,16,0,7,22,0
night,planner,random,10532,3,1,4,22,22,7,25,0,8,23,0
night,planner,random,10532,4,1,5,12,22,6,32,0,9,24,0
night,planner,random,10533,0,1,2,22,22,3,3,0,3,20,0
night,planner,random,10533,1,1,2,12,22,7,4,0,4,21,0
night,planner,random,10533,2,1,3,22,22,7,15,0,6,22,0
night,planner,random,10533,3,0,4,0,22,6,14,0,8,23,0
night,planner,random,10533,4,1,5,2,22,14,30,6,10,24,0
night,planner,random,10534,0,1,2,22,22,3,3,0,3,20,0
night,planner,random,10534,1,1,2,19,22,4,8,0,4,21,0
night,planner,random,10534,2,1,4,17,22,7,18,0,7,22,0
night,planner,random,10534,3,1,4,22,22,7,25,0,8,23,0
night,planner,random,10534,4,1,4,11,22,13,27,6,8,24,0
night,planner,random,10535,0,1,2,18,22,6,2,0,3,20,0
night,planner,random,10535,1,1,2,14,22,7,6,0,4,21,0
night,planner,random,10535,2,0,2,0,22,6,0,0,4,22,0
night,planner,random,10535,3,1,4,22,22,7,27,0,8,23,0
night,planner,random,10535,4,1,4,8,22,10,30,4,8,24,0
night,planner,random,10536,0,1,2,20,22,0,2,0,3,20,0
night,planner,random,10536,1,1,2,12,22,7,4,0,4,21,0
night,planner,random,10536,2,1,4,15,22,4,13,0,7,22,0
night,planner,random,10536,3,1,4,22,22,6,24,0,8,23,0
night,planner,random,10536,4,1,5,18,22,7,40,0,10,24,0
night,planner,random,10537,0,1,2,22,22,3,3,0,3,20,0
night,planner,random,10537,1,1,2,19,22,4,8,0,4,21,0
night,planner,random,10537,2,1,3,22,22,7,15,0,6,22,0
night,planner,random,10537,3,1,4,15,22,10,23,0,8,23,0
night,planner,random,10537,4,1,5,20,22,6,40,0,9,24,0
night,planner,random,10538,0,1,2,22,22,0,0,0,4,20,0
night,planner,random,10538,1,1,2,10,22,9,4,4,4,21,0
night,planner,random,10538,2,1,3,22,22,7,15,0,6,22,0
night,planner,random,10538,3,1,4,16,22,10,24,0,8,23,0
night,planner,random,10538,4,1,5,20,22,7,41,4,10,24,0
night,planner,random,10539,0,1,2,22,22,0,0,0,4,20,0
night,planner,random,10539,1,1,2,14,22,7,6,0,4,21,0
night,planner,random,10539,2,1,4,15,22,8,17,0,7,22,0
night,planner,random,10539,3,1,4,18,22,7,23,0,8,23,0
night,planner,random,10539,4,1,4,22,22,6,27,4,8,24,0
night,planner,random,10540,0,1,2,22,22,0,0,0,3,20,0
night,planner,random,10540,1,1,2,19,22,4,8,0,4,21,0
night,planner,random,10540,2,1,3,21,22,8,15,0,6,22,0
night,planner,random,10540,3,1,4,21,22,7,26,0,8,23,0
night,planner,random,10540,4,1,4,22,22,8,30,4,8,24,0
night,planner,random,10541,0,1,2,22,22,0,0,0,3,20,0
night,planner,random,10541,1,1,2,13,22,7,5,0,4,21,0
night,planner,random,10541,2,1,3,16,22,11,12,0,6,22,0
night,planner,random,10541,3,1,4,11,22,10,19,0,8,23,0
night,planner,random,10541,4,1,4,8,22,14,22,4,8,24,0
night,planner,random,10542,0,1,2,22,22,0,0,0,4,20,0
night,planner,random,10542,1,1,2,19,22,4,8,0,4,21,0
night,planner,random,10542,2,1,3,15,22,11,12,0,6,22,0
night,planner,random,10542,3,1,4,22,22,4,22,0,8,23,0
night,planner,random,10542,4,1,5,11,22,8,35,4,9,24,0
night,planner,random,10543,0,1,2,22,22,3,3,0,3,20,0
night,planner,random,10543,1,1,2,14,22,7,6,0,4,21,0
night,planner,random,10543,2,1,3,18,22,10,14,0,6,22,0
night,planner,random,10543,3,1,4,11,22,6,17,0,8,23,0
night,planner,random,10543,4,1,5,14,22,6,36,0,9,24,0
night,planner,random,10544,0,1,2,18,22,6,2,0,3,20,0
night,planner,random,10544,1,1,2,9,22,7,0,0,4,21,0
night,planner,random,10544,2,1,3,16,22,9,11,0,6,22,0
night,planner,random,10544,3,1,4,19,22,7,22,0,8,23,0
night,planner,random,10544,4,1,4,10,22,12,27,6,8,24,0
night,planner,random,10545,0,1,2,22,22,3,3,0,4,20,0
night,planner,random,10545,1,1,2,13,22,7,5,0,4,21,0
night,planner,random,10545,2,1,3,22,22,7,15,0,6,22,0
night,planner,random,10545,3,1,4,19,22,9,26,0,8,23,0
night,planner,random,10545,4,1,4,19,22,11,28,6,8,24,0
night,planner,random,10546,0,1,2,22,22,3,3,0,3,20,0
night,planner,random,10546,1,1,2,8,22,10,3,0,4,21,0
night,planner,random,10546,2,1,3,19,22,8,13,0,6,22,0
night,planner,random,10546,3,1,4,20,22,6,24,0,8,23,0
night,planner,random,10546,4,1,4,19,22,11,28,6,8,24,0
night,planner,random,10547,0,1,2,22,22,3,3,0,3,20,0
night,planner,random,10547,1,1,2,14,22,7,5,0,4,21,0
night,planner,random,10547,2,1,3,15,22,11,12,0,6,22,0
night,planner,random,10547,3,1,4,20,22,10,26,0,8,23,0
night,planner,random,10547,4,1,5,2,22,10,22,0,9,24,0
night,planner,random,10548,0,1,2,19,22,3,4,0,3,20,0
night,planner,random,10548,1,1,2,9,22,6,0,0,4,21,0
night,planner,random,10548,2,1,3,22,22,7,15,0,6,22,0
night,planner,random,10548,3,1,4,22,22,8,26,0,8,23,0
night,planner,random,10548,4,0,3,0,22,9,11,0,5,24,0
night,planner,random,10549,0,1,2,22,22,3,3,0,3,20,0
night,planner,random,10549,1,1,2,19,22,4,8,0,4,21,0
night,planner,random,10549,2,1,3,22,22,7,15,0,6,22,0
night,planner,random,10549,3,1,4,20,22,9,25,0,8,23,0
night,planner,random,10549,4,0,3,0,22,8,21,6,6,24,0
night,planner,random,10550,0,1,2,19,22,3,4,0,3,20,0
night,planner,random,10550,1,1,2,19,22,4,8,0,4,21,0
night,planner,random,10550,2,1,3,5,22,14,5,0,6,22,0
night,planner,random,10550,3,1,4,18,22,6,26,0,8,23,0
night,planner,random,10550,4,1,5,2,22,14,30,6,10,24,0
night,planner,random,10551,0,1,2,22,22,3,3,0,3,20,0
night,planner,random,10551,1,1,2,19,22,4,8,0,4,21,0
night,planner,random,10551,2,1,3,21,22,9,16,0,6,22,0
night,planner,random,10551,3,1,4,16,22,9,23,0,8,23,0
night,planner,random,10551,4,0,3,0,22,6,18,4,6,24,0
night,planner,random,10552,0,1,2,22,22,3,5,0,3,20,0
night,planner,random,10552,1,1,2,12,22,7,4,0,4,21,0
night,planner,random,10552,2,1,3,15,22,11,12,0,6,22,0
night,planner,random,10552,3,1,4,11,22,9,14,0,8,23,0
night,planner,random,10552,4,1,5,9,22,9,32,0,9,24,0
night,planner,random,10553,0,1,2,22,22,3,3,0,3,20,0
night,planner,random,10553,1,1,2,19,22,4,8,0,4,21,0
night,planner,random,10553,2,1,3,15,22,11,12,0,6,22,0
night,planner,random,10553,3,0,3,0,22,13,10,0,6,23,0
night,planner,random,10553,4,1,4,1,22,11,15,0,7,24,0
night,planner,random,10554,0,1,2,22,22,3,3,0,3,20,0
night,planner,random,10554,1,1,2,12,22,7,4,0,4,21,0
night,planner,random,10554,2,1,3,21,22,8,15,0,6,22,0
night,planner,random,10554,3,1,4,18,22,10,26,0,8,23,0
night,planner,random,10554,4,1,5,17,22,6,34,0,9,24,0
night,planner,random,10555,0,1,2,19,22,3,4,0,3,20,0
night,planner,random,10555,1,1,2,12,22,7,4,0,4,21,0
night,planner,random,10555,2,1,3,21,22,8,15,0,6,22,0
night,planner,random,10555,3,1,4,20,22,7,25,0,8,23,0
night,planner,random,10555,4,1,5,15,22,7,37,0,10,24,0
night,planner,random,10556,0,1,2,19,22,3,4,0,3,20,0
night,planner,random,10556,1,1,2,19,22,4,8,0,4,21,0
night,planner,random,10556,2,1,3,19,22,10,15,0,6,22,0
night,planner,random,10556,3,1,4,19,22,7,22,0,8,23,0
night,planner,random,10556,4,0,3,0,22,9,16,4,6,24,0
night,planner,random,10557,0,1,2,22,22,0,0,0,4,20,0
night,planner,random,10557,1,1,2,12,22,7,4,0,4,21,0
night,planner,random,10557,2,1,3,18,22,10,14,0,6,22,0
night,planner,random,10557,3,1,4,22,22,7,27,0,8,23,0
night,planner,random,10557,4,1,4,22,22,9,31,6,8,24,0
night,planner,random,10558,0,1,2,22,22,3,3,0,3,20,0
night,planner,random,10558,1,1,2,19,22,4,8,0,4,21,0
night,planner,random,10558,2,1,3,22,22,7,15,0,6,22,0
night,planner,random,10558,3,1,4,8,22,9,19,0,8,23,0
night,planner,random,10558,4,1,4,19,22,10,29,6,8,24,0
night,planner,random,10559,0,1,2,22,22,3,3,0,3,20,0
night,planner,random,10559,1,1,2,12,22,7,4,0,4,21,0
night,planner,random,10559,2,1,3,21,22,8,15,0,6,22,0
night,planner,random,10559,3,1,4,15,22,10,23,0,8,23,0
night,planner,random,10559,4,1,4,22,22,8,28,6,8,24,0
night,planner,random,10560,0,1,2,22,22,3,3,0,3,20,0
night,planner,random,10560,1,1,2,19,22,4,8,0,4,21,0
night,planner,random,10560,2,1,4,17,22,7,18,0,7,22,0
night,planner,random,10560,3,1,4,14,22,10,22,0,8,23,0
night,planner,random,10560,4,1,4,18,22,12,26,6,8,24,0
night,planner,random,10561,0,1,2,22,22,3,3,0,3,20,0
night,planner,random,10561,1,1,2,12,22,7,4,0,4,21,0
night,planner,random,10561,2,1,3,21,22,9,16,0,6,22,0
night,planner,random,10561,3,1,4,19,22,10,25,0,8,23,0
night,planner,random,10561,4,1,4,13,22,12,22,4,8,24,0
night,planner,random,10562,0,1,2,22,22,3,3,0,3,20,0
night,planner,random,10562,1,1,2,19,22,4,8,0,4,21,0
night,planner,random,10562,2,1,3,18,22,10,14,0,6,22,0
night,planner,random,10562,3,1,4,17,22,10,25,0,8,23,0
night,planner,random,10562,4,0,3,0,22,11,14,6,6,24,0
night,planner,random,10563,0,1,2,22,22,3,3,0,3,20,0
night,planner,random,10563,1,1,2,12,22,7,4,0,4,21,0
night,planner,random,10563,2,1,4,15,22,8,17,0,7,22,0
night,planner,random,10563,3,1,4,22,22,7,27,0,8,23,0
night,planner,random,10563,4,1,5,13,22,3,27,0,8,24,0
night,planner,random,10564,0,1,2,22,22,0,0,0,3,20,0
night,planner,random,10564,1,1,2,9,22,6,0,0,4,21,0
night,planner,random,10564,2,1,3,22,22,4,12,0,6,22,0
night,planner,random,10564,3,1,4,21,22,7,26,0,8,23,0
night,planner,random,10564,4,1,5,14,22,11,39,6,10,24,0
night,planner,random,10565,0,1,2,22,22,0,0,0,4,20,0
night,planner,random,10565,1,1,2,12,22,7,4,0,4,21,0
night,planner,random,10565,2,1,4,10,22,7,11,0,7,22,0
night,planner,random,10565,3,1,4,22,22,7,21,0,8,23,0
night,planner,random,10565,4,1,4,12,22,13,28,6,8,24,0
night,planner,random,10566,0,1,2,19,22,3,4,0,3,20,0
night,planner,random,10566,1,1,2,19,22,4,8,0,4,21,0
night,planner,random,10566,2,1,3,17,22,7,18,0,6,22,0
night,planner,random,10566,3,1,4,10,22,10,16,0,8,23,0
night,planner,random,10566,4,1,4,18,22,12,32,6,8,24,0
night,planner,random,10567,0,1,2,20,22,3,5,0,3,20,0
night,planner,random,10567,1,1,2,19,22,4,8,0,4,21,0
night,planner,random,10567,2,1,3,21,22,8,15,0,6,22,0
night,planner,random,10567,3,1,4,18,22,10,26,0,8,23,0
night,planner,random,10567,4,0,5,0,22,12,32,6,9,24,0
night,planner,random,10568,0,1,2,18,22,6,2,0,3,20,0
night,planner,random,10568,1,1,2,12,22,7,4,0,4,21,0
night,planner,random,10568,2,1,3,22,22,7,15,0,6,22,0
night,planner,random,10568,3,1,4,19,22,7,24,0,8,23,0
night,planner,random,10568,4,1,5,3,22,12,29,0,9,24,0
night,planner,random,10569,0,1,2,18,22,6,2,0,3,20,0
night,planner,random,10569,1,1,2,3,22,12,0,4,4,21,0
night,planner,random,10569,2,1,3,18,22,10,14,0,6,22,0
night,planner,random,10569,3,1,4,13,22,10,23,0,8,23,0
night,planner,random,10569,4,0,3,0,22,11,14,6,6,24,0
night,planner,random,10570,0,1,2,22,22,0,0,0,3,20,0
night,planner,random,10570,1,1,2,14,22,7,6,0,4,21,0
night,planner,random,10570,2,0,2,0,22,6,0,0,4,22,0
night,planner,random,10570,3,1,4,19,22,7,22,0,8,23,0
night,planner,random,10570,4,1,4,7,22,13,23,4,8,24,0
night,planner,random,10571,0,1,2,22,22,3,3,0,4,20,0
night,planner,random,10571,1,1,2,19,22,4,8,0,4,21,0
night,planner,random,10571,2,0,2,0,22,6,0,0,4,22,0
night,planner,random,10571,3,1,4,12,22,10,14,0,8,23,0
night,planner,random,10571,4,0,3,0,22,10,11,0,5,24,0
night,planner,random,10572,0,1,2,21,22,0,3,0,4,20,0
night,planner,random,10572,1,1,2,12,22,7,4,0,4,21,0
night,planner,random,10572,2,1,3,5,22,14,5,0,6,22,0
night,planner,random,10572,3,0,2,0,22,10,2,0,4,23,0
night,planner,random,10572,4,1,5,14,22,11,39,10,10,24,0
night,planner,random,10573,0,1,2,22,22,3,3,0,3,20,0
night,planner,random,10573,1,1,2,22,22,4,6,0,4,21,0
night,planner,random,10573,2,1,4,16,22,7,17,0,7,22,0
night,planner,random,10573,3,1,5,6,22,6,22,0,9,23,0
night,planner,random,10573,4,1,4,8,22,8,28,0,7,24,0
night,planner,random,10574,0,1,2,22,22,3,3,0,3,20,0
night,planner,random,10574,1,1,2,13,22,7,5,0,4,21,0
night,planner,random,10574,2,1,3,22,22,7,15,0,6,22,0
night,planner,random,10574,3,1,4,22,22,7,25,0,8,23,0
night,planner,random,10574,4,0,3,0,22,6,14,0,6,24,0
night,planner,random,10575,0,1,2,22,22,3,3,0,3,20,0
night,planner,random,10575,1,1,2,19,22,4,8,0,4,21,0
night,planner,random,10575,2,1,3,15,22,11,12,0,6,22,0
night,planner,random,10575,3,1,4,14,22,10,22,0,8,23,0
night,planner,random,10575,4,1,4,22,22,8,33,6,8,24,0
night,planner,random,10576,0,1,2,22,22,0,0,0,3,20,0
night,planner,random,10576,1,1,2,19,22,4,8,0,4,21,0
night,planner,random,10576,2,1,3,12,22,11,9,0,6,22,0
night,planner,random,10576,3,1,4,15,22,10,23,0,8,23,0
night,planner,random,10576,4,1,5,21,22,6,41,4,10,24,0
night,planner,random,10577,0,1,2,22,22,0,0,0,3,20,0
night,planner,random,10577,1,1,2,9,22,9,3,0,4,21,0
night,planner,random,10577,2,1,3,12,22,11,9,0,6,22,0
night,planner,random,10577,3,0,2,0,22,10,2,0,4,23,0
night,planner,random,10577,4,1,5,22,22,3,39,0,9,24,0
night,planner,random,10578,0,1,2,22,22,0,0,0,3,20,0
night,planner,random,10578,1,1,2,19,22,4,8,0,4,21,0
night,planner,random,10578,2,1,3,9,22,14,9,0,6,22,0
night,planner,random,10578,3,1,4,19,22,7,26,0,8,23,0
night,planner,random,10578,4,1,5,6,22,7,29,0,8,24,0
night,planner,random,10579,0,1,2,22,22,3,3,0,3,20,0
night,planner,random,10579,1,1,2,19,22,4,8,0,4,21,0
night,planner,random,10579,2,1,3,6,22,15,7,4,6,22,0
night,planner,random,10579,3,0,2,0,22,10,2,0,4,23,0
night,planner,random,10579,4,1,4,13,22,12,30,6,8,24,0
night,planner,random,10580,0,1,2,22,22,3,3,0,3,20,0
night,planner,random,10580,1,1,2,13,22,7,5,0,4,21,0
night,planner,random,10580,2,0,2,0,22,10,3,0,4,22,0
night,planner,random,10580,3,1,4,19,22,7,26,0,8,23,0
night,planner,random,10580,4,1,5,2,22,9,28,0,10,24,0
night,planner,random,10581,0,1,2,19,22,3,4,0,3,20,0
night,planner,random,10581,1,1,2,22,22,4,6,0,4,21,0
night,planner,random,10581,2,1,3,15,22,11,12,0,6,22,0
night,planner,random,10581,3,1,4,15,22,6,15,0,8,23,0
night,planner,random,10581,4,1,4,22,22,10,30,6,8,24,0
night,planner,random,10582,0,1,2,22,22,3,3,0,4,20,0
night,planner,random,10582,1,1,2,19,22,4,8,0,4,21,0
night,planner,random,10582,2,1,3,12,22,13,11,0,6,22,0
night,planner,random,10582,3,1,4,18,22,10,26,0,8,23,0
night,planner,random,10582,4,1,6,12,22,10,46,10,12,24,0
night,planner,random,10583,0,1,2,22,22,0,0,0,3,20,0
night,planner,random,10583,1,1,2,14,22,7,5,0,4,21,0
night,planner,random,10583,2,1,3,19,22,10,15,0,6,22,0
night,planner,random,10583,3,1,4,8,22,13,17,0,7,23,0
night,planner,random,10583,4,1,5,11,22,6,34,0,9,24,0
night,planner,random,10584,0,1,2,20,22,3,5,0,3,20,0
night,planner,random,10584,1,1,2,19,22,4,8,0,4,21,0
night,planner,random,10584,2,1,3,22,22,6,14,0,6,22,0
night,planner,random,10584,3,1,4,19,22,6,23,0,8,23,0
night,planner,random,10584,4,1,4,18,22,13,29,6,8,24,0
night,planner,random,10585,0,1,2,19,22,3,4,0,3,20,0
night,planner,random,10585,1,1,2,19,22,4,8,0,4,21,0
night,planner,random,10585,2,1,3,17,22,7,18,0,6,22,0
night,planner,random,10585,3,1,4,22,22,4,24,0,8,23,0
night,planner,random,10585,4,1,4,18,22,7,32,4,8,24,0
night,planner,random,10586,0,1,2,22,22,0,0,0,4,20,0
night,planner,random,10586,1,1,2,19,22,4,8,0,4,21,0
night,planner,random,10586,2,1,3,22,22,7,15,0,6,22,0
night,planner,random,10586,3,1,4,22,22,4,22,0,8,23,0
night,planner,random,10586,4,1,4,17,22,12,27,6,8,24,0
night,planner,random,10587,0,1,2,22,22,3,3,0,4,20,0
night,planner,random,10587,1,1,2,19,22,4,8,0,4,21,0
night,planner,random,10587,2,1,3,21,22,8,15,0,6,22,0
night,planner,random,10587,3,1,4,14,22,10,22,0,8,23,0
night,planner,random,10587,4,1,4,21,22,8,34,6,8,24,0
night,planner,random,10588,0,1,2,20,22,3,5,0,3,20,0
night,planner,random,10588,1,1,2,19,22,4,8,0,4,21,0
night,planner,random,10588,2,1,3,18,22,10,14,0,6,22,0
night,planner,random,10588,3,1,4,22,22,4,24,0,8,23,0
night,planner,random,10588,4,1,4,17,22,7,36,10,8,24,0
night,planner,random,10589,0,1,2,22,22,3,3,0,3,20,0
night,planner,random,10589,1,1,2,12,22,7,4,0,4,21,0
night,planner,random,10589,2,1,3,16,22,9,11,0,6,22,0
night,planner,random,10589,3,1,4,17,22,10,25,0,8,23,0
night,planner,random,10589,4,1,5,21,22,5,40,4,10,24,0
night,planner,random,10590,0,1,2,22,22,3,3,0,4,20,0
night,planner,random,10590,1,1,2,19,22,4,8,0,4,21,0
night,planner,random,10590,2,1,3,20,22,6,20,0,6,22,0
night,planner,random,10590,3,1,4,22,22,4,24,0,8,23,0
night,planner,random,10590,4,1,4,12,22,12,30,6,8,24,0
night,planner,random,10591,0,1,2,19,22,6,3,0,3,20,0
night,planner,random,10591,1,1,2,19,22,4,8,0,4,21,0
night,planner,random,10591,2,1,4,22,22,7,23,0,8,22,0
night,planner,random,10591,3,1,4,21,22,6,29,0,8,23,0
night,planner,random,10591,4,1,4,9,22,11,33,6,8,24,0
night,planner,random,10592,0,1,2,19,22,3,4,0,3,20,0
night,planner,random,10592,1,1,2,19,22,4,8,0,4,21,0
night,planner,random,10592,2,1,3,21,22,8,15,0,6,22,0
night,planner,random,10592,3,1,4,10,22,12,20,0,8,23,0
night,planner,random,10592,4,1,5,18,22,6,36,0,9,24,0
night,planner,random,10593,0,1,2,22,22,0,0,0,4,20,0
night,planner,random,10593,1,1,2,14,22,7,6,0,4,21,0
night,planner,random,10593,2,1,4,19,22,10,23,0,8,22,0
night,planner,random,10593,3,1,4,19,22,6,25,0,8,23,0
night,planner,random,10593,4,1,5,19,22,6,39,4,10,24,0
night,planner,random,10594,0,1,2,22,22,3,3,0,4,20,0
night,planner,random,10594,1,1,2,12,22,7,4,0,4,21,0
night,planner,random,10594,2,1,4,16,22,4,14,0,7,22,0
night,planner,random,10594,3,1,4,22,22,4,24,0,8,23,0
night,planner,random,10594,4,1,4,20,22,11,30,6,8,24,0
night,planner,random,10595,0,1,2,22,22,0,0,0,4,20,0
night,planner,random,10595,1,1,2,12,22,7,4,0,4,21,0
night,planner,random,10595,2,1,3,9,22,14,9,0,6,22,0
night,planner,random,10595,3,1,4,15,22,9,24,0,8,23,0
night,planner,random,10595,4,1,5,22,22,8,44,6,10,24,0
night,planner,random,10596,0,1,2,22,22,3,3,0,3,20,0
night,planner,random,10596,1,1,2,19,22,4,8,0,4,21,0
night,planner,random,10596,2,1,3,21,22,10,17,0,6,22,0
night,planner,random,10596,3,1,4,12,22,10,22,0,8,23,0
night,planner,random,10596,4,1,4,19,22,11,25,4,8,24,0
night,planner,random,10597,0,1,2,22,22,3,3,0,3,20,0
night,planner,random,10597,1,1,2,19,22,7,6,0,4,21,0
night,planner,random,10597,2,1,3,21,22,10,17,0,6,22,0
night,planner,random,10597,3,1,5,7,22,9,28,0,9,23,0
night,planner,random,10597,4,1,5,22,22,8,38,4,10,24,0
night,planner,random,10598,0,1,2,20,22,0,2,0,3,20,0
night,planner,random,10598,1,1,2,19,22,4,8,0,4,21,0
night,planner,random,10598,2,1,4,15,22,6,15,0,7,22,0
night,planner,random,10598,3,1,3,2,22,11,11,0,6,23,0
night,planner,random,10598,4,1,4,22,22,9,36,6,8,24,0
night,planner,random,10599,0,1,2,20,22,0,2,0,3,20,0
night,planner,random,10599,1,1,2,12,22,7,4,0,4,21,0
night,planner,random,10599,2,1,3,22,22,7,15,0,6,22,0
night,planner,random,10599,3,1,5,18,22,7,35,0,10,23,0
night,planner,random,10599,4,1,5,11,22,7,34,0,10,24,0
night,planner,random,10600,0,1,2,22,22,3,3,0,3,20,0
night,planner,random,10600,1,1,2,19,22,4,8,0,4,21,0
night,planner,random,10600,2,1,4,17,22,7,18,0,7,22,0
night,planner,random,10600,3,1,4,12,22,7,17,0,8,23,0
night,planner,random,10600,4,1,4,22,22,8,33,6,8,24,0
night,planner,random,10601,0,1,2,22,22,3,3,0,3,20,0
night,planner,random,10601,1,1,2,19,22,4,8,0,4,21,0
night,planner,random,10601,2,1,3,10,22,12,8,0,6,22,0
night,planner,random,10601,3,1,4,14,22,10,22,0,8,23,0
night,planner,random,10601,4,1,4,11,22,14,24,6,8,24,0
night,planner,random,10602,0,1,2,19,22,3,4,0,3,20,0
night,planner,random,10602,1,1,2,14,22,7,6,0,4,21,0
night,planner,random,10602,2,1,3,9,22,14,9,0,6,22,0
night,planner,random,10602,3,1,4,22,22,7,27,0,8,23,0
night,planner,random,10602,4,1,4,13,22,8,30,4,8,24,0
night,planner,random,10603,0,1,2,19,22,3,4,0,3,20,0
night,planner,random,10603,1,1,2,12,22,7,4,0,4,21,0
night,planner,random,10603,2,1,3,15,22,11,12,0,6,22,0
night,planner,random,10603,3,1,4,19,22,7,26,0,8,23,0
night,planner,random,10603,4,1,4,21,22,9,28,4,8,24,0
night,planner,random,10604,0,1,2,20,22,3,5,0,3,20,0
night,planner,random,10604,1,1,2,8,22,10,3,0,4,21,0
night,planner,random,10604,2,0,2,0,22,10,3,0,4,22,0
night,planner,random,10604,3,1,4,20,22,7,25,0,8,23,0
night,planner,random,10604,4,1,5,17,22,7,35,0,9,24,0
night,planner,random,10605,0,1,2,20,22,3,5,0,3,20,0
night,planner,random,10605,1,1,2,14,22,7,5,0,4,21,0
night,planner,random,10605,2,1,3,22,22,7,15,0,6,22,0
night,planner,random,10605,3,1,4,11,22,10,19,0,7,23,0
night,planner,random,10605,4,1,5,20,22,8,42,6,10,24,0
night,planner,random,10606,0,1,2,20,22,3,3,0,3,20,0
night,planner,random,10606,1,1,2,19,22,4,8,0,4,21,0
night,planner,random,10606,2,1,3,15,22,11,12,0,6,22,0
night,planner,random,10606,3,1,4,20,22,6,20,0,8,23,0
night,planner,random,10606,4,1,4,22,22,8,33,6,8,24,0
night,planner,random,10607,0,1,2,20,22,3,5,0,3,20,0
night,planner,random,10607,1,1,2,15,22,6,6,0,4,21,0
night,planner,random,10607,2,1,3,22,22,7,15,0,6,22,0
night,planner,random,10607,3,1,4,22,22,4,24,0,8,23,0
night,planner,random,10607,4,1,5,11,22,10,33,0,9,24,0
night,planner,random,10608,0,1,2,19,22,3,0,0,3,20,0
night,planner,random,10608,1,1,2,9,22,6,0,0,4,21,0
night,planner,random,10608,2,1,3,18,22,8,12,0,6,22,0
night,planner,random,10608,3,1,4,19,22,10,23,0,8,23,0
night,planner,random,10608,4,1,5,22,22,6,40,4,9,24,0
night,planner,random,10609,0,1,2,20,22,0,2,0,3,20,0
night,planner,random,10609,1,1,2,19,22,4,8,0,4,21,0
night,planner,random,10609,2,1,3,21,22,3,18,0,6,22,0
night,planner,random,10609,3,1,4,10,22,10,18,0,8,23,0
night,planner,random,10609,4,1,5,22,22,8,40,6,9,24,0
night,planner,random,10610,0,1,2,13,22,6,1,0,3,20,0
night,planner,random,10610,1,1,2,9,22,9,3,0,4,21,0
night,planner,random,10610,2,1,3,22,22,6,14,0,6,22,0
night,planner,random,10610,3,1,4,12,22,10,22,0,8,23,0
night,planner,random,10610,4,1,5,15,22,6,37,0,9,24,0
night,planner,random,10611,0,1,2,22,22,3,3,0,4,20,0
night,planner,random,10611,1,1,2,19,22,4,8,0,4,21,0
night,planner,random,10611,2,1,4,17,22,7,18,0,7,22,0
night,planner,random,10611,3,1,4,19,22,7,20,0,8,23,0
night,planner,random,10611,4,1,5,16,22,6,38,0,10,24,0
night,planner,random,10612,0,1,2,22,22,3,3,0,4,20,0
night,planner,random,10612,1,1,2,12,22,7,4,0,4,21,0
night,planner,random,10612,2,1,3,7,22,11,12,0,6,22,0
night,planner,random,10612,3,1,4,10,22,10,22,0,8,23,0
night,planner,random,10612,4,1,5,10,22,10,34,10,9,24,0
night,planner,random,10613,0,1,2,22,22,3,3,0,3,20,0
night,planner,random,10613,1,1,2,12,22,7,4,0,4,21,0
night,planner,random,10613,2,1,3,22,22,6,14,0,6,22,0
night,planner,random,10613,3,1,4,19,22,10,25,0,8,23,0
night,planner,random,10613,4,1,5,16,22,11,38,4,10,24,0
night,planner,random,10614,0,1,2,20,22,0,2,0,3,20,0
night,planner,random,10614,1,1,2,14,22,7,6,0,4,21,0
night,planner,random,10614,2,1,3,10,22,10,14,0,5,22,0
night,planner,random,10614,3,1,4,22,22,7,27,0,8,23,0
night,planner,random,10614,4,1,4,10,22,12,27,12,8,24,0
night,planner,random,10615,0,1,2,22,22,0,0,0,4,20,0
night,planner,random,10615,1,1,2,20,22,6,6,0,4,21,0
night,planner,random,10615,2,1,3,15,22,11,12,0,6,22,0
night,planner,random,10615,3,1,4,22,22,7,27,0,8,23,0
night,planner,random,10615,4,0,3,0,22,11,21,6,6,24,0
night,planner,random,10616,0,1,2,22,22,3,3,0,4,20,0
night,planner,random,10616,1,1,2,19,22,4,8,0,4,21,0
night,planner,random,10616,2,1,3,21,22,10,17,0,6,22,0
night,planner,random,10616,3,1,4,10,22,10,22,0,8,23,0
night,planner,random,10616,4,1,4,17,22,12,30,6,8,24,0
night,planner,random,10617,0,1,2,22,22,3,3,0,3,20,0
night,planner,random,10617,1,1,2,14,22,7,6,0,4,21,0
night,planner,random,10617,2,1,3,16,22,12,14,0,6,22,0
night,planner,random,10617,3,1,4,15,22,10,23,0,8,23,0
night,planner,random,10617,4,0,3,0,22,5,17,4,6,24,0
night,planner,random,10618,0,1,2,20,22,0,2,0,3,20,0
night,planner,random,10618,1,1,2,14,22,7,6,0,4,21,0
night,planner,random,10618,2,1,3,15,22,11,12,0,6,22,0
night,planner,random,10618,3,1,4,17,22,7,26,0,8,23,0
night,planner,random,10618,4,1,5,22,22,8,37,4,10,24,0
night,planner,random,10619,0,1,2,21,22,0,3,0,3,20,0
night,planner,random,10619,1,1,2,19,22,4,8,0,4,21,0
night,planner,random,10619,2,1,3,21,22,10,17,0,6,22,0
night,planner,random,10619,3,1,4,12,22,11,19,0,8,23,0
night,planner,random,10619,4,0,3,0,22,10,13,0,6,24,0
night,planner,random,10620,0,1,2,22,22,3,3,0,3,20,0
night,planner,random,10620,1,1,2,9,22,6,0,0,4,21,0
night,planner,random,10620,2,1,3,9,22,14,9,0,6,22,0
night,planner,random,10620,3,1,4,22,22,6,24,0,8,23,0
night,planner,random,10620,4,1,5,14,22,3,31,0,9,24,0
night,planner,random,10621,0,1,2,21,22,3,4,0,3,20,0
night,planner,random,10621,1,1,2,19,22,4,8,0,4,21,0
night,planner,random,10621,2,1,4,12,22,8,14,0,7,22,0
night,planner,random,10621,3,1,4,22,22,7,25,0,8,23,0
night,planner,random,10621,4,0,3,0,22,4,11,0,4,24,0
night,planner,random,10622,0,1,2,20,22,3,5,0,3,20,0
night,planner,random,10622,1,1,2,14,22,7,6,0,4,21,0
night,planner,random,10622,2,1,3,22,22,7,15,0,6,22,0
night,planner,random,10622,3,1,4,13,22,10,23,0,8,23,0
night,planner,random,10622,4,1,4,12,22,12,29,6,8,24,0
night,planner,random,10623,0,1,2,20,22,0,2,0,3,20,0
night,planner,random,10623,1,1,2,12,22,7,4,0,4,21,0
night,planner,random,10623,2,1,3,22,22,7,15,0,6,22,0
night,planner,random,10623,3,1,4,16,22,7,23,0,8,23,0
night,planner,random,10623,4,1,5,22,22,5,39,4,10,24,0
night,planner,random,10624,0,1,2,22,22,0,0,0,4,20,0
night,planner,random,10624,1,1,2,8,22,7,0,0,4,21,0
night,planner,random,10624,2,1,3,22,22,7,15,0,6,22,0
night,planner,random,10624,3,1,5,9,22,10,27,0,9,23,0
night,planner,random,10624,4,1,4,18,22,10,26,6,8,24,0
night,planner,random,10625,0,1,2,22,22,3,3,0,4,20,0
night,planner,random,10625,1,1,2,19,22,4,8,0,4,21,0
night,planner,random,10625,2,1,3,22,22,7,15,0,6,22,0
night,planner,random,10625,3,1,4,15,22,10,25,0,8,23,0
night,planner,random,10625,4,1,5,22,22,8,41,6,10,24,0
night,planner,random,10626,0,1,2,22,22,3,3,0,3,20,0
night,planner,random,10626,1,1,2,19,22,4,8,0,4,21,0
night,planner,random,10626,2,1,4,15,22,8,17,0,7,22,0
night,planner,random,10626,3,1,4,16,22,10,22,0,8,23,0
night,planner,random,10626,4,1,4,18,22,8,33,4,8,24,0
night,planner,random,10627,0,1,2,22,22,3,3,0,3,20,0
night,planner,random,10627,1,1,2,19,22,4,8,0,4,21,0
night,planner,random,10627,2,1,3,19,22,8,12,0,6,22,0
night,planner,random,10627,3,1,4,16,22,10,22,0,7,23,0
night,planner,random,10627,4,1,4,22,22,8,30,6,8,24,0
night,planner,random,10628,0,1,2,20,22,3,5,0,3,20,0
night,planner,random,10628,1,1,2,12,22,7,4,0,4,21,0
night,planner,random,10628,2,1,4,15,22,8,17,0,7,22,0
night,planner,random,10628,3,0,3,0,22,3,6,0,5,23,0
night,planner,random,10628,4,1,5,11,22,14,40,6,10,24,0
night,planner,random,10629,0,1,2,22,22,3,3,0,3,20,0
night,planner,random,10629,1,1,2,19,22,4,8,0,4,21,0
night,planner,random,10629,2,1,3,18,22,8,12,0,6,22,0
night,planner,random,10629,3,1,4,19,22,6,23,0,8,23,0
night,planner,random,10629,4,1,5,19,22,9,42,6,9,24,0
night,planner,random,10630,0,1,2,22,22,3,3,0,4,20,0
night,planner,random,10630,1,1,2,12,22,7,4,0,4,21,0
night,planner,random,10630,2,1,4,13,22,8,15,0,7,22,0
night,planner,random,10630,3,1,4,15,22,9,24,0,8,23,0
night,planner,random,10630,4,1,5,14,22,7,37,0,9,24,0
night,planner,random,10631,0,1,2,22,22,0,0,0,3,20,0
night,planner,random,10631,1,1,2,19,22,4,8,0,4,21,0
night,planner,random,10631,2,1,3,15,22,11,12,0,6,22,0
night,planner,random,10631,3,1,4,17,22,7,22,0,8,23,0
night,planner,random,10631,4,1,4,22,22,8,33,6,8,24,0
night,planner,random,10632,0,1,2,19,22,3,4,0,3,20,0
night,planner,random,10632,1,1,2,19,22,4,8,0,4,21,0
night,planner,random,10632,2,1,3,22,22,7,15,0,6,22,0
night,planner,random,10632,3,1,4,22,22,6,26,0,8,23,0
night,planner,random,10632,4,1,5,22,22,8,43,6,10,24,0
night,planner,random,10633,0,1,2,22,22,3,3,0,3,20,0
night,planner,random,10633,1,1,2,14,22,7,6,0,4,21,0
night,planner,random,10633,2,1,3,18,22,10,14,0,6,22,0
night,planner,random,10633,3,1,4,22,22,3,23,0,8,23,0
night,planner,random,10633,4,1,5,13,22,6,33,0,9,24,0
night,planner,random,10634,0,1,2,22,22,0,0,0,4,20,0
night,planner,random,10634,1,1,2,20,22,4,8,0,4,21,0
night,planner,random,10634,2,1,3,11,22,8,13,0,6,22,0
night,planner,random,10634,3,1,4,18,22,9,23,0,8,23,0
night,planner,random,10634,4,1,4,13,22,11,27,6,8,24,0
night,planner,random,10635,0,1,2,22,22,0,0,0,3,20,0
night,planner,random,10635,1,1,2,12,22,7,4,0,4,21,0
night,planner,random,10635,2,1,4,15,22,7,16,0,8,22,0
night,planner,random,10635,3,1,4,19,22,6,21,0,8,23,0
night,planner,random,10635,4,1,5,22,22,5,35,4,9,24,0
night,planner,random,10636,0,1,2,22,22,3,3,0,3,20,0
night,planner,random,10636,1,1,2,19,22,4,8,0,4,21,0
night,planner,random,10636,2,1,4,18,22,4,16,0,7,22,0
night,planner,random,10636,3,1,4,17,22,7,22,0,8,23,0
night,planner,random,10636,4,1,5,21,22,9,42,6,10,24,0
night,planner,random,10637,0,1,2,19,22,3,4,0,3,20,0
night,planner,random,10637,1,1,2,19,22,4,8,0,4,21,0
night,planner,random,10637,2,1,3,9,22,14,9,0,6,22,0
night,planner,random,10637,3,1,4,22,22,6,24,0,8,23,0
night,planner,random,10637,4,0,4,0,22,13,24,4,8,24,0
night,planner,random,10638,0,1,2,22,22,3,3,0,3,20,0
night,planner,random,10638,1,1,2,15,22,6,6,0,4,21,0
night,planner,random,10638,2,1,3,21,22,8,15,0,6,22,0
night,planner,random,10638,3,1,4,18,22,10,26,0,8,23,0
night,planner,random,10638,4,1,4,9,22,10,26,4,8,24,0
night,planner,random,10639,0,1,2,22,22,3,3,0,3,20,0
night,planner,random,10639,1,1,2,19,22,4,8,0,4,21,0
night,planner,random,10639,2,1,3,21,22,8,15,0,6,22,0
night,planner,random,10639,3,1,4,11,22,9,24,0,8,23,0
night,planner,random,10639,4,1,5,19,22,8,39,4,10,24,0
night,planner,random,10640,0,1,2,21,22,3,4,0,3,20,0
night,planner,random,10640,1,1,2,19,22,4,8,0,4,21,0
night,planner,random,10640,2,1,3,22,22,7,15,0,6,22,0
night,planner,random,10640,3,1,4,22,22,9,25,0,8,23,0
night,planner,random,10640,4,1,4,9,22,13,23,6,8,24,0
night,planner,random,10641,0,1,2,22,22,3,3,0,3,20,0
night,planner,random,10641,1,1,2,12,22,7,4,0,4,21,0
night,planner,random,10641,2,1,4,14,22,8,16,0,7,22,0
night,planner,random,10641,3,1,4,19,22,10,25,0,8,23,0
night,planner,random,10641,4,1,5,22,22,6,39,4,10,24,0
night,planner,random,10642,0,1,2,22,22,3,3,0,3,20,0
night,planner,random,10642,1,1,2,22,22,4,6,0,4,21,0
night,planner,random,10642,2,1,4,15,22,10,19,0,8,22,0
night,planner,random,10642,3,1,3,10,22,10,16,0,6,23,0
night,planner,random,10642,4,1,5,11,22,11,38,6,10,24,0
night,planner,random,10643,0,1,2,20,22,0,2,0,3,20,0
night,planner,random,10643,1,1,2,12,22,7,4,0,4,21,0
night,planner,random,10643,2,1,3,15,22,11,12,0,6,22,0
night,planner,random,10643,3,1,4,22,22,6,28,0,8,23,0
night,planner,random,10643,4,1,4,22,22,9,34,6,8,24,0
night,planner,random,10644,0,1,2,22,22,3,3,0,3,20,0
night,planner,random,10644,1,1,2,12,22,7,4,0,4,21,0
night,planner,random,10644,2,1,3,21,22,8,15,0,6,22,0
night,planner,random,10644,3,1,4,11,22,9,18,0,8,23,0
night,planner,random,10644,4,1,4,22,22,9,29,6,8,24,0
night,planner,random,10645,0,1,2,22,22,3,3,0,3,20,0
night,planner,random,10645,1,1,2,13,22,7,5,0,4,21,0
night,planner,random,10645,2,1,3,15,22,11,12,0,6,22,0
night,planner,random,10645,3,1,4,22,22,4,22,0,8,23,0
night,planner,random,10645,4,1,4,22,22,8,27,6,8,24,0
night,planner,random,10646,0,1,2,22,22,3,3,0,3,20,0
night,planner,random,10646,1,1,2,19,22,4,8,0,4,21,0
night,planner,random,10646,2,0,2,0,22,10,3,0,4,22,0
night,planner,random,10646,3,1,5,14,22,7,31,0,9,23,0
night,planner,random,10646,4,0,3,0,22,9,18,8,6,24,0
night,planner,random,10647,0,1,2,22,22,3,3,0,3,20,0
night,planner,random,10647,1,1,2,12,22,7,4,0,4,21,0
night,planner,random,10647,2,1,3,15,22,11,12,0,6,22,0
night,planner,random,10647,3,1,4,17,22,7,26,0,8,23,0
night,planner,random,10647,4,1,5,7,22,8,29,0,7,24,0
night,planner,random,10648,0,1,2,19,22,3,4,0,3,20,0
night,planner,random,10648,1,1,2,14,22,7,6,0,4,21,0
night,planner,random,10648,2,1,3,22,22,6,14,0,6,22,0
night,planner,random,10648,3,1,4,7,22,11,16,0,8,23,0
night,planner,random,10648,4,1,4,22,22,9,29,6,8,24,0
night,planner,random,10649,0,1,2,22,22,0,0,0,4,20,0
night,planner,random,10649,1,1,2,19,22,4,8,0,4,21,0
night,planner,random,10649,2,1,4,13,22,8,15,0,7,22,0
night,planner,random,10649,3,1,4,22,22,7,25,0,8,23,0
night,planner,random,10649,4,1,4,15,22,9,24,4,8,24,0
night,planner,random,10650,0,1,2,22,22,3,3,0,4,20,0
night,planner,random,10650,1,1,2,14,22,7,6,0,4,21,0
night,planner,random,10650,2,1,3,22,22,7,15,0,6,22,0
night,planner,random,10650,3,1,4,16,22,10,22,0,8,23,0
night,planner,random,10650,4,0,4,0,22,11,27,6,8,24,0
night,planner,random,10651,0,1,2,22,22,3,3,0,4,20,0
night,planner,random,10651,1,1,2,19,22,4,8,0,4,21,0
night,planner,random,10651,2,1,4,19,22,7,20,0,7,22,0
night,planner,random,10651,3,1,4,22,22,6,22,0,8,23,0
night,planner,random,10651,4,1,5,12,22,6,36,0,8,24,0
night,planner,random,10652,0,1,2,22,22,3,3,0,3,20,0
night,planner,random,10652,1,1,2,10,22,9,4,4,4,21,0
night,planner,random,10652,2,1,4,19,22,4,17,0,7,22,0
night,planner,random,10652,3,0,3,0,22,10,11,0,6,23,0
night,planner,random,10652,4,1,4,9,22,14,21,6,7,24,0
night,planner,random,10653,0,1,2,21,22,3,4,0,3,20,0
night,planner,random,10653,1,1,2,19,22,4,8,0,4,21,0
night,planner,random,10653,2,1,3,18,22,10,14,0,6,22,0
night,planner,random,10653,3,1,4,14,22,10,22,0,8,23,0
night,planner,random,10653,4,1,5,20,22,6,35,0,9,24,0
night,planner,random,10654,0,1,2,22,22,0,0,0,4,20,0
night,planner,random,10654,1,1,2,19,22,4,8,0,4,21,0
night,planner,random,10654,2,1,4,15,22,4,13,0,7,22,0
night,planner,random,10654,3,1,4,18,22,7,23,0,8,23,0
night,planner,random,10654,4,1,4,16,22,13,35,12,8,24,0
night,planner,random,10655,0,1,2,20,22,3,5,0,3,20,0
night,planner,random,10655,1,1,2,12,22,7,4,0,4,21,0
night,planner,random,10655,2,1,3,15,22,10,11,0,6,22,0
night,planner,random,10655,3,1,4,22,22,6,26,0,7,23,0
night,planner,random,10655,4,1,5,20,22,6,32,0,8,24,0
night,planner,random,10656,0,1,2,22,22,0,0,0,4,20,0
night,planner,random,10656,1,1,2,20,22,6,6,0,4,21,0
night,planner,random,10656,2,0,2,0,22,6,0,0,4,22,0
night,planner,random,10656,3,1,4,20,22,8,24,0,8,23,0
night,planner,random,10656,4,1,5,16,22,5,32,0,10,24,0
night,planner,random,10657,0,1,2,19,22,3,4,0,3,20,0
night,planner,random,10657,1,1,2,19,22,4,8,0,4,21,0
night,planner,random,10657,2,1,3,22,22,7,15,0,6,22,0
night,planner,random,10657,3,1,4,22,22,7,25,0,8,23,0
night,planner,random,10657,4,1,4,19,22,13,27,6,8,24,0
night,planner,random,10658,0,1,2,22,22,3,5,0,3,20,0
night,planner,random,10658,1,1,2,16,22,3,4,0,4,21,0
night,planner,random,10658,2,1,3,12,22,11,9,0,6,22,0
night,planner,random,10658,3,1,4,22,22,7,23,0,8,23,0
night,planner,random,10658,4,0,3,0,22,9,18,4,6,24,0
night,planner,random,10659,0,1,2,22,22,3,3,0,4,20,0
night,planner,random,10659,1,1,2,12,22,7,4,0,4,21,0
night,planner,random,10659,2,1,3,7,22,11,12,0,6,22,0
night,planner,random,10659,3,1,4,16,22,8,24,0,8,23,0
night,planner,random,10659,4,1,4,9,22,14,21,6,8,24,0
night,planner,random,10660,0,1,2,19,22,3,0,0,3,20,0
night,planner,random,10660,1,1,2,14,22,6,0,0,4,21,0
night,planner,random,10660,2,1,3,15,22,11,12,0,6,22,0
night,planner,random,10660,3,1,4,21,22,7,26,0,8,23,0
night,planner,random,10660,4,1,4,18,22,8,35,6,8,24,0
night,planner,random,10661,0,1,2,22,22,3,3,0,3,20,0
night,planner,random,10661,1,1,2,19,22,4,8,0,4,21,0
night,planner,random,10661,2,1,3,18,22,10,14,0,6,22,0
night,planner,random,10661,3,1,4,14,22,10,22,0,8,23,0
night,planner,random,10661,4,1,4,19,22,9,30,4,8,24,0
night,planner,random,10662,0,1,2,17,22,3,0,0,3,20,0
night,planner,random,10662,1,1,2,14,22,7,6,0,4,21,0
night,planner,random,10662,2,1,3,22,22,10,12,0,6,22,0
night,planner,random,10662,3,1,4,16,22,10,22,0,8,23,0
night,planner,random,10662,4,1,4,13,22,10,28,6,8,24,0
night,planner,random,10663,0,1,2,22,22,3,3,0,4,20,0
night,planner,random,10663,1,1,2,19,22,4,8,0,4,21,0
night,planner,random,10663,2,1,3,15,22,11,12,0,6,22,0
night,planner,random,10663,3,1,4,19,22,10,27,0,8,23,0
night,planner,random,10663,4,1,4,17,22,6,25,0,7,24,0
night,planner,random,10664,0,1,2,22,22,3,3,0,4,20,0
night,planner,random,10664,1,1,2,19,22,4,8,0,4,21,0
night,planner,random,10664,2,1,3,15,22,11,12,0,6,22,0
night,planner,random,10664,3,1,4,8,22,9,13,0,8,23,0
night,planner,random,10664,4,1,4,19,22,15,29,12,8,24,0
night,planner,random,10665,0,1,2,22,22,0,0,0,3,20,0
night,planner,random,10665,1,1,2,19,22,4,8,0,4,21,0
night,planner,random,10665,2,1,3,15,22,11,12,0,6,22,0
night,planner,random,10665,3,1,4,22,22,7,25,0,8,23,0
night,planner,random,10665,4,1,4,7,22,10,20,0,7,24,0
night,planner,random,10666,0,1,2,22,22,3,3,0,3,20,0
night,planner,random,10666,1,1,2,19,22,4,8,0,4,21,0
night,planner,random,10666,2,1,3,15,22,11,12,0,6,22,0
night,planner,random,10666,3,1,4,10,22,10,22,0,8,23,0
night,planner,random,10666,4,1,4,11,22,12,28,6,8,24,0
night,planner,random,10667,0,1,2,17,22,5,0,4,4,20,0
night,planner,random,10667,1,1,2,19,22,4,8,0,4,21,0
night,planner,random,10667,2,1,3,22,22,4,12,0,6,22,0
night,planner,random,10667,3,1,4,22,22,4,24,0,8,23,0
night,planner,random,10667,4,1,5,13,22,8,37,6,9,24,0
night,planner,random,10668,0,1,2,22,22,0,0,0,3,20,0
night,planner,random,10668,1,1,2,7,22,10,2,0,4,21,0
night,planner,random,10668,2,1,3,21,22,10,17,0,6,22,0
night,planner,random,10668,3,1,4,16,22,9,21,0,7,23,0
night,planner,random,10668,4,1,5,12,22,3,29,0,9,24,0
night,planner,random,10669,0,1,2,20,22,3,5,0,3,20,0
night,planner,random,10669,1,1,2,19,22,4,8,0,4,21,0
night,planner,random,10669,2,1,3,22,22,7,14,0,6,22,0
night,planner,random,10669,3,1,4,21,22,6,23,0,8,23,0
night,planner,random,10669,4,1,4,11,22,13,29,6,8,24,0
night,planner,random,10670,0,1,2,20,22,0,2,0,3,20,0
night,planner,random,10670,1,1,2,19,22,4,8,0,4,21,0
night,planner,random,10670,2,1,3,16,22,10,12,0,6,22,0
night,planner,random,10670,3,1,4,13,22,10,25,0,8,23,0
night,planner,random,10670,4,1,5,16,22,6,36,0,9,24,0
night,planner,random,10671,0,1,2,19,22,3,0,0,3,20,0
night,planner,random,10671,1,1,2,12,22,7,4,0,4,21,0
night,planner,random,10671,2,0,2,0,22,6,0,0,4,22,0
night,planner,random,10671,3,1,4,21,22,9,26,0,8,23,0
night,planner,random,10671,4,0,2,0,22,9,3,0,4,24,0
night,planner,random,10672,0,1,2,19,22,3,4,0,3,20,0
night,planner,random,10672,1,1,2,14,22,7,6,0,4,21,0
night,planner,random,10672,2,1,3,15,22,11,12,0,6,22,0
night,planner,random,10672,3,1,4,19,22,7,24,0,8,23,0
night,planner,random,10672,4,1,4,4,22,11,20,0,7,24,0
night,planner,random,10673,0,1,2,22,22,3,3,0,3,20,0
night,planner,random,10673,1,1,2,12,22,7,4,0,4,21,0
night,planner,random,10673,2,1,3,15,22,11,12,0,6,22,0
night,planner,random,10673,3,1,4,8,22,6,18,0,8,23,0
night,planner,random,10673,4,1,5,14,22,6,34,4,9,24,0
night,planner,random,10674,0,1,2,22,22,3,3,0,3,20,0
night,planner,random,10674,1,1,2,22,22,4,6,0,4,21,0
night,planner,random,10674,2,1,3,21,22,8,15,0,6,22,0
night,planner,random,10674,3,1,4,22,22,6,26,0,8,23,0
night,planner,random,10674,4,1,5,22,22,8,40,8,10,24,0
night,planner,random,10675,0,1,2,22,22,3,3,0,4,20,0
night,planner,random,10675,1,1,2,19,22,4,8,0,4,21,0
night,planner,random,10675,2,1,4,20,22,8,22,0,8,22,0
night,planner,random,10675,3,1,4,21,22,6,25,0,8,23,0
night,planner,random,10675,4,1,6,9,22,6,40,0,12,24,0
night,planner,random,10676,0,1,2,22,22,3,5,0,3,20,0
night,planner,random,10676,1,1,2,9,22,10,3,0,4,21,0
night,planner,random,10676,2,1,4,12,22,7,13,0,7,22,0
night,planner,random,10676,3,1,4,10,22,13,23,0,8,23,0
night,planner,random,10676,4,1,4,22,22,9,32,6,8,24,0
night,planner,random,10677,0,1,2,19,22,3,4,0,3,20,0
night,planner,random,10677,1,1,2,19,22,4,8,0,4,21,0
night,planner,random,10677,2,1,3,10,22,10,14,0,5,22,0
night,planner,random,10677,3,1,4,22,22,7,25,0,8,23,0
night,planner,random,10677,4,1,5,22,22,8,46,10,10,24,0
night,planner,random,10678,0,1,2,20,22,0,2,0,3,20,0
night,planner,random,10678,1,1,2,12,22,7,4,0,4,21,0
night,planner,random,10678,2,1,3,21,22,8,15,0,6,22,0
night,planner,random,10678,3,1,4,17,22,6,21,0,8,23,0
night,planner,random,10678,4,1,4,22,22,11,31,6,8,24,0
night,planner,random,10679,0,1,2,22,22,3,3,0,4,20,0
night,planner,random,10679,1,1,2,19,22,4,8,0,4,21,0
night,planner,random,10679,2,1,3,22,22,7,14,0,6,22,0
night,planner,random,10679,3,1,4,19,22,7,20,0,8,23,0
night,planner,random,10679,4,1,4,19,22,11,33,6,8,24,0
night,planner,random,10680,0,1,2,21,22,0,3,0,3,20,0
night,planner,random,10680,1,1,2,15,22,6,6,0,4,21,0
night,planner,random,10680,2,1,3,18,22,10,14,0,6,22,0
night,planner,random,10680,3,1,5,19,22,7,34,0,10,23,0
night,planner,random,10680,4,1,4,11,22,12,25,4,8,24,0
night,planner,random,10681,0,1,2,22,22,3,3,0,3,20,0
night,planner,random,10681,1,1,2,13,22,7,4,0,4,21,0
night,planner,random,10681,2,1,3,16,22,12,14,0,6,22,0
night,planner,random,10681,3,1,4,18,22,9,25,0,8,23,0
night,planner,random,10681,4,1,5,11,22,9,34,0,9,24,0
night,planner,random,10682,0,1,2,20,22,3,5,0,3,20,0
night,planner,random,10682,1,1,2,19,22,4,8,0,4,21,0
night,planner,random,10682,2,1,4,19,22,4,17,0,7,22,0
night,planner,random,10682,3,1,4,10,22,10,18,0,8,23,0
night,planner,random,10682,4,1,5,18,22,13,45,12,10,24,0
night,planner,random,10683,0,1,2,22,22,3,3,0,3,20,0
night,planner,random,10683,1,1,2,13,22,7,5,0,4,21,0
night,planner,random,10683,2,1,3,15,22,11,12,0,6,22,0
night,planner,random,10683,3,1,4,17,22,7,20,0,8,23,0
night,planner,random,10683,4,1,5,21,22,8,43,4,10,24,0
night,planner,random,10684,0,1,2,19,22,3,4,0,3,20,0
night,planner,random,10684,1,1,2,14,22,7,5,0,4,21,0
night,planner,random,10684,2,1,4,22,22,7,23,0,8,22,0
night,planner,random,10684,3,1,4,22,22,7,27,0,8,23,0
night,planner,random,10684,4,1,5,16,22,5,37,4,10,24,0
night,planner,random,10685,0,1,2,19,22,3,0,0,3,20,0
night,planner,random,10685,1,1,2,9,22,6,0,0,4,21,0
night,planner,random,10685,2,1,3,4,22,14,4,0,6,22,0
night,planner,random,10685,3,1,4,17,22,7,18,0,8,23,0
night,planner,random,10685,4,1,5,16,22,6,36,0,9,24,0
night,planner,random,10686,0,1,2,22,22,0,0,0,3,20,0
night,planner,random,10686,1,1,2,12,22,7,4,0,4,21,0
night,planner,random,10686,2,1,3,15,22,11,12,0,6,22,0
night,planner,random,10686,3,1,4,22,22,7,27,0,8,23,0
night,planner,random,10686,4,1,4,19,22,11,29,6,8,24,0
night,planner,random,10687,0,1,2,22,22,3,3,0,4,20,0
night,planner,random,10687,1,1,2,19,22,4,8,0,4,21,0
night,planner,random,10687,2,1,3,15,22,11,12,0,6,22,0
night,planner,random,10687,3,1,4,22,22,4,22,0,8,23,0
night,planner,random,10687,4,1,5,5,22,9,28,0,9,24,0
night,planner,random,10688,0,1,2,19,22,3,4,0,3,20,0
night,planner,random,10688,1,1,2,12,22,7,4,0,4,21,0
night,planner,random,10688,2,1,4,14,22,8,16,0,7,22,0
night,planner,random,10688,3,1,3,2,22,11,11,0,6,23,0
night,planner,random,10688,4,1,4,22,22,8,30,6,8,24,0
night,planner,random,10689,0,1,2,19,22,3,4,0,3,20,0
night,planner,random,10689,1,1,2,19,22,4,8,0,4,21,0
night,planner,random,10689,2,1,3,22,22,7,15,0,6,22,0
night,planner,random,10689,3,1,4,19,22,7,22,0,7,23,0
night,planner,random,10689,4,1,4,22,22,10,29,6,8,24,0
night,planner,random,10690,0,1,2,22,22,0,0,0,4,20,0
night,planner,random,10690,1,1,2,19,22,4,8,0,4,21,0
night,planner,random,10690,2,1,4,22,22,7,23,0,8,22,0
night,planner,random,10690,3,1,4,12,22,12,22,0,8,23,0
night,planner,random,10690,4,1,5,12,22,8,34,0,9,24,0
night,planner,random,10691,0,1,2,22,22,0,0,0,4,20,0
night,planner,random,10691,1,1,2,13,22,7,5,0,4,21,0
night,planner,random,10691,2,1,4,12,22,8,14,0,7,22,0
night,planner,random,10691,3,1,4,15,22,9,26,0,8,23,0
night,planner,random,10691,4,1,5,17,22,10,42,12,10,24,0
night,planner,random,10692,0,1,2,22,22,3,3,0,3,20,0
night,planner,random,10692,1,1,2,19,22,4,8,0,4,21,0
night,planner,random,10692,2,1,3,18,22,10,14,0,6,22,0
night,planner,random,10692,3,1,4,19,22,6,23,0,8,23,0
night,planner,random,10692,4,1,4,20,22,7,34,10,8,24,0
night,planner,random,10693,0,1,2,21,22,3,4,0,3,20,0
night,planner,random,10693,1,1,2,19,22,4,8,0,4,21,0
night,planner,random,10693,2,1,4,17,22,7,18,0,7,22,0
night,planner,random,10693,3,1,4,19,22,7,22,0,8,23,0
night,planner,random,10693,4,1,5,22,22,8,44,6,10,24,0
night,planner,random,10694,0,1,2,20,22,3,5,0,3,20,0
night,planner,random,10694,1,1,2,19,22,4,8,0,4,21,0
night,planner,random,10694,2,1,4,13,22,8,15,0,7,22,0
night,planner,random,10694,3,0,2,0,22,6,0,0,4,23,0
night,planner,random,10694,4,1,4,22,22,10,29,10,8,24,0
night,planner,random,10695,0,1,2,22,22,3,3,0,3,20,0
night,planner,random,10695,1,1,2,19,22,7,6,0,4,21,0
night,planner,random,10695,2,1,3,21,22,8,14,0,6,22,0
night,planner,random,10695,3,1,4,18,22,6,22,0,7,23,0
night,planner,random,10695,4,1,4,22,22,10,29,6,8,24,0
night,planner,random,10696,0,1,2,22,22,0,0,0,4,20,0
night,planner,random,10696,1,1,2,19,22,4,8,0,4,21,0
night,planner,random,10696,2,1,4,19,22,4,17,0,7,22,0
night,planner,random,10696,3,1,4,20,22,8,24,0,8,23,0
night,planner,random,10696,4,1,4,19,22,12,33,6,8,24,0
night,planner,random,10697,0,1,2,20,22,0,2,0,3,20,0
night,planner,random,10697,1,1,2,19,22,4,8,0,4,21,0
night,planner,random,10697,2,1,3,12,22,11,9,0,6,22,0
night,planner,random,10697,3,1,5,13,22,7,32,0,10,23,0
night,planner,random,10697,4,1,4,19,22,12,34,6,8,24,0
night,planner,random,10698,0,1,2,22,22,0,0,0,4,20,0
night,planner,random,10698,1,1,2,10,22,9,4,4,4,21,0
night,planner,random,10698,2,1,3,21,22,8,15,0,6,22,0
night,planner,random,10698,3,1,4,13,22,10,19,0,8,23,0
night,planner,random,10698,4,1,5,11,22,12,37,6,10,24,0
night,planner,random,10699,0,1,2,22,22,3,3,0,3,20,0
night,planner,random,10699,1,1,2,12,22,7,4,0,4,21,0
night,planner,random,10699,2,1,4,13,22,6,13,0,7,22,0
night,planner,random,10699,3,1,4,17,22,7,22,0,8,23,0
night,planner,random,10699,4,0,4,0,22,12,27,10,8,24,0
night,planner,random,10700,0,1,2,22,22,3,3,0,3,20,0
night,planner,random,10700,1,1,2,19,22,4,8,0,4,21,0
night,planner,random,10700,2,1,3,22,22,7,15,0,6,22,0
night,planner,random,10700,3,1,4,17,22,7,20,0,7,23,0
night,planner,random,10700,4,1,4,22,22,8,31,6,8,24,0
night,planner,random,10701,0,1,2,22,22,3,3,0,3,20,0
night,planner,random,10701,1,1,2,15,22,6,6,0,4,21,0
night,planner,random,10701,2,1,4,12,22,7,13,0,7,22,0
night,planner,random,10701,3,1,4,9,22,13,18,0,8,23,0
night,planner,random,10701,4,1,5,8,22,9,31,0,8,24,0
night,planner,random,10702,0,1,2,22,22,3,3,0,3,20,0
night,planner,random,10702,1,1,2,12,22,7,4,0,4,21,0
night,planner,random,10702,2,1,3,15,22,11,12,0,6,22,0
night,planner,random,10702,3,1,4,19,22,7,22,0,8,23,0
night,planner,random,10702,4,1,5,11,22,6,34,0,9,24,0
night,planner,random,10703,0,1,2,22,22,3,3,0,3,20,0
night,planner,random,10703,1,1,2,16,22,3,4,0,4,21,0
night,planner,random,10703,2,1,3,15,22,11,12,0,6,22,0
night,planner,random,10703,3,1,4,13,22,10,23,0,8,23,0
night,planner,random,10703,4,1,5,22,22,6,40,4,10,24,0
night,planner,random,10704,0,1,2,22,22,3,3,0,3,20,0
night,planner,random,10704,1,1,2,14,22,7,6,0,4,21,0
night,planner,random,10704,2,1,3,16,22,10,12,0,6,22,0
night,planner,random,10704,3,1,4,11,22,10,23,0,8,23,0
night,planner,random,10704,4,1,4,16,22,11,28,4,8,24,0
night,planner,random,10705,0,1,2,22,22,3,3,0,3,20,0
night,planner,random,10705,1,1,2,14,22,7,6,0,4,21,0
night,planner,random,10705,2,1,4,14,22,8,16,0,7,22,0
night,planner,random,10705,3,1,4,18,22,10,26,0,8,23,0
night,planner,random,10705,4,1,4,11,22,15,23,6,8,24,0
night,planner,random,10706,0,1,2,22,22,0,0,0,3,20,0
night,planner,random,10706,1,1,2,19,22,4,8,0,4,21,0
night,planner,random,10706,2,1,4,12,22,8,14,0,7,22,0
night,planner,random,10706,3,1,4,12,22,10,24,0,8,23,0
night,planner,random,10706,4,1,4,9,22,9,16,4,8,24,0
night,planner,random,10707,0,1,2,20,22,0,2,0,3,20,0
night,planner,random,10707,1,1,2,14,22,7,6,0,4,21,0
night,planner,random,10707,2,1,3,15,22,11,12,0,6,22,0
night,planner,random,10707,3,1,4,15,22,9,22,0,8,23,0
night,planner,random,10707,4,1,5,22,22,5,37,4,10,24,0
night,planner,random,10708,0,1,2,22,22,3,3,0,3,20,0
night,planner,random,10708,1,1,2,12,22,7,4,0,4,21,0
night,planner,random,10708,2,1,3,15,22,11,12,0,6,22,0
night,planner,random,10708,3,1,4,20,22,6,26,0,8,23,0
night,planner,random,10708,4,1,4,2,22,11,20,4,8,24,0
night,planner,random,10709,0,1,2,20,22,3,5,0,3,20,0
night,planner,random,10709,1,1,2,13,22,7,5,0,4,21,0
night,planner,random,10709,2,1,4,11,22,7,12,0,7,22,0
night,planner,random,10709,3,1,4,10,22,10,16,0,8,23,0
night,planner,random,10709,4,0,3,0,22,9,12,4,6,24,0
night,planner,random,10710,0,1,2,22,22,3,3,0,3,20,0
night,planner,random,10710,1,1,2,19,22,4,8,0,4,21,0
night,planner,random,10710,2,1,3,16,22,12,14,4,6,22,0
night,planner,random,10710,3,1,3,14,22,7,17,0,6,23,0
night,planner,random,10710,4,1,5,7,22,8,28,6,8,24,0
night,planner,random,10711,0,1,2,21,22,3,4,0,3,20,0
night,planner,random,10711,1,1,2,14,22,7,6,0,4,21,0
night,planner,random,10711,2,1,3,22,22,6,14,0,6,22,0
night,planner,random,10711,3,1,4,17,22,10,25,0,8,23,0
night,planner,random,10711,4,1,4,19,22,9,26,0,7,24,0
night,planner,random,10712,0,1,2,22,22,3,3,0,4,20,0
night,planner,random,10712,1,1,2,14,22,7,6,0,4,21,0
night,planner,random,10712,2,1,4,10,22,7,11,0,7,22,0
night,planner,random,10712,3,1,4,11,22,9,18,0,8,23,0
night,planner,random,10712,4,1,4,20,22,12,32,6,8,24,0
night,planner,random,10713,0,1,2,22,22,3,5,0,3,20,0
night,planner,random,10713,1,1,2,12,22,7,4,0,4,21,0
night,planner,random,10713,2,1,3,15,22,11,12,0,6,22,0
night,planner,random,10713,3,1,4,11,22,10,21,0,8,23,0
night,planner,random,10713,4,1,5,22,22,3,37,0,9,24,0
night,planner,random,10714,0,1,2,20,22,0,2,0,3,20,0
night,planner,random,10714,1,1,2,19,22,4,8,0,4,21,0
night,planner,random,10714,2,1,3,15,22,11,12,0,6,22,0
night,planner,random,10714,3,1,4,7,22,10,15,0,8,23,0
night,planner,random,10714,4,1,5,19,22,12,41,6,10,24,0
night,planner,random,10715,0,1,2,22,22,3,3,0,3,20,0
night,planner,random,10715,1,1,2,12,22,7,4,0,4,21,0
night,planner,random,10715,2,1,3,21,22,8,15,0,6,22,0
night,planner,random,10715,3,1,4,20,22,6,24,0,8,23,0
night,planner,random,10715,4,1,5,22,22,8,45,10,10,24,0
night,planner,random,10716,0,1,2,22,22,3,3,0,4,20,0
night,planner,random,10716,1,1,2,19,22,4,8,0,4,21,0
night,planner,random,10716,2,1,3,15,22,11,12,0,6,22,0
night,planner,random,10716,3,1,4,17,22,6,21,0,8,23,0
night,planner,random,10716,4,1,5,17,22,9,40,4,10,24,0
night,planner,random,10717,0,1,2,20,22,3,5,0,3,20,0
night,planner,random,10717,1,1,2,20,22,4,8,0,4,21,0
night,planner,random,10717,2,1,4,17,22,7,18,0,8,22,0
night,planner,random,10717,3,1,4,21,22,7,22,0,8,23,0
night,planner,random,10717,4,1,4,22,22,8,25,6,8,24,0
night,planner,random,10718,0,1,2,22,22,3,3,0,3,20,0
night,planner,random,10718,1,1,2,19,22,4,8,0,4,21,0
night,planner,random,10718,2,1,3,19,22,10,15,0,6,22,0
night,planner,random,10718,3,1,4,22,22,9,23,0,8,23,0
night,planner,random,10718,4,1,5,13,22,8,33,0,9,24,0
night,planner,random,10719,0,1,2,20,22,3,5,0,3,20,0
night,planner,random,10719,1,1,2,19,22,4,8,0,4,21,0
night,planner,random,10719,2,1,4,16,22,10,20,0,8,22,0
night,planner,random,10719,3,1,4,17,22,10,23,0,8,23,0
night,planner,random,10719,4,1,5,18,22,11,43,6,10,24,0
night,planner,random,10720,0,1,2,21,22,3,4,0,3,20,0
night,planner,random,10720,1,1,2,13,22,7,5,0,4,21,0
night,planner,random,10720,2,1,4,16,22,7,17,0,7,22,0
night,planner,random,10720,3,1,4,10,22,6,12,0,8,23,0
night,planner,random,10720,4,1,5,19,22,5,38,6,10,24,0
night,planner,random,10721,0,1,2,22,22,3,3,0,3,20,0
night,planner,random,10721,1,1,2,19,22,4,8,0,4,21,0
night,planner,random,10721,2,1,3,21,22,8,15,0,6,22,0
night,planner,random,10721,3,1,4,17,22,6,21,0,8,23,0
night,planner,random,10721,4,1,5,13,22,6,30,0,10,24,0
night,planner,random,10722,0,1,2,19,22,3,4,0,3,20,0
night,planner,random,10722,1,1,2,12,22,7,4,0,4,21,0
night,planner,random,10722,2,1,3,16,22,9,11,0,6,22,0
night,planner,random,10722,3,0,2,0,22,10,2,0,4,23,0
night,planner,random,10722,4,1,5,10,22,9,31,0,9,24,0
night,planner,random,10723,0,1,2,21,22,0,3,0,4,20,0
night,planner,random,10723,1,1,2,14,22,7,6,0,4,21,0
night,planner,random,10723,2,1,4,11,22,10,15,0,7,22,0
night,planner,random,10723,3,1,4,17,22,10,23,0,8,23,0
night,planner,random,10723,4,1,4,22,22,8,33,6,8,24,0
night,planner,random,10724,0,1,2,19,22,3,4,0,3,20,0
night,planner,random,10724,1,1,2,19,22,4,8,0,4,21,0
night,planner,random,10724,2,1,3,22,22,7,15,0,6,22,0
night,planner,random,10724,3,1,4,15,22,10,23,0,8,23,0
night,planner,random,10724,4,1,5,9,22,10,28,0,8,24,0
night,planner,random,10725,0,1,2,20,22,3,5,0,3,20,0
night,planner,random,10725,1,1,2,20,22,4,8,0,4,21,0
night,planner,random,10725,2,1,3,18,22,8,12,0,6,22,0
night,planner,random,10725,3,1,4,15,22,6,21,0,8,23,0
night,planner,random,10725,4,0,3,0,22,11,17,6,6,24,0
night,planner,random,10726,0,1,2,22,22,3,3,0,4,20,0
night,planner,random,10726,1,1,2,15,22,9,4,4,4,21,0
night,planner,random,10726,2,1,3,15,22,11,12,0,6,22,0
night,planner,random,10726,3,1,4,22,22,4,28,0,8,23,0
night,planner,random,10726,4,1,4,22,22,6,30,4,8,24,0
night,planner,random,10727,0,1,2,22,22,0,0,0,3,20,0
night,planner,random,10727,1,1,2,17,22,7,4,0,4,21,0
night,planner,random,10727,2,1,3,21,22,10,17,0,6,22,0
night,planner,random,10727,3,1,3,9,22,9,16,0,6,23,0
night,planner,random,10727,4,0,3,0,22,6,8,0,6,24,0
night,planner,random,10728,0,1,2,22,22,3,3,0,3,20,0
night,planner,random,10728,1,1,2,15,22,6,6,0,4,21,0
night,planner,random,10728,2,1,4,17,22,7,18,0,7,22,0
night,planner,random,10728,3,1,4,14,22,10,22,0,8,23,0
night,planner,random,10728,4,1,5,17,22,9,40,6,10,24,0
night,planner,random,10729,0,1,2,22,22,3,3,0,3,20,0
night,planner,random,10729,1,1,2,10,22,9,4,4,4,21,0
night,planner,random,10729,2,1,3,21,22,8,15,0,6,22,0
night,planner,random,10729,3,1,4,10,22,10,22,0,8,23,0
night,planner,random,10729,4,1,4,19,22,11,30,6,8,24,0
night,planner,random,10730,0,1,2,19,22,3,4,0,3,20,0
night,planner,random,10730,1,1,2,19,22,4,8,0,4,21,0
night,planner,random,10730,2,1,3,22,22,7,15,0,6,22,0
night,planner,random,10730,3,1,4,11,22,9,14,0,8,23,0
night,planner,random,10730,4,1,5,18,22,7,39,0,8,24,0
night,planner,random,10731,0,1,2,19,22,3,4,0,3,20,0
night,planner,random,10731,1,1,2,15,22,6,6,0,4,21,0
night,planner,random,10731,2,1,4,10,22,7,11,0,7,22,0
night,planner,random,10731,3,1,4,15,22,10,23,0,8,23,0
night,planner,random,10731,4,1,4,22,22,8,27,6,8,24,0
night,planner,random,10732,0,1,2,22,22,3,5,0,3,20,0
night,planner,random,10732,1,1,2,14,22,7,5,0,4,21,0
night,planner,random,10732,2,1,3,15,22,11,12,0,6,22,0
night,planner,random,10732,3,1,4,22,22,7,27,0,8,23,0
night,planner,random,10732,4,1,4,9,22,10,28,6,8,24,0
night,planner,random,10733,0,1,2,22,22,3,3,0,3,20,0
night,planner,random,10733,1,1,2,19,22,4,8,0,4,21,0
night,planner,random,10733,2,1,3,17,22,7,18,0,6,22,0
night,planner,random,10733,3,0,2,0,22,12,0,0,4,23,0
night,planner,random,10733,4,1,5,17,22,3,36,0,9,24,0
night,planner,random,10734,0,1,2,19,22,3,4,0,3,20,0
night,planner,random,10734,1,1,2,8,22,10,3,0,4,21,0
night,planner,random,10734,2,1,3,21,22,8,15,0,6,22,0
night,planner,random,10734,3,1,4,21,22,7,26,0,8,23,0
night,planner,random,10734,4,1,4,18,22,12,25,4,8,24,0
night,planner,random,10735,0,1,2,22,22,0,0,0,4,20,0
night,planner,random,10735,1,1,2,14,22,7,6,0,4,21,0
night,planner,random,10735,2,1,3,5,22,10,9,0,6,22,0
night,planner,random,10735,3,1,4,11,22,9,16,0,8,23,0
night,planner,random,10735,4,1,4,20,22,11,26,6,8,24,0
night,planner,random,10736,0,1,2,20,22,0,2,0,3,20,0
night,planner,random,10736,1,1,2,16,22,3,4,0,4,21,0
night,planner,random,10736,2,1,3,19,22,10,15,0,6,22,0
night,planner,random,10736,3,1,4,9,22,7,18,0,8,23,0
night,planner,random,10736,4,1,4,12,22,12,27,6,8,24,0
night,planner,random,10737,0,1,2,22,22,0,0,0,4,20,0
night,planner,random,10737,1,1,2,12,22,7,4,0,4,21,0
night,planner,random,10737,2,1,3,22,22,7,15,0,6,22,0
night,planner,random,10737,3,1,4,17,22,6,19,0,8,23,0
night,planner,random,10737,4,1,4,18,22,11,28,4,8,24,0
night,planner,random,10738,0,1,2,22,22,3,3,0,3,20,0
night,planner,random,10738,1,1,2,9,22,6,0,0,4,21,0
night,planner,random,10738,2,1,3,22,22,7,15,0,6,22,0
night,planner,random,10738,3,1,4,19,22,7,24,0,8,23,0
night,planner,random,10738,4,1,4,16,22,12,28,6,8,24,0
night,planner,random,10739,0,1,2,22,22,3,3,0,4,20,0
night,planner,random,10739,1,1,2,19,22,4,8,0,4,21,0
night,planner,random,10739,2,1,3,14,22,7,15,0,6,22,0
night,planner,random,10739,3,1,4,22,22,4,24,0,8,23,0
night,planner,random,10739,4,1,4,11,22,9,25,0,7,24,0
night,planner,random,10740,0,1,2,22,22,3,3,0,3,20,0
night,planner,random,10740,1,1,2,8,22,10,3,0,4,21,0
night,planner,random,10740,2,1,4,17,22,7,18,0,7,22,0
night,planner,random,10740,3,1,4,21,22,7,26,0,8,23,0
night,planner,random,10740,4,1,4,17,22,15,25,6,8,24,0
night,planner,random,10741,0,1,2,20,22,3,5,0,3,20,0
night,planner,random,10741,1,1,2,19,22,4,8,0,4,21,0
night,planner,random,10741,2,1,3,21,22,10,17,0,6,22,0
night,planner,random,10741,3,1,4,14,22,10,26,0,8,23,0
night,planner,random,10741,4,1,4,19,22,5,37,6,8,24,0
night,planner,random,10742,0,1,2,22,22,0,0,0,4,20,0
night,planner,random,10742,1,1,2,12,22,7,4,0,4,21,0
night,planner,random,10742,2,1,3,15,22,11,12,0,6,22,0
night,planner,random,10742,3,1,4,22,22,6,24,0,8,23,0
night,planner,random,10742,4,1,4,20,22,8,30,6,8,24,0
night,planner,random,10743,0,1,2,22,22,3,3,0,4,20,0
night,planner,random,10743,1,1,2,8,22,10,3,0,4,21,0
night,planner,random,10743,2,1,3,21,22,7,14,0,6,22,0
night,planner,random,10743,3,1,4,7,22,13,18,0,8,23,0
night,planner,random,10743,4,0,3,0,22,11,17,6,6,24,0
night,planner,random,10744,0,1,2,22,22,3,3,0,4,20,0
night,planner,random,10744,1,1,2,9,22,6,0,0,4,21,0
night,planner,random,10744,2,1,3,15,22,11,12,0,6,22,0
night,planner,random,10744,3,1,4,16,22,10,22,0,7,23,0
night,planner,random,10744,4,1,5,15,22,14,40,12,10,24,0
night,planner,random,10745,0,1,2,22,22,3,3,0,4,20,0
night,planner,random,10745,1,1,2,9,22,6,0,0,4,21,0
night,planner,random,10745,2,1,4,17,22,7,18,0,7,22,0
night,planner,random,10745,3,1,4,17,22,6,17,0,8,23,0
night,planner,random,10745,4,0,3,0,22,6,8,0,5,24,0
night,planner,random,10746,0,1,2,22,22,3,3,0,4,20,0
night,planner,random,10746,1,1,2,19,22,4,8,0,4,21,0
night,planner,random,10746,2,1,4,22,22,7,23,0,8,22,0
night,planner,random,10746,3,1,4,19,22,7,22,0,7,23,0
night,planner,random,10746,4,1,4,19,22,5,33,4,8,24,0
night,planner,random,10747,0,1,2,13,22,6,1,0,3,20,0
night,planner,random,10747,1,1,2,19,22,4,8,0,4,21,0
night,planner,random,10747,2,0,2,0,22,10,3,0,4,22,0
night,planner,random,10747,3,0,2,0,22,10,2,0,4,23,0
night,planner,random,10747,4,1,5,11,22,11,36,6,9,24,0
night,planner,random,10748,0,1,2,22,22,3,3,0,3,20,0
night,planner,random,10748,1,1,2,12,22,7,4,0,4,21,0
night,planner,random,10748,2,1,3,19,22,7,12,0,6,22,0
night,planner,random,10748,3,1,4,19,22,7,24,0,8,23,0
night,planner,random,10748,4,1,4,10,22,8,28,4,8,24,0
night,planner,random,10749,0,1,2,22,22,3,3,0,4,20,0
night,planner,random,10749,1,1,2,17,22,7,4,0,4,21,0
night,planner,random,10749,2,1,4,18,22,4,16,0,7,22,0
night,planner,random,10749,3,1,4,13,22,10,23,0,8,23,0
night,planner,random,10749,4,1,5,13,22,7,34,0,9,24,0
night,planner,random,10750,0,1,2,22,22,3,3,0,4,20,0
night,planner,random,10750,1,1,2,13,22,7,5,0,4,21,0
night,planner,random,10750,2,1,3,22,22,7,15,0,6,22,0
night,planner,random,10750,3,1,4,22,22,4,22,0,8,23,0
night,planner,random,10750,4,1,4,1,22,10,16,4,8,24,0
night,planner,random,10751,0,1,2,20,22,0,2,0,3,20,0
night,planner,random,10751,1,1,2,19,22,4,8,0,4,21,0
night,planner,random,10751,2,1,3,15,22,11,12,0,6,22,0
night,planner,random,10751,3,1,4,19,22,7,24,0,8,23,0
night,planner,random,10751,4,1,4,22,22,9,34,6,8,24,0
night,planner,random,10752,0,1,2,22,22,3,3,0,3,20,0
night,planner,random,10752,1,1,2,19,22,4,8,0,4,21,0
night,planner,random,10752,2,1,4,13,22,8,15,0,7,22,0
night,planner,random,10752,3,1,4,19,22,7,20,0,8,23,0
night,planner,random,10752,4,1,4,20,22,12,35,6,8,24,0
night,planner,random,10753,0,1,2,19,22,3,4,0,3,20,0
night,planner,random,10753,1,1,2,14,22,7,6,0,4,21,0
night,planner,random,10753,2,1,4,19,22,10,23,0,7,22,0
night,planner,random,10753,3,1,4,15,22,10,21,0,8,23,0
night,planner,random,10753,4,1,4,12,22,13,25,6,8,24,0
night,planner,random,10754,0,1,2,20,22,3,5,0,3,20,0
night,planner,random,10754,1,1,2,12,22,7,4,0,4,21,0
night,planner,random,10754,2,1,3,15,22,11,12,0,6,22,0
night,planner,random,10754,3,1,4,22,22,7,25,0,8,23,0
night,planner,random,10754,4,1,5,12,22,9,33,6,9,24,0
night,planner,random,10755,0,1,2,22,22,0,0,0,4,20,0
night,planner,random,10755,1,1,2,19,22,4,8,0,4,21,0
night,planner,random,10755,2,1,4,7,22,11,12,0,7,22,0
night,planner,random,10755,3,1,4,13,22,7,22,0,8,23,0
night,planner,random,10755,4,1,4,18,22,11,27,4,8,24,0
night,planner,random,10756,0,1,2,20,22,0,2,0,3,20,0
night,planner,random,10756,1,1,2,14,22,7,6,0,4,21,0
night,planner,random,10756,2,1,3,7,22,13,6,0,6,22,0
night,planner,random,10756,3,1,5,10,22,10,28,0,9,23,0
night,planner,random,10756,4,1,4,16,22,9,34,6,8,24,0
night,planner,random,10757,0,1,2,19,22,3,4,0,3,20,0
night,planner,random,10757,1,1,2,12,22,7,4,0,4,21,0
night,planner,random,10757,2,1,4,6,22,11,11,0,7,22,0
night,planner,random,10757,3,1,4,18,22,10,26,0,8,23,0
night,planner,random,10757,4,1,5,22,22,10,43,10,10,24,0
night,planner,random,10758,0,1,2,20,22,0,2,0,3,20,0
night,planner,random,10758,1,1,2,13,22,7,5,0,4,21,0
night,planner,random,10758,2,1,3,22,22,6,14,0,6,22,0
night,planner,random,10758,3,1,4,22,22,3,23,0,8,23,0
night,planner,random,10758,4,1,4,22,22,8,26,8,8,24,0
night,planner,random,10759,0,1,2,22,22,0,0,0,4,20,0
night,planner,random,10759,1,1,2,19,22,4,8,0,4,21,0
night,planner,random,10759,2,1,3,21,22,8,15,0,6,22,0
night,planner,random,10759,3,0,2,0,22,6,0,0,4,23,0
night,planner,random,10759,4,1,5,21,22,5,40,4,10,24,0
night,planner,random,10760,0,1,2,20,22,3,5,0,3,20,0
night,planner,random,10760,1,1,2,19,22,4,8,0,4,21,0
night,planner,random,10760,2,1,3,14,22,7,15,0,6,22,0
night,planner,random,10760,3,1,4,17,22,7,20,0,8,23,0
night,planner,random,10760,4,1,4,21,22,8,31,4,8,24,0
night,planner,random,10761,0,1,2,22,22,3,3,0,3,20,0
night,planner,random,10761,1,1,2,12,22,7,4,0,4,21,0
night,planner,random,10761,2,1,3,7,22,13,6,0,6,22,0
night,planner,random,10761,3,1,4,18,22,10,26,0,8,23,0
night,planner,random,10761,4,1,4,8,22,13,22,4,8,24,0
night,planner,random,10762,0,1,2,20,22,0,2,0,3,20,0
night,planner,random,10762,1,1,2,19,22,4,8,0,4,21,0
night,planner,random,10762,2,1,3,22,22,7,15,0,6,22,0
night,planner,random,10762,3,1,4,12,22,10,18,0,7,23,0
night,planner,random,10762,4,1,4,11,22,9,29,4,8,24,0
night,planner,random,10763,0,1,2,22,22,0,2,0,3,20,0
night,planner,random,10763,1,1,2,13,22,7,5,0,4,21,0
night,planner,random,10763,2,0,2,0,22,6,0,0,4,22,0
night,planner,random,10763,3,1,4,19,22,7,28,0,8,23,0
night,planner,random,10763,4,1,4,20,22,9,32,6,8,24,0
night,planner,random,10764,0,1,2,22,22,0,0,0,3,20,0
night,planner,random,10764,1,1,2,13,22,4,2,0,4,21,0
night,planner,random,10764,2,1,4,14,22,8,16,0,7,22,0
night,planner,random,10764,3,1,4,21,22,7,26,0,8,23,0
night,planner,random,10764,4,1,4,9,22,16,27,6,8,24,0
night,planner,random,10765,0,1,2,22,22,3,3,0,3,20,0
night,planner,random,10765,1,1,2,14,22,7,5,0,4,21,0
night,planner,random,10765,2,0,2,0,22,10,3,0,4,22,0
night,planner,random,10765,3,1,4,14,22,10,22,0,8,23,0
night,planner,random,10765,4,1,4,18,22,12,25,6,8,24,0
night,planner,random,10766,0,1,2,22,22,3,3,0,3,20,0
night,planner,random,10766,1,1,2,13,22,4,2,0,4,21,0
night,planner,random,10766,2,1,3,18,22,8,12,0,6,22,0
night,planner,random,10766,3,1,4,17,22,7,20,0,8,23,0
night,planner,random,10766,4,1,4,12,22,9,24,4,8,24,0
night,planner,random,10767,0,1,2,22,22,3,3,0,3,20,0
night,planner,random,10767,1,1,2,12,22,7,4,0,4,21,0
night,planner,random,10767,2,1,3,9,22,14,9,0,6,22,0
night,planner,random,10767,3,1,4,22,22,10,24,0,8,23,0
night,planner,random,10767,4,1,4,11,22,6,24,0,7,24,0
night,planner,random,10768,0,1,2,22,22,3,3,0,3,20,0
night,planner,random,10768,1,1,2,14,22,7,6,0,4,21,0
night,planner,random,10768,2,1,4,8,22,10,12,0,7,22,0
night,planner,random,10768,3,1,4,22,22,4,24,0,8,23,0
night,planner,random,10768,4,1,5,12,22,11,38,6,10,24,0
night,planner,random,10769,0,1,2,19,22,3,0,0,3,20,0
night,planner,random,10769,1,1,2,10,22,9,4,4,4,21,0
night,planner,random,10769,2,1,3,21,22,8,15,0,6,22,0
night,planner,random,10769,3,1,4,18,22,10,24,0,8,23,0
night,planner,random,10769,4,1,5,18,22,8,37,0,9,24,0
night,planner,random,10770,0,1,2,22,22,3,5,0,3,20,0
night,planner,random,10770,1,1,2,14,22,7,6,0,4,21,0
night,planner,random,10770,2,1,4,13,22,8,15,0,7,22,0
night,planner,random,10770,3,1,4,17,22,7,18,0,8,23,0
night,planner,random,10770,4,1,5,20,22,9,40,6,10,24,0
night,planner,random,10771,0,1,2,22,22,3,3,0,4,20,0
night,planner,random,10771,1,1,2,19,22,4,8,0,4,21,0
night,planner,random,10771,2,1,3,21,22,8,15,0,6,22,0
night,planner,random,10771,3,1,4,9,22,11,16,0,8,23,0
night,planner,random,10771,4,1,5,8,22,13,37,12,9,24,0
night,planner,random,10772,0,1,2,19,22,3,4,0,3,20,0
night,planner,random,10772,1,1,2,19,22,4,8,0,4,21,0
night,planner,random,10772,2,1,4,9,22,7,10,0,7,22,0
night,planner,random,10772,3,1,4,22,22,6,26,0,8,23,0
night,planner,random,10772,4,1,6,11,22,6,39,0,11,24,0
night,planner,random,10773,0,1,2,19,22,3,4,0,3,20,0
night,planner,random,10773,1,1,2,19,22,4,8,0,4,21,0
night,planner,random,10773,2,1,3,15,22,11,12,0,6,22,0
night,planner,random,10773,3,1,4,9,22,7,14,0,8,23,0
night,planner,random,10773,4,1,4,14,22,7,34,10,7,24,0
night,planner,random,10774,0,1,2,22,22,3,3,0,4,20,0
night,planner,random,10774,1,1,2,19,22,4,8,0,4,21,0
night,planner,random,10774,2,1,3,18,22,10,14,0,6,22,0
night,planner,random,10774,3,0,2,0,22,6,0,0,4,23,0
night,planner,random,10774,4,1,5,18,22,12,38,16,9,24,0
night,planner,random,10775,0,1,2,22,22,0,0,0,4,20,0
night,planner,random,10775,1,1,2,19,22,4,8,0,4,21,0
night,planner,random,10775,2,1,3,7,22,13,6,0,6,22,0
night,planner,random,10775,3,1,4,20,22,7,23,0,8,23,0
night,planner,random,10775,4,1,4,18,22,12,30,6,8,24,0
night,planner,random,10776,0,1,2,22,22,0,0,0,3,20,0
night,planner,random,10776,1,1,2,12,22,7,4,0,4,21,0
night,planner,random,10776,2,1,4,19,22,4,16,0,7,22,0
night,planner,random,10776,3,1,4,19,22,7,24,0,8,23,0
night,planner,random,10776,4,1,4,22,22,11,28,10,8,24,0
night,planner,random,10777,0,1,2,22,22,3,3,0,3,20,0
night,planner,random,10777,1,1,2,12,22,10,2,0,4,21,0
night,planner,random,10777,2,1,3,15,22,11,12,0,6,22,0
night,planner,random,10777,3,1,4,18,22,7,23,0,7,23,0
night,planner,random,10777,4,1,5,14,22,8,38,4,10,24,0
night,planner,random,10778,0,1,2,22,22,3,3,0,4,20,0
night,planner,random,10778,1,1,2,19,22,4,8,0,4,21,0
night,planner,random,10778,2,0,2,0,22,10,3,0,4,22,0
night,planner,random,10778,3,1,4,22,22,7,25,0,8,23,0
night,planner,random,10778,4,1,4,19,22,11,28,6,8,24,0
night,planner,random,10779,0,1,2,20,22,3,5,0,3,20,0
night,planner,random,10779,1,1,2,19,22,4,8,0,4,21,0
night,planner,random,10779,2,1,4,13,22,4,11,0,7,22,0
night,planner,random,10779,3,1,4,22,22,4,22,0,8,23,0
night,planner,random,10779,4,1,4,3,22,12,24,6,8,24,0
night,planner,random,10780,0,1,2,22,22,3,3,0,3,20,0
night,planner,random,10780,1,1,2,15,22,6,6,0,4,21,0
night,planner,random,10780,2,1,3,20,22,3,17,0,6,22,0
night,planner,random,10780,3,1,4,13,22,10,23,0,8,23,0
night,planner,random,10780,4,1,5,22,22,8,46,6,10,24,0
night,planner,random,10781,0,1,2,18,22,6,2,0,3,20,0
night,planner,random,10781,1,1,2,13,22,7,5,0,4,21,0
night,planner,random,10781,2,1,3,15,22,11,12,0,6,22,0
night,planner,random,10781,3,1,4,22,22,4,24,0,8,23,0
night,planner,random,10781,4,1,4,12,22,11,26,6,8,24,0
night,planner,random,10782,0,1,2,13,22,6,1,0,3,20,0
night,planner,random,10782,1,1,2,12,22,7,4,0,4,21,0
night,planner,random,10782,2,1,3,18,22,10,14,0,6,22,0
night,planner,random,10782,3,1,4,16,22,10,26,0,8,23,0
night,planner,random,10782,4,1,5,12,22,10,33,0,10,24,0
night,planner,random,10783,0,1,2,22,22,3,3,0,4,20,0
night,planner,random,10783,1,1,2,16,22,6,6,0,4,21,0
night,planner,random,10783,2,1,3,9,22,14,9,0,6,22,0
night,planner,random,10783,3,1,4,20,22,7,27,0,8,23,0
night,planner,random,10783,4,0,5,0,22,6,33,0,8,24,0
night,planner,random,10784,0,1,2,22,22,0,2,0,3,20,0
night,planner,random,10784,1,1,2,17,22,7,4,0,4,21,0
night,planner,random,10784,2,1,3,15,22,11,12,0,6,22,0
night,planner,random,10784,3,1,4,22,22,7,25,0,8,23,0
night,planner,random,10784,4,1,5,13,22,10,40,6,10,24,0
night,planner,random,10785,0,1,2,20,22,3,5,0,3,20,0
night,planner,random,10785,1,1,2,19,22,4,8,0,4,21,0
night,planner,random,10785,2,1,4,17,22,3,14,0,7,22,0
night,planner,random,10785,3,1,4,22,22,9,25,0,8,23,0
night,planner,random,10785,4,1,4,19,22,11,23,4,8,24,0
night,planner,random,10786,0,1,2,22,22,3,3,0,3,20,0
night,planner,random,10786,1,1,2,19,22,4,8,0,4,21,0
night,planner,random,10786,2,1,3,22,22,4,12,0,6,22,0
night,planner,random,10786,3,1,4,22,22,4,24,0,8,23,0
night,planner,random,10786,4,1,4,14,22,12,28,6,8,24,0
night,planner,random,10787,0,1,2,22,22,0,0,0,4,20,0
night,planner,random,10787,1,1,2,19,22,4,8,0,4,21,0
night,planner,random,10787,2,1,3,5,22,14,5,0,6,22,0
night,planner,random,10787,3,1,4,19,22,10,25,0,8,23,0
night,planner,random,10787,4,1,5,4,22,14,32,10,10,24,0
night,planner,random,10788,0,1,2,13,22,6,1,0,3,20,0
night,planner,random,10788,1,1,2,19,22,4,8,0,4,21,0
night,planner,random,10788,2,1,3,22,22,7,14,0,6,22,0
night,planner,random,10788,3,1,4,16,22,10,22,0,7,23,0
night,planner,random,10788,4,1,4,19,22,11,26,4,8,24,0
night,planner,random,10789,0,1,2,18,22,6,2,0,3,20,0
night,planner,random,10789,1,1,2,12,22,7,4,0,4,21,0
night,planner,random,10789,2,1,3,22,22,7,15,0,6,22,0
night,planner,random,10789,3,1,4,10,22,10,16,0,8,23,0
night,planner,random,10789,4,1,4,9,22,14,22,6,8,24,0
night,planner,random,10790,0,1,2,22,22,0,0,0,4,20,0
night,planner,random,10790,1,1,2,19,22,4,8,0,4,21,0
night,planner,random,10790,2,1,4,7,22,10,11,0,7,22,0
night,planner,random,10790,3,1,4,17,22,10,23,0,8,23,0
night,planner,random,10790,4,1,4,22,22,11,32,6,8,24,0
night,planner,random,10791,0,1,2,22,22,3,3,0,3,20,0
night,planner,random,10791,1,1,2,19,22,4,8,0,4,21,0
night,planner,random,10791,2,1,3,19,22,10,15,0,6,22,0
night,planner,random,10791,3,1,4,19,22,6,23,0,8,23,0
night,planner,random,10791,4,1,4,20,22,10,25,6,8,24,0
night,planner,random,10792,0,1,2,22,22,0,0,0,3,20,0
night,planner,random,10792,1,1,2,19,22,4,8,0,4,21,0
night,planner,random,10792,2,1,3,15,22,11,12,0,6,22,0
night,planner,random,10792,3,1,4,9,22,13,18,0,8,23,0
night,planner,random,10792,4,1,5,22,22,8,39,6,10,24,0
night,planner,random,10793,0,1,2,21,22,3,4,0,3,20,0
night,planner,random,10793,1,1,2,17,22,3,4,0,4,21,0
night,planner,random,10793,2,1,3,15,22,11,12,0,6,22,0
night,planner,random,10793,3,1,5,11,22,10,31,0,10,23,0
night,planner,random,10793,4,1,4,13,22,8,26,6,7,24,0
night,planner,random,10794,0,1,2,22,22,3,3,0,4,20,0
night,planner,random,10794,1,1,2,19,22,4,8,0,4,21,0
night,planner,random,10794,2,1,3,18,22,10,14,0,6,22,0
night,planner,random,10794,3,1,4,18,22,9,25,0,8,23,0
night,planner,random,10794,4,1,5,22,22,5,38,4,9,24,0
night,planner,random,10795,0,1,2,22,22,3,3,0,3,20,0
night,planner,random,10795,1,1,2,19,22,4,8,0,4,21,0
night,planner,random,10795,2,1,4,15,22,8,17,0,7,22,0
night,planner,random,10795,3,1,4,22,22,4,24,0,8,23,0
night,planner,random,10795,4,1,5,18,22,9,39,4,10,24,0
night,planner,random,10796,0,1,2,22,22,0,0,0,4,20,0
night,planner,random,10796,1,1,2,20,22,4,8,0,4,21,0
night,planner,random,10796,2,1,3,10,22,10,14,0,5,22,0
night,planner,random,10796,3,1,4,21,22,6,29,0,8,23,0
night,planner,random,10796,4,1,4,22,22,8,33,6,8,24,0
night,planner,random,10797,0,1,2,22,22,0,0,0,4,20,0
night,planner,random,10797,1,1,2,19,22,4,8,0,4,21,0
night,planner,random,10797,2,1,4,13,22,8,15,0,7,22,0
night,planner,random,10797,3,0,3,0,22,6,0,0,5,23,0
night,planner,random,10797,4,1,5,18,22,6,38,0,10,24,0
night,planner,random,10798,0,1,2,22,22,0,0,0,4,20,0
night,planner,random,10798,1,1,2,19,22,4,8,0,4,21,0
night,planner,random,10798,2,1,3,15,22,11,12,0,6,22,0
night,planner,random,10798,3,1,4,8,22,12,18,0,8,23,0
night,planner,random,10798,4,1,4,12,22,13,28,6,8,24,0
night,planner,random,10799,0,1,2,22,22,3,3,0,3,20,0
night,planner,random,10799,1,1,2,19,22,4,8,0,4,21,0
night,planner,random,10799,2,1,4,17,22,7,18,0,7,22,0
night,planner,random,10799,3,1,4,22,22,7,27,0,8,23,0
night,planner,random,10799,4,1,4,7,22,17,19,6,8,24,0
night,planner,random,10800,0,1,2,22,22,3,3,0,4,20,0
night,planner,random,10800,1,1,2,19,22,4,8,0,4,21,0
night,planner,random,10800,2,1,3,21,22,8,15,0,6,22,0
night,planner,random,10800,3,1,4,19,22,7,26,0,8,23,0
night,planner,random,10800,4,1,4,20,22,9,27,4,8,24,0
night,planner,random,10801,0,1,2,22,22,0,0,0,4,20,0
night,planner,random,10801,1,1,2,13,22,7,4,0,4,21,0
night,planner,random,10801,2,1,3,21,22,9,16,0,6,22,0
night,planner,random,10801,3,1,4,14,22,10,22,0,7,23,0
night,planner,random,10801,4,1,5,22,22,6,36,0,8,24,0
night,planner,random,10802,0,1,2,22,22,0,0,0,4,20,0
night,planner,random,10802,1,1,2,13,22,10,3,0,4,21,0
night,planner,random,10802,2,1,3,14,22,7,15,0,6,22,0
night,planner,random,10802,3,1,4,16,22,7,25,0,8,23,0
night,planner,random,10802,4,1,5,21,22,11,44,6,10,24,0
night,planner,random,10803,0,1,2,22,22,0,0,0,4,20,0
night,planner,random,10803,1,1,2,12,22,7,4,0,4,21,0
night,planner,random,10803,2,1,3,15,22,11,12,0,6,22,0
night,planner,random,10803,3,1,4,15,22,10,23,0,8,23,0
night,planner,random,10803,4,1,4,11,22,12,20,4,8,24,0
night,planner,random,10804,0,1,2,19,22,3,4,0,3,20,0
night,planner,random,10804,1,1,2,13,22,7,5,0,4,21,0
night,planner,random,10804,2,1,3,21,22,8,15,0,6,22,0
night,planner,random,10804,3,1,5,17,22,6,33,0,9,23,0
night,planner,random,10804,4,0,3,0,22,9,14,4,6,24,0
night,planner,random,10805,0,1,2,22,22,0,0,0,3,20,0
night,planner,random,10805,1,1,2,19,22,4,8,0,4,21,0
night,planner,random,10805,2,1,3,15,22,11,12,0,6,22,0
night,planner,random,10805,3,1,4,16,22,10,26,0,8,23,0
night,planner,random,10805,4,1,4,18,22,13,30,6,8,24,0
night,planner,random,10806,0,1,2,13,22,6,1,0,3,20,0
night,planner,random,10806,1,1,2,20,22,4,8,0,4,21,0
night,planner,random,10806,2,1,3,12,22,11,9,0,6,22,0
night,planner,random,10806,3,1,4,22,22,7,27,0,8,23,0
night,planner,random,10806,4,1,4,22,22,8,30,10,8,24,0
night,planner,random,10807,0,1,2,22,22,3,3,0,3,20,0
night,planner,random,10807,1,1,2,19,22,4,8,0,4,21,0
night,planner,random,10807,2,1,4,20,22,4,18,0,7,22,0
night,planner,random,10807,3,1,4,22,22,7,27,0,8,23,0
night,planner,random,10807,4,1,4,16,22,6,29,4,8,24,0
night,planner,random,10808,0,1,2,19,22,3,4,0,3,20,0
night,planner,random,10808,1,1,2,19,22,4,8,0,4,21,0
night,planner,random,10808,2,1,3,18,22,8,12,0,6,22,0
night,planner,random,10808,3,1,4,16,22,10,22,0,8,23,0
night,planner,random,10808,4,1,5,14,22,6,34,4,10,24,0
night,planner,random,10809,0,1,2,22,22,3,3,0,3,20,0
night,planner,random,10809,1,1,2,19,22,4,8,0,4,21,0
night,planner,random,10809,2,1,3,22,22,7,15,0,6,22,0
night,planner,random,10809,3,1,4,20,22,7,23,0,8,23,0
night,planner,random,10809,4,1,4,22,22,5,28,6,8,24,0
night,planner,random,10810,0,1,2,19,22,3,0,0,3,20,0
night,planner,random,10810,1,1,2,19,22,4,8,0,4,21,0
night,planner,random,10810,2,1,3,12,22,11,9,0,6,22,0
night,planner,random,10810,3,1,4,19,22,7,22,0,8,23,0
night,planner,random,10810,4,1,4,11,22,11,25,4,8,24,0
night,planner,random,10811,0,1,2,22,22,0,0,0,4,20,0
night,planner,random,10811,1,1,2,12,22,7,4,0,4,21,0
night,planner,random,10811,2,1,3,21,22,8,15,0,6,22,0
night,planner,random,10811,3,1,5,17,22,6,33,0,9,23,0
night,planner,random,10811,4,0,4,0,22,9,20,0,7,24,0
night,planner,random,10812,0,1,2,19,22,3,0,0,3,20,0
night,planner,random,10812,1,1,2,13,22,7,5,0,4,21,0
night,planner,random,10812,2,1,4,18,22,3,15,0,7,22,0
night,planner,random,10812,3,1,4,22,22,3,23,0,8,23,0
night,planner,random,10812,4,1,4,11,22,12,25,4,8,24,0
night,planner,random,10813,0,1,2,21,22,3,4,0,3,20,0
night,planner,random,10813,1,1,2,12,22,7,4,0,4,21,0
night,planner,random,10813,2,1,3,11,22,13,10,0,6,22,0
night,planner,random,10813,3,1,4,10,22,10,14,0,8,23,0
night,planner,random,10813,4,1,5,15,22,15,41,18,10,24,0
night,planner,random,10814,0,1,2,22,22,3,3,0,4,20,0
night,planner,random,10814,1,1,2,19,22,4,8,0,4,21,0
night,planner,random,10814,2,1,4,20,22,7,21,0,7,22,0
night,planner,random,10814,3,1,4,9,22,11,20,4,8,23,0
night,planner,random,10814,4,1,4,12,22,9,18,4,8,24,0
night,planner,random,10815,0,1,2,22,22,3,3,0,3,20,0
night,planner,random,10815,1,1,2,19,22,4,8,0,4,21,0
night,planner,random,10815,2,1,4,14,22,3,11,0,7,22,0
night,planner,random,10815,3,1,4,19,22,10,27,0,8,23,0
night,planner,random,10815,4,1,5,11,22,7,34,0,10,24,0
night,planner,random,10816,0,1,2,22,22,3,3,0,3,20,0
night,planner,random,10816,1,1,2,15,22,6,6,0,4,21,0
night,planner,random,10816,2,1,4,12,22,8,14,0,7,22,0
night,planner,random,10816,3,1,4,17,22,7,22,0,8,23,0
night,planner,random,10816,4,1,5,22,22,5,38,4,10,24,0
night,planner,random,10817,0,1,2,22,22,0,0,0,4,20,0
night,planner,random,10817,1,1,2,22,22,4,6,0,4,21,0
night,planner,random,10817,2,1,3,21,22,8,15,0,6,22,0
night,planner,random,10817,3,1,4,18,22,7,23,0,8,23,0
night,planner,random,10817,4,1,4,20,22,6,26,0,7,24,0
night,planner,random,10818,0,1,2,20,22,0,2,0,3,20,0
night,planner,random,10818,1,1,2,12,22,7,4,0,4,21,0
night,planner,random,10818,2,1,4,12,22,7,13,0,7,22,0
night,planner,random,10818,3,1,4,22,22,7,25,0,8,23,0
night,planner,random,10818,4,1,5,22,22,0,36,0,10,24,0
night,planner,random,10819,0,1,2,22,22,3,3,0,4,20,0
night,planner,random,10819,1,1,2,9,22,6,0,0,4,21,0
night,planner,random,10819,2,1,3,22,22,7,15,0,6,22,0
night,planner,random,10819,3,1,4,22,22,6,26,0,8,23,0
night,planner,random,10819,4,1,5,11,22,10,32,10,10,24,0
night,planner,random,10820,0,1,2,20,22,0,2,0,3,20,0
night,planner,random,10820,1,1,2,15,22,6,6,0,4,21,0
night,planner,random,10820,2,1,3,15,22,11,12,0,6,22,0
night,planner,random,10820,3,1,4,22,22,7,25,0,8,23,0
night,planner,random,10820,4,1,5,18,22,3,35,0,8,24,0
night,planner,random,10821,0,1,2,22,22,3,3,0,3,20,0
night,planner,random,10821,1,1,2,19,22,4,8,0,4,21,0
night,planner,random,10821,2,1,3,19,22,10,15,0,6,22,0
night,planner,random,10821,3,1,4,14,22,10,22,0,7,23,0
night,planner,random,10821,4,1,4,8,22,11,32,6,8,24,0
night,planner,random,10822,0,1,2,18,22,6,2,0,3,20,0
night,planner,random,10822,1,1,3,12,22,4,8,0,5,21,0
night,planner,random,10822,2,1,3,21,22,8,15,0,6,22,0
night,planner,random,10822,3,1,4,21,22,7,26,0,8,23,0
night,planner,random,10822,4,1,4,11,22,14,18,4,8,24,0
night,planner,random,10823,0,1,2,21,22,3,4,0,3,20,0
night,planner,random,10823,1,1,2,12,22,7,4,0,4,21,0
night,planner,random,10823,2,1,3,22,22,6,14,0,6,22,0
night,planner,random,10823,3,1,4,11,22,10,23,0,8,23,0
night,planner,random,10823,4,1,5,18,22,6,35,0,9,24,0
night,planner,random,10824,0,1,2,19,22,6,3,0,3,20,0
night,planner,random,10824,1,1,3,12,22,4,8,0,5,21,0
night,planner,random,10824,2,1,3,18,22,8,12,0,6,22,0
night,planner,random,10824,3,0,2,0,22,10,2,0,4,23,0
night,planner,random,10824,4,1,4,2,22,15,22,6,8,24,0
night,planner,random,10825,0,1,2,22,22,3,3,0,3,20,0
night,planner,random,10825,1,1,2,13,22,7,5,0,4,21,0
night,planner,random,10825,2,1,3,15,22,11,12,0,6,22,0
night,planner,random,10825,3,1,4,17,22,7,22,0,8,23,0
night,planner,random,10825,4,1,4,16,22,15,29,16,8,24,0
night,planner,random,10826,0,1,2,22,22,3,3,0,4,20,0
night,planner,random,10826,1,1,2,15,22,6,6,0,4,21,0
night,planner,random,10826,2,1,3,22,22,6,13,0,6,22,0
night,planner,random,10826,3,1,4,22,22,6,24,0,8,23,0
night,planner,random,10826,4,1,4,20,22,9,30,6,8,24,0
night,planner,random,10827,0,1,2,22,22,3,3,0,3,20,0
night,planner,random,10827,1,1,2,19,22,4,8,0,4,21,0
night,planner,random,10827,2,1,3,12,22,11,9,0,6,22,0
night,planner,random,10827,3,1,4,21,22,7,26,0,8,23,0
night,planner,random,10827,4,0,4,0,22,3,20,0,6,24,0
night,planner,random,10828,0,1,2,22,22,3,3,0,3,20,0
night,planner,random,10828,1,1,2,19,22,4,8,0,4,21,0
night,planner,random,10828,2,1,4,12,22,10,16,0,7,22,0
night,planner,random,10828,3,1,4,17,22,6,23,0,8,23,0
night,planner,random,10828,4,1,4,19,22,11,28,6,8,24,0
night,planner,random,10829,0,1,2,22,22,3,3,0,4,20,0
night,planner,random,10829,1,1,2,14,22,7,6,0,4,21,0
night,planner,random,10829,2,1,3,15,22,11,12,0,6,22,0
night,planner,random,10829,3,1,4,21,22,7,26,0,8,23,0
night,planner,random,10829,4,1,4,13,22,12,28,6,8,24,0
night,planner,random,10830,0,1,2,20,22,3,5,0,3,20,0
night,planner,random,10830,1,1,2,10,22,9,4,4,4,21,0
night,planner,random,10830,2,1,3,5,22,14,5,0,6,22,0
night,planner,random,10830,3,1,4,10,22,10,18,0,8,23,0
night,planner,random,10830,4,1,4,7,22,13,23,4,8,24,0
night,planner,random,10831,0,1,2,22,22,3,3,0,4,20,0
night,planner,random,10831,1,1,2,19,22,7,6,0,4,21,0
night,planner,random,10831,2,1,3,22,22,7,15,0,6,22,0
night,planner,random,10831,3,1,4,22,22,7,27,0,8,23,0
night,planner,random,10831,4,1,4,22,22,8,32,6,8,24,0
night,planner,random,10832,0,1,2,22,22,3,3,0,4,20,0
night,planner,random,10832,1,1,2,12,22,7,4,0,4,21,0
night,planner,random,10832,2,1,3,17,22,6,17,0,5,22,0
night,planner,random,10832,3,1,4,15,22,10,23,0,8,23,0
night,planner,random,10832,4,1,4,11,22,10,24,0,7,24,0
night,planner,random,10833,0,1,2,22,22,0,0,0,3,20,0
night,planner,random,10833,1,1,2,13,22,7,5,0,4,21,0
night,planner,random,10833,2,1,3,8,22,13,6,0,6,22,0
night,planner,random,10833,3,1,4,22,22,3,21,0,8,23,0
night,planner,random,10833,4,1,4,22,22,11,31,6,8,24,0
night,planner,random,10834,0,1,2,19,22,3,4,0,3,20,0
night,planner,random,10834,1,1,2,12,22,7,4,0,4,21,0
night,planner,random,10834,2,1,4,17,22,7,18,0,7,22,0
night,planner,random,10834,3,1,4,22,22,6,28,0,8,23,0
night,planner,random,10834,4,1,5,21,22,8,39,6,9,24,0
night,planner,random,10835,0,1,2,20,22,3,5,0,3,20,0
night,planner,random,10835,1,1,2,15,22,6,6,0,4,21,0
night,planner,random,10835,2,1,3,21,22,8,15,0,6,22,0
night,planner,random,10835,3,1,4,22,22,7,23,0,8,23,0
night,planner,random,10835,4,1,5,18,22,6,39,0,9,24,0
night,planner,random,10836,0,1,2,18,22,3,3,0,3,20,0
night,planner,random,10836,1,1,2,9,22,10,4,4,4,21,0
night,planner,random,10836,2,1,3,17,22,7,10,0,6,22,0
night,planner,random,10836,3,1,4,21,22,7,24,0,8,23,0
night,planner,random,10836,4,1,5,15,22,5,38,0,10,24,0
night,planner,random,10837,0,1,2,20,22,0,2,0,3,20,0
night,planner,random,10837,1,1,2,20,22,4,8,0,4,21,0
night,planner,random,10837,2,1,3,22,22,4,20,0,6,22,0
night,planner,random,10837,3,1,4,21,22,4,23,0,8,23,0
night,planner,random,10837,4,1,5,11,22,9,36,4,9,24,0
night,planner,random,10838,0,1,2,22,22,0,0,0,3,20,0
night,planner,random,10838,1,1,2,19,22,4,8,0,4,21,0
night,planner,random,10838,2,1,4,15,22,8,17,0,7,22,0
night,planner,random,10838,3,1,4,15,22,10,23,0,8,23,0
night,planner,random,10838,4,1,5,13,22,9,38,6,9,24,0
night,planner,random,10839,0,1,2,20,22,3,5,0,3,20,0
night,planner,random,10839,1,1,2,22,22,4,6,0,4,21,0
night,planner,random,10839,2,1,4,21,22,3,18,0,7,22,0
night,planner,random,10839,3,1,4,18,22,7,23,0,7,23,0
night,planner,random,10839,4,1,4,20,22,11,29,6,8,24,0
night,planner,random,10840,0,1,2,18,22,6,2,0,3,20,0
night,planner,random,10840,1,1,2,19,22,4,8,0,4,21,0
night,planner,random,10840,2,1,4,11,22,10,15,0,7,22,0
night,planner,random,10840,3,1,4,20,22,6,22,0,8,23,0
night,planner,random,10840,4,1,4,18,22,12,28,6,8,24,0
night,planner,random,10841,0,1,2,22,22,3,3,0,3,20,0
night,planner,random,10841,1,1,2,17,22,7,4,0,4,21,0
night,planner,random,10841,2,1,3,15,22,11,12,0,6,22,0
night,planner,random,10841,3,1,4,22,22,7,25,0,8,23,0
night,planner,random,10841,4,1,5,17,22,6,39,0,10,24,0
night,planner,random,10842,0,1,2,20,22,3,5,0,3,20,0
night,planner,random,10842,1,1,2,12,22,7,4,0,4,21,0
night,planner,random,10842,2,1,3,18,22,8,12,0,6,22,0
night,planner,random,10842,3,1,4,19,22,10,25,0,8,23,0
night,planner,random,10842,4,0,4,0,22,14,24,6,8,24,0
night,planner,random,10843,0,1,2,22,22,0,4,0,4,20,0
night,planner,random,10843,1,1,2,14,22,7,6,0,4,21,0
night,planner,random,10843,2,1,3,18,22,8,12,0,6,22,0
night,planner,random,10843,3,1,4,22,22,7,27,0,8,23,0
night,planner,random,10843,4,1,4,11,22,13,24,8,8,24,0
night,planner,random,10844,0,1,2,22,22,3,3,0,3,20,0
night,planner,random,10844,1,1,2,14,22,7,6,0,4,21,0
night,planner,random,10844,2,1,3,10,22,14,9,0,6,22,0
night,planner,random,10844,3,1,4,19,22,9,26,0,8,23,0
night,planner,random,10844,4,1,5,11,22,6,32,0,9,24,0
night,planner,random,10845,0,1,2,22,22,3,3,0,3,20,0
night,planner,random,10845,1,1,2,19,22,4,8,0,4,21,0
night,planner,random,10845,2,1,3,22,22,7,15,0,6,22,0
night,planner,random,10845,3,1,4,22,22,7,27,0,8,23,0
night,planner,random,10845,4,1,4,22,22,11,31,6,8,24,0
night,planner,random,10846,0,1,2,22,22,3,3,0,3,20,0
night,planner,random,10846,1,1,2,13,22,7,5,0,4,21,0
night,planner,random,10846,2,1,3,19,22,10,15,0,6,22,0
night,planner,random,10846,3,1,4,22,22,6,28,0,8,23,0
night,planner,random,10846,4,1,5,10,22,6,30,0,9,24,0
night,planner,random,10847,0,1,2,19,22,3,4,0,3,20,0
night,planner,random,10847,1,1,2,19,22,4,8,0,4,21,0
night,planner,random,10847,2,1,3,15,22,9,10,0,6,22,0
night,planner,random,10847,3,1,4,11,22,11,20,4,8,23,0
night,planner,random,10847,4,1,4,18,22,10,33,6,8,24,0
night,planner,random,10848,0,1,2,22,22,0,0,0,3,20,0
night,planner,random,10848,1,1,2,19,22,4,8,0,4,21,0
night,planner,random,10848,2,1,3,22,22,7,15,0,6,22,0
night,planner,random,10848,3,1,4,15,22,10,23,0,8,23,0
night,planner,random,10848,4,1,4,12,22,11,28,4,8,24,0
night,planner,random,10849,0,1,2,18,22,6,2,0,3,20,0
night,planner,random,10849,1,1,2,12,22,7,4,0,4,21,0
night,planner,random,10849,2,1,3,7,22,13,6,0,6,22,0
night,planner,random,10849,3,1,4,22,22,7,27,0,8,23,0
night,planner,random,10849,4,1,5,22,22,6,40,4,10,24,0
night,planner,random,10850,0,1,2,22,22,3,3,0,3,20,0
night,planner,random,10850,1,1,2,12,22,7,4,0,4,21,0
night,planner,random,10850,2,1,3,22,22,7,15,0,6,22,0
night,planner,random,10850,3,1,4,22,22,7,27,0,8,23,0
night,planner,random,10850,4,1,4,22,22,7,32,10,8,24,0
night,planner,random,10851,0,1,2,22,22,3,3,0,3,20,0
night,planner,random,10851,1,1,2,12,22,7,4,0,4,21,0
night,planner,random,10851,2,1,3,5,22,8,7,0,6,22,0
night,planner,random,10851,3,1,4,20,22,9,27,4,8,23,0
night,planner,random,10851,4,1,5,22,22,9,44,6,10,24,0
night,planner,random,10852,0,1,2,22,22,3,3,0,3,20,0
night,planner,random,10852,1,1,2,13,22,7,5,0,4,21,0
night,planner,random,10852,2,1,3,18,22,10,14,0,6,22,0
night,planner,random,10852,3,1,5,21,22,6,37,0,10,23,0
night,planner,random,10852,4,1,5,12,22,6,30,0,10,24,0
night,planner,random,10853,0,1,2,22,22,3,3,0,3,20,0
night,planner,random,10853,1,1,2,9,22,6,0,0,4,21,0
night,planner,random,10853,2,1,3,15,22,11,12,0,6,22,0
night,planner,random,10853,3,1,3,7,22,10,13,0,6,23,0
night,planner,random,10853,4,1,4,22,22,8,31,6,8,24,0
night,planner,random,10854,0,1,2,20,22,0,2,0,3,20,0
night,planner,random,10854,1,1,2,12,22,7,4,0,4,21,0
night,planner,random,10854,2,1,4,19,22,4,17,0,7,22,0
night,planner,random,10854,3,1,4,22,22,4,24,0,8,23,0
night,planner,random,10854,4,1,5,22,22,6,44,4,9,24,0
night,planner,random,10855,0,1,2,19,22,3,4,0,3,20,0
night,planner,random,10855,1,1,2,19,22,4,8,0,4,21,0
night,planner,random,10855,2,1,3,21,22,8,15,0,6,22,0
night,planner,random,10855,3,1,4,17,22,7,18,0,8,23,0
night,planner,random,10855,4,1,4,8,22,10,26,0,7,24,0
night,planner,random,10856,0,1,2,22,22,0,0,0,4,20,0
night,planner,random,10856,1,1,2,12,22,7,4,0,4,21,0
night,planner,random,10856,2,1,3,15,22,11,12,0,6,22,0
night,planner,random,10856,3,1,4,22,22,6,22,0,8,23,0
night,planner,random,10856,4,1,4,12,22,11,23,0,7,24,0
night,planner,random,10857,0,1,2,22,22,3,3,0,3,20,0
night,planner,random,10857,1,1,2,19,22,4,8,0,4,21,0
night,planner,random,10857,2,1,3,16,22,12,14,0,6,22,0
night,planner,random,10857,3,1,4,22,22,6,26,0,8,23,0
night,planner,random,10857,4,1,5,8,22,9,29,0,10,24,0
night,planner,random,10858,0,1,2,22,22,3,3,0,3,20,0
night,planner,random,10858,1,1,2,12,22,7,4,0,4,21,0
night,planner,random,10858,2,0,2,0,22,10,3,0,4,22,0
night,planner,random,10858,3,1,4,22,22,4,24,0,8,23,0
night,planner,random,10858,4,0,2,0,22,6,0,0,4,24,0
night,planner,random,10859,0,1,2,22,22,3,3,0,3,20,0
night,planner,random,10859,1,1,2,8,22,10,3,0,4,21,0
night,planner,random,10859,2,1,3,18,22,11,9,0,6,22,0
night,planner,random,10859,3,1,4,19,22,7,22,0,8,23,0
night,planner,random,10859,4,1,4,11,22,12,18,6,8,24,0
night,planner,random,10860,0,1,2,22,22,3,3,0,3,20,0
night,planner,random,10860,1,1,2,12,22,7,4,0,4,21,0
night,planner,random,10860,2,1,3,18,22,10,14,0,6,22,0
night,planner,random,10860,3,1,4,22,22,4,28,0,8,23,0
night,planner,random,10860,4,1,4,18,22,12,31,6,8,24,0
night,planner,random,10861,0,1,2,22,22,3,3,0,3,20,0
night,planner,random,10861,1,1,2,19,22,4,8,0,4,21,0
night,planner,random,10861,2,1,3,16,22,10,12,0,6,22,0
night,planner,random,10861,3,1,3,19,22,4,21,0,6,23,0
night,planner,random,10861,4,1,6,11,22,9,43,0,11,24,0
night,planner,random,10862,0,1,2,19,22,6,3,0,3,20,0
night,planner,random,10862,1,1,2,16,22,3,4,0,4,21,0
night,planner,random,10862,2,1,4,22,22,7,23,0,8,22,0
night,planner,random,10862,3,1,4,19,22,7,24,0,8,23,0
night,planner,random,10862,4,0,3,0,22,9,9,0,5,24,0
night,planner,random,10863,0,1,2,22,22,3,3,0,4,20,0
night,planner,random,10863,1,1,2,12,22,7,4,0,4,21,0
night,planner,random,10863,2,1,3,22,22,7,14,0,6,22,0
night,planner,random,10863,3,1,4,15,22,6,15,0,8,23,0
night,planner,random,10863,4,1,5,17,22,8,37,0,9,24,0
night,planner,random,10864,0,1,2,22,22,0,0,0,3,20,0
night,planner,random,10864,1,1,2,13,22,7,5,0,4,21,0
night,planner,random,10864,2,1,3,22,22,7,15,0,6,22,0
night,planner,random,10864,3,1,4,17,22,10,25,0,8,23,0
night,planner,random,10864,4,1,4,8,22,12,25,10,8,24,0
night,planner,random,10865,0,1,2,22,22,3,3,0,3,20,0
night,planner,random,10865,1,1,2,15,22,6,6,0,4,21,0
night,planner,random,10865,2,1,4,13,22,8,15,0,7,22,0
night,planner,random,10865,3,1,4,22,22,7,25,0,8,23,0
night,planner,random,10865,4,1,4,7,22,7,26,0,7,24,0
night,planner,random,10866,0,1,2,22,22,0,0,0,4,20,0
night,planner,random,10866,1,1,2,14,22,7,6,0,4,21,0
night,planner,random,10866,2,1,4,19,22,7,20,0,7,22,0
night,planner,random,10866,3,1,4,17,22,6,21,0,8,23,0
night,planner,random,10866,4,1,4,15,22,5,32,8,7,24,0
night,planner,random,10867,0,1,2,21,22,0,3,0,3,20,0
night,planner,random,10867,1,1,2,13,22,7,4,0,4,21,0
night,planner,random,10867,2,1,3,18,22,10,14,0,6,22,0
night,planner,random,10867,3,1,5,7,22,6,23,0,9,23,0
night,planner,random,10867,4,1,5,16,22,4,34,0,8,24,0
night,planner,random,10868,0,1,2,21,22,3,4,0,3,20,0
night,planner,random,10868,1,1,2,13,22,7,5,0,4,21,0
night,planner,random,10868,2,1,3,21,22,7,14,0,6,22,0
night,planner,random,10868,3,1,4,22,22,7,25,0,8,23,0
night,planner,random,10868,4,1,4,10,22,6,28,0,7,24,0
night,planner,random,10869,0,1,2,22,22,0,0,0,4,20,0
night,planner,random,10869,1,1,2,14,22,7,6,0,4,21,0
night,planner,random,10869,2,1,3,19,22,10,15,0,6,22,0
night,planner,random,10869,3,1,4,10,22,12,22,0,8,23,0
night,planner,random,10869,4,1,5,10,22,6,30,0,10,24,0
night,planner,random,10870,0,1,2,22,22,3,3,0,4,20,0
night,planner,random,10870,1,1,2,14,22,7,6,0,4,21,0
night,planner,random,10870,2,1,4,4,22,10,8,0,7,22,0
night,planner,random,10870,3,1,4,17,22,7,22,0,8,23,0
night,planner,random,10870,4,1,4,20,22,12,33,6,8,24,0
night,planner,random,10871,0,1,2,22,22,0,0,0,4,20,0
night,planner,random,10871,1,1,2,19,22,4,8,0,4,21,0
night,planner,random,10871,2,1,3,9,22,9,12,0,6,22,0
night,planner,random,10871,3,1,5,18,22,7,33,0,10,23,0
night,planner,random,10871,4,1,4,13,22,12,28,6,8,24,0
night,planner,random,10872,0,1,2,20,22,0,2,0,3,20,0
night,planner,random,10872,1,1,2,12,22,7,4,0,4,21,0
night,planner,random,10872,2,1,3,22,22,6,14,0,6,22,0
night,planner,random,10872,3,1,4,22,22,6,24,0,8,23,0
night,planner,random,10872,4,1,4,15,22,13,27,10,8,24,0
night,planner,random,10873,0,1,2,20,22,0,2,0,3,20,0
night,planner,random,10873,1,1,2,12,22,7,4,0,4,21,0
night,planner,random,10873,2,1,4,18,22,6,18,0,8,22,0
night,planner,random,10873,3,1,4,20,22,7,25,0,8,23,0
night,planner,random,10873,4,1,5,22,22,9,43,6,10,24,0
night,planner,random,10874,0,1,2,20,22,3,5,0,3,20,0
night,planner,random,10874,1,1,2,9,22,6,0,0,4,21,0
night,planner,random,10874,2,1,3,7,22,11,12,0,6,22,0
night,planner,random,10874,3,1,4,22,22,3,21,0,8,23,0
night,planner,random,10874,4,1,5,13,22,8,36,4,9,24,0
night,planner,random,10875,0,1,2,22,22,3,3,0,3,20,0
night,planner,random,10875,1,1,2,20,22,4,8,0,4,21,0
night,planner,random,10875,2,1,4,11,22,10,15,0,7,22,0
night,planner,random,10875,3,1,4,17,22,6,17,0,8,23,0
night,planner,random,10875,4,1,4,22,22,8,30,6,8,24,0
night,planner,random,10876,0,1,2,19,22,3,4,0,3,20,0
night,planner,random,10876,1,1,2,13,22,7,5,0,4,21,0
night,planner,random,10876,2,1,4,7,22,11,12,0,7,22,0
night,planner,random,10876,3,1,4,20,22,6,24,0,8,23,0
night,planner,random,10876,4,1,4,18,22,10,28,6,8,24,0
night,planner,random,10877,0,1,2,22,22,3,3,0,4,20,0
night,planner,random,10877,1,1,2,20,22,4,8,0,4,21,0
night,planner,random,10877,2,1,3,18,22,10,14,0,6,22,0
night,planner,random,10877,3,1,4,7,22,13,18,0,8,23,0
night,planner,random,10877,4,1,5,20,22,7,42,10,10,24,0
night,planner,random,10878,0,1,2,19,22,3,4,0,3,20,0
night,planner,random,10878,1,1,2,19,22,4,8,0,4,21,0
night,planner,random,10878,2,1,4,7,22,11,12,0,7,22,0
night,planner,random,10878,3,1,4,10,22,6,14,0,8,23,0
night,planner,random,10878,4,1,5,14,22,8,31,4,8,24,0
night,planner,random,10879,0,1,2,22,22,3,3,0,3,20,0
night,planner,random,10879,1,1,2,12,22,7,4,0,4,21,0
night,planner,random,10879,2,1,3,21,22,8,15,0,6,22,0
night,planner,random,10879,3,1,4,13,22,10,23,0,8,23,0
night,planner,random,10879,4,1,4,22,22,8,28,6,8,24,0
night,planner,random,10880,0,1,2,20,22,0,2,0,3,20,0
night,planner,random,10880,1,1,2,12,22,7,4,0,4,21,0
night,planner,random,10880,2,1,3,19,22,9,14,0,6,22,0
night,planner,random,10880,3,1,4,14,22,9,21,0,8,23,0
night,planner,random,10880,4,1,4,7,22,15,19,6,8,24,0
night,planner,random,10881,0,1,2,22,22,0,0,0,4,20,0
night,planner,random,10881,1,1,2,19,22,4,8,0,4,21,0
night,planner,random,10881,2,1,4,21,22,4,19,0,7,22,0
night,planner,random,10881,3,1,4,15,22,10,23,0,8,23,0
night,planner,random,10881,4,1,4,5,22,13,28,6,8,24,0
night,planner,random,10882,0,1,2,19,22,3,4,0,3,20,0
night,planner,random,10882,1,1,2,12,22,7,4,0,4,21,0
night,planner,random,10882,2,1,4,17,22,7,18,0,7,22,0
night,planner,random,10882,3,1,4,17,22,10,25,0,8,23,0
night,planner,random,10882,4,1,4,22,22,8,29,6,8,24,0
night,planner,random,10883,0,1,2,22,22,0,0,0,4,20,0
night,planner,random,10883,1,1,2,8,22,10,3,0,4,21,0
night,planner,random,10883,2,0,2,0,22,10,2,0,4,22,0
night,planner,random,10883,3,1,4,22,22,7,29,0,8,23,0
night,planner,random,10883,4,1,5,18,22,11,39,6,10,24,0
night,planner,random,10884,0,1,2,22,22,3,3,0,4,20,0
night,planner,random,10884,1,1,2,12,22,7,4,0,4,21,0
night,planner,random,10884,2,1,4,13,22,8,15,0,7,22,0
night,planner,random,10884,3,1,4,12,22,11,19,4,8,23,0
night,planner,random,10884,4,1,4,21,22,9,33,8,8,24,0
night,planner,random,10885,0,1,2,22,22,0,0,0,4,20,0
night,planner,random,10885,1,1,2,14,22,7,6,0,4,21,0
night,planner,random,10885,2,1,3,18,22,10,14,0,6,22,0
night,planner,random,10885,3,1,4,22,22,4,28,0,8,23,0
night,planner,random,10885,4,1,4,5,22,11,21,0,8,24,0
night,planner,random,10886,0,1,2,22,22,3,3,0,4,20,0
night,planner,random,10886,1,1,2,19,22,4,8,0,4,21,0
night,planner,random,10886,2,1,4,13,22,8,15,0,7,22,0
night,planner,random,10886,3,1,4,22,22,4,26,0,8,23,0
night,planner,random,10886,4,1,4,22,22,8,30,6,8,24,0
night,planner,random,10887,0,1,2,22,22,3,3,0,3,20,0
night,planner,random,10887,1,1,2,18,22,7,5,0,4,21,0
night,planner,random,10887,2,1,3,22,22,7,15,0,6,22,0
night,planner,random,10887,3,1,4,22,22,7,27,0,8,23,0
night,planner,random,10887,4,0,3,0,22,10,16,0,6,24,0
night,planner,random,10888,0,1,2,22,22,0,0,0,3,20,0
night,planner,random,10888,1,1,2,19,22,4,8,0,4,21,0
night,planner,random,10888,2,1,3,21,22,10,17,0,6,22,0
night,planner,random,10888,3,1,4,11,22,9,14,0,8,23,0
night,planner,random,10888,4,1,5,16,22,11,41,6,10,24,0
night,planner,random,10889,0,1,2,22,22,3,3,0,4,20,0
night,planner,random,10889,1,1,2,14,22,7,6,0,4,21,0
night,planner,random,10889,2,1,3,15,22,11,12,0,6,22,0
night,planner,random,10889,3,1,4,20,22,6,28,0,8,23,0
night,planner,random,10889,4,1,4,7,22,14,17,4,8,24,0
night,planner,random,10890,0,1,2,20,22,0,0,0,3,20,0
night,planner,random,10890,1,1,2,19,22,4,8,0,4,21,0
night,planner,random,10890,2,1,3,15,22,11,12,0,6,22,0
night,planner,random,10890,3,1,4,18,22,7,23,0,7,23,0
night,planner,random,10890,4,0,3,0,22,3,14,0,5,24,0
night,planner,random,10891,0,1,2,22,22,3,3,0,3,20,0
night,planner,random,10891,1,1,2,19,22,4,8,0,4,21,0
night,planner,random,10891,2,1,3,22,22,7,15,0,6,22,0
night,planner,random,10891,3,1,4,19,22,3,18,0,8,23,0
night,planner,random,10891,4,1,5,20,22,8,42,6,10,24,0
night,planner,random,10892,0,1,2,22,22,3,3,0,3,20,0
night,planner,random,10892,1,1,2,19,22,4,8,0,4,21,0
night,planner,random,10892,2,1,4,15,22,10,19,0,8,22,0
night,planner,random,10892,3,1,3,5,22,11,12,0,6,23,0
night,planner,random,10892,4,1,5,15,22,11,37,6,10,24,0
night,planner,random,10893,0,1,2,21,22,3,4,0,3,20,0
night,planner,random,10893,1,1,2,12,22,7,4,0,4,21,0
night,planner,random,10893,2,1,4,17,22,7,18,0,7,22,0
night,planner,random,10893,3,1,4,10,22,10,18,0,8,23,0
night,planner,random,10893,4,1,4,22,22,9,33,6,8,24,0
night,planner,random,10894,0,1,2,22,22,3,3,0,3,20,0
night,planner,random,10894,1,1,2,12,22,7,4,0,4,21,0
night,planner,random,10894,2,1,4,17,22,7,18,0,7,22,0
night,planner,random,10894,3,1,4,8,22,12,16,0,8,23,0
night,planner,random,10894,4,1,4,9,22,14,18,6,8,24,0
night,planner,random,10895,0,1,2,18,22,6,2,0,3,20,0
night,planner,random,10895,1,1,2,19,22,4,8,0,4,21,0
night,planner,random,10895,2,1,3,18,22,10,14,0,6,22,0
night,planner,random,10895,3,1,4,17,22,6,21,0,8,23,0
night,planner,random,10895,4,1,4,8,22,12,25,6,8,24,0
night,planner,random,10896,0,1,2,19,22,3,4,0,3,20,0
night,planner,random,10896,1,1,2,8,22,10,3,0,4,21,0
night,planner,random,10896,2,1,4,17,22,7,18,0,7,22,0
night,planner,random,10896,3,1,4,17,22,7,20,0,8,23,0
night,planner,random,10896,4,1,5,21,22,5,40,8,10,24,0
night,planner,random,10897,0,1,2,22,22,3,3,0,4,20,0
night,planner,random,10897,1,1,2,19,22,4,8,0,4,21,0
night,planner,random,10897,2,1,3,12,22,11,9,0,6,22,0
night,planner,random,10897,3,1,4,16,22,10,26,0,8,23,0
night,planner,random,10897,4,0,3,0,22,10,22,12,6,24,0
night,planner,random,10898,0,1,2,19,22,3,4,0,3,20,0
night,planner,random,10898,1,1,2,12,22,7,4,0,4,21,0
night,planner,random,10898,2,1,3,15,22,11,12,0,6,22,0
night,planner,random,10898,3,1,4,22,22,7,27,0,8,23,0
night,planner,random,10898,4,1,4,10,22,11,31,6,8,24,0
night,planner,random,10899,0,1,2,19,22,3,4,0,3,20,0
night,planner,random,10899,1,1,2,12,22,7,4,0,4,21,0
night,planner,random,10899,2,1,3,22,22,7,15,0,6,22,0
night,planner,random,10899,3,1,4,13,22,7,18,0,7,23,0
night,planner,random,10899,4,1,5,20,22,8,44,6,10,24,0
night,planner,random,10900,0,1,2,20,22,3,5,0,3,20,0
night,planner,random,10900,1,1,2,12,22,7,4,0,4,21,0
night,planner,random,10900,2,1,3,17,22,6,17,0,6,22,0
night,planner,random,10900,3,1,4,19,22,7,26,0,8,23,0
night,planner,random,10900,4,1,4,19,22,7,35,6,8,24,0
night,planner,random,10901,0,1,2,22,22,0,0,0,3,20,0
night,planner,random,10901,1,1,2,19,22,4,8,0,4,21,0
night,planner,random,10901,2,1,3,18,22,8,12,0,6,22,0
night,planner,random,10901,3,1,4,22,22,3,23,0,8,23,0
night,planner,random,10901,4,1,4,18,22,12,33,6,8,24,0
night,planner,random,10902,0,1,2,22,22,0,0,0,4,20,0
night,planner,random,10902,1,1,2,19,22,7,6,0,4,21,0
night,planner,random,10902,2,1,3,21,22,8,15,0,6,22,0
night,planner,random,10902,3,1,5,10,22,7,27,0,9,23,0
night,planner,random,10902,4,1,4,17,22,10,30,12,7,24,0
night,planner,random,10903,0,1,2,22,22,3,3,0,3,20,0
night,planner,random,10903,1,1,2,9,22,10,4,4,4,21,0
night,planner,random,10903,2,1,3,18,22,10,14,0,6,22,0
night,planner,random,10903,3,1,4,16,22,7,27,0,8,23,0
night,planner,random,10903,4,1,5,9,22,11,36,6,9,24,0
night,planner,random,10904,0,1,2,22,22,0,0,0,3,20,0
night,planner,random,10904,1,1,2,19,22,4,8,0,4,21,0
night,planner,random,10904,2,1,4,21,22,3,18,0,7,22,0
night,planner,random,10904,3,1,4,17,22,8,23,0,8,23,0
night,planner,random,10904,4,1,5,22,22,7,40,10,10,24,0
night,planner,random,10905,0,1,2,22,22,3,3,0,3,20,0
night,planner,random,10905,1,1,2,8,22,7,0,0,4,21,0
night,planner,random,10905,2,1,3,4,22,10,8,0,5,22,0
night,planner,random,10905,3,1,4,15,22,10,23,0,8,23,0
night,planner,random,10905,4,1,5,17,22,8,42,6,10,24,0
night,planner,random,10906,0,1,2,22,22,0,0,0,3,20,0
night,planner,random,10906,1,1,2,13,22,7,5,0,4,21,0
night,planner,random,10906,2,1,4,10,22,6,10,0,7,22,0
night,planner,random,10906,3,1,4,22,22,7,29,0,8,23,0
night,planner,random,10906,4,1,4,9,22,11,21,0,7,24,0
night,planner,random,10907,0,1,2,19,22,3,4,0,3,20,0
night,planner,random,10907,1,1,2,19,22,4,8,0,4,21,0
night,planner,random,10907,2,1,4,11,22,10,15,0,7,22,0
night,planner,random,10907,3,1,4,8,22,10,16,0,8,23,0
night,planner,random,10907,4,1,4,22,22,8,33,6,8,24,0
night,planner,random,10908,0,1,2,19,22,3,4,0,3,20,0
night,planner,random,10908,1,1,2,12,22,7,4,0,4,21,0
night,planner,random,10908,2,1,4,18,22,4,16,0,7,22,0
night,planner,random,10908,3,1,4,19,22,7,26,0,8,23,0
night,planner,random,10908,4,1,4,10,22,11,34,6,8,24,0
night,planner,random,10909,0,1,2,22,22,0,2,0,3,20,0
night,planner,random,10909,1,1,2,19,22,4,8,0,4,21,0
night,planner,random,10909,2,1,3,18,22,10,14,0,6,22,0
night,planner,random,10909,3,0,3,0,22,10,8,0,6,23,0
night,planner,random,10909,4,1,4,8,22,10,14,0,7,24,0
night,planner,random,10910,0,1,2,22,22,0,2,0,3,20,0
night,planner,random,10910,1,1,2,13,22,7,5,0,4,21,0
night,planner,random,10910,2,1,4,20,22,8,22,0,8,22,0
night,planner,random,10910,3,1,4,15,22,4,17,0,8,23,0
night,planner,random,10910,4,1,4,19,22,11,28,6,8,24,0
night,planner,random,10911,0,1,2,22,22,3,3,0,3,20,0
night,planner,random,10911,1,1,2,17,22,7,4,0,4,21,0
night,planner,random,10911,2,1,4,4,22,10,8,0,7,22,0
night,planner,random,10911,3,1,4,21,22,7,26,0,8,23,0
night,planner,random,10911,4,0,3,0,22,8,17,4,6,24,0
night,planner,random,10912,0,1,2,22,22,3,3,0,3,20,0
night,planner,random,10912,1,1,2,14,22,7,6,0,4,21,0
night,planner,random,10912,2,1,3,15,22,11,12,0,6,22,0
night,planner,random,10912,3,1,4,22,22,4,22,0,8,23,0
night,planner,random,10912,4,1,4,22,22,11,30,6,8,24,0
night,planner,random,10913,0,1,2,22,22,0,0,0,3,20,0
night,planner,random,10913,1,1,2,19,22,4,8,0,4,21,0
night,planner,random,10913,2,1,3,17,22,7,18,0,6,22,0
night,planner,random,10913,3,1,4,14,22,4,16,0,8,23,0
night,planner,random,10913,4,1,4,19,22,9,31,6,8,24,0
night,planner,random,10914,0,1,2,22,22,3,3,0,3,20,0
night,planner,random,10914,1,1,2,12,22,7,4,0,4,21,0
night,planner,random,10914,2,1,4,10,22,10,14,0,7,22,0
night,planner,random,10914,3,1,4,19,22,7,22,0,8,23,0
night,planner,random,10914,4,1,5,20,22,3,39,0,8,24,0
night,planner,random,10915,0,1,2,21,22,3,4,0,3,20,0
night,planner,random,10915,1,1,2,15,22,6,6,0,4,21,0
night,planner,random,10915,2,1,4,13,22,8,15,0,7,22,0
night,planner,random,10915,3,1,4,22,22,7,23,0,8,23,0
night,planner,random,10915,4,1,5,20,22,9,40,6,10,24,0
night,planner,random,10916,0,1,2,22,22,3,3,0,4,20,0
night,planner,random,10916,1,1,2,13,22,7,5,0,4,21,0
night,planner,random,10916,2,1,4,12,22,7,13,0,7,22,0
night,planner,random,10916,3,1,5,10,22,10,32,0,10,23,0
night,planner,random,10916,4,1,5,12,22,13,41,12,10,24,0
night,planner,random,10917,0,1,2,21,22,0,3,0,4,20,0
night,planner,random,10917,1,1,2,14,22,7,6,0,4,21,0
night,planner,random,10917,2,1,3,18,22,8,12,0,6,22,0
night,planner,random,10917,3,1,4,22,22,4,24,0,8,23,0
night,planner,random,10917,4,1,4,22,22,8,35,6,8,24,0
night,planner,random,10918,0,1,2,22,22,0,0,0,3,20,0
night,planner,random,10918,1,1,2,19,22,4,8,0,4,21,0
night,planner,random,10918,2,1,4,14,22,8,16,0,7,22,0
night,planner,random,10918,3,1,4,15,22,10,23,0,8,23,0
night,planner,random,10918,4,1,5,16,22,6,38,0,9,24,0
night,planner,random,10919,0,1,2,22,22,3,3,0,3,20,0
night,planner,random,10919,1,1,2,15,22,6,6,0,4,21,0
night,planner,random,10919,2,1,3,15,22,11,12,0,6,22,0
night,planner,random,10919,3,1,4,9,22,13,22,0,8,23,0
night,planner,random,10919,4,0,4,0,22,10,21,0,7,24,0
night,planner,random,10920,0,1,2,19,22,6,3,0,3,20,0
night,planner,random,10920,1,1,2,19,22,4,8,0,4,21,0
night,planner,random,10920,2,1,3,9,22,14,9,0,6,22,0
night,planner,random,10920,3,1,4,17,22,7,24,0,8,23,0
night,planner,random,10920,4,1,5,22,22,5,39,4,9,24,0
night,planner,random,10921,0,1,2,22,22,0,0,0,4,20,0
night,planner,random,10921,1,1,2,19,22,4,8,0,4,21,0
night,planner,random,10921,2,1,3,15,22,11,12,0,6,22,0
night,planner,random,10921,3,0,3,0,22,6,8,0,6,23,0
night,planner,random,10921,4,1,4,20,22,8,40,6,8,24,0
night,planner,random,10922,0,1,2,22,22,0,0,0,3,20,0
night,planner,random,10922,1,1,2,13,22,7,5,0,4,21,0
night,planner,random,10922,2,1,3,15,22,11,12,0,6,22,0
night,planner,random,10922,3,1,4,13,22,10,23,0,8,23,0
night,planner,random,10922,4,1,4,20,22,5,35,6,8,24,0
night,planner,random,10923,0,1,2,19,22,3,4,0,3,20,0
night,planner,random,10923,1,1,2,22,22,4,6,0,4,21,0
night,planner,random,10923,2,1,3,15,22,11,12,0,6,22,0
night,planner,random,10923,3,1,4,17,22,7,18,0,8,23,0
night,planner,random,10923,4,1,4,4,22,14,21,6,8,24,0
night,planner,random,10924,0,1,2,18,22,6,2,0,3,20,0
night,planner,random,10924,1,1,2,9,22,6,0,0,4,21,0
night,planner,random,10924,2,1,3,15,22,11,12,0,6,22,0
night,planner,random,10924,3,1,4,15,22,10,23,0,8,23,0
night,planner,random,10924,4,1,5,18,22,9,43,6,10,24,0
night,planner,random,10925,0,1,2,22,22,3,3,0,3,20,0
night,planner,random,10925,1,1,2,14,22,7,6,0,4,21,0
night,planner,random,10925,2,1,4,10,22,7,11,0,7,22,0
night,planner,random,10925,3,0,4,0,22,10,18,0,8,23,0
night,planner,random,10925,4,1,4,19,22,15,29,16,8,24,0
night,planner,random,10926,0,1,2,22,22,3,3,0,4,20,0
night,planner,random,10926,1,1,2,19,22,4,8,0,4,21,0
night,planner,random,10926,2,1,3,15,22,11,12,0,6,22,0
night,planner,random,10926,3,1,4,22,22,4,24,0,8,23,0
night,planner,random,10926,4,1,5,18,22,5,33,0,8,24,0
night,planner,random,10927,0,1,2,22,22,3,3,0,3,20,0
night,planner,random,10927,1,1,2,14,22,7,6,0,4,21,0
night,planner,random,10927,2,1,3,20,22,7,13,0,6,22,0
night,planner,random,10927,3,1,4,18,22,10,22,0,8,23,0
night,planner,random,10927,4,1,5,21,22,8,38,6,9,24,0
night,planner,random,10928,0,1,2,22,22,3,3,0,4,20,0
night,planner,random,10928,1,1,2,19,22,4,8,0,4,21,0
night,planner,random,10928,2,1,3,18,22,10,14,0,6,22,0
night,planner,random,10928,3,1,4,22,22,7,25,0,8,23,0
night,planner,random,10928,4,1,5,18,22,6,38,0,9,24,0
night,planner,random,10929,0,1,2,20,22,0,2,0,3,20,0
night,planner,random,10929,1,1,2,19,22,4,8,0,4,21,0
night,planner,random,10929,2,1,3,21,22,8,15,0,6,22,0
night,planner,random,10929,3,1,4,21,22,7,26,0,8,23,0
night,planner,random,10929,4,1,4,21,22,12,34,6,8,24,0
night,planner,random,10930,0,1,2,20,22,0,2,0,3,20,0
night,planner,random,10930,1,1,2,12,22,7,4,0,4,21,0
night,planner,random,10930,2,1,4,14,22,8,16,0,7,22,0
night,planner,random,10930,3,1,4,22,22,4,20,0,8,23,0
night,planner,random,10930,4,1,4,20,22,12,35,6,8,24,0
night,planner,random,10931,0,1,2,20,22,0,2,0,3,20,0
night,planner,random,10931,1,1,2,12,22,7,4,0,4,21,0
night,planner,random,10931,2,1,3,15,22,11,12,0,6,22,0
night,planner,random,10931,3,1,4,13,22,10,19,0,8,23,0
night,planner,random,10931,4,0,4,0,22,12,25,4,8,24,0
night,planner,random,10932,0,1,2,22,22,3,3,0,3,20,0
night,planner,random,10932,1,1,2,15,22,6,6,0,4,21,0
night,planner,random,10932,2,1,3,22,22,7,15,0,6,22,0
night,planner,random,10932,3,1,5,11,22,11,28,0,9,23,0
night,planner,random,10932,4,1,4,7,22,14,19,0,8,24,0
night,planner,random,10933,0,1,2,22,22,3,3,0,3,20,0
night,planner,random,10933,1,1,2,13,22,7,5,0,4,21,0
night,planner,random,10933,2,1,3,21,22,8,15,0,6,22,0
night,planner,random,10933,3,1,4,17,22,7,18,0,8,23,0
night,planner,random,10933,4,1,4,10,22,13,27,6,8,24,0
night,planner,random,10934,0,1,2,22,22,3,3,0,3,20,0
night,planner,random,10934,1,1,2,9,22,6,0,0,4,21,0
night,planner,random,10934,2,1,3,21,22,9,16,0,6,22,0
night,planner,random,10934,3,1,4,16,22,10,26,0,8,23,0
night,planner,random,10934,4,1,4,4,22,14,13,4,8,24,0
night,planner,random,10935,0,1,2,22,22,3,3,0,4,20,0
night,planner,random,10935,1,1,2,15,22,6,6,0,4,21,0
night,planner,random,10935,2,1,3,19,22,10,15,0,6,22,0
night,planner,random,10935,3,1,4,22,22,7,27,0,8,23,0
night,planner,random,10935,4,1,5,22,22,8,41,6,10,24,0
night,planner,random,10936,0,1,2,19,22,3,4,0,3,20,0
night,planner,random,10936,1,1,2,19,22,4,8,0,4,21,0
night,planner,random,10936,2,1,4,14,22,8,16,0,7,22,0
night,planner,random,10936,3,1,4,10,22,6,14,0,8,23,0
night,planner,random,10936,4,1,4,20,22,8,37,6,8,24,0
night,planner,random,10937,0,1,2,22,22,3,3,0,3,20,0
night,planner,random,10937,1,1,2,19,22,4,8,0,4,21,0
night,planner,random,10937,2,1,3,15,22,11,12,0,6,22,0
night,planner,random,10937,3,1,4,17,22,7,20,0,8,23,0
night,planner,random,10937,4,1,4,22,22,9,29,10,8,24,0
night,planner,random,10938,0,1,2,18,22,0,0,0,3,20,0
night,planner,random,10938,1,1,2,15,22,6,6,0,4,21,0
night,planner,random,10938,2,1,3,15,22,11,12,0,6,22,0
night,planner,random,10938,3,1,4,20,22,6,24,0,8,23,0
night,planner,random,10938,4,0,4,0,22,6,26,0,8,24,0
night,planner,random,10939,0,1,2,22,22,3,3,0,3,20,0
night,planner,random,10939,1,1,2,19,22,4,8,0,4,21,0
night,planner,random,10939,2,1,3,15,22,11,12,0,6,22,0
night,planner,random,10939,3,1,4,10,22,9,17,0,8,23,0
night,planner,random,10939,4,1,5,15,22,3,30,0,8,24,0
night,planner,random,10940,0,1,2,19,22,3,4,0,3,20,0
night,planner,random,10940,1,1,2,15,22,6,6,0,4,21,0
night,planner,random,10940,2,1,3,17,22,7,18,0,6,22,0
night,planner,random,10940,3,1,4,15,22,10,23,0,8,23,0
night,planner,random,10940,4,1,5,12,22,9,38,4,10,24,0
night,planner,random,10941,0,1,2,20,22,3,5,0,3,20,0
night,planner,random,10941,1,1,2,19,22,4,8,0,4,21,0
night,planner,random,10941,2,1,3,18,22,10,14,0,6,22,0
night,planner,random,10941,3,1,5,18,22,6,32,4,10,23,0
night,planner,random,10941,4,1,4,22,22,9,26,6,8,24,0
night,planner,random,10942,0,1,2,22,22,3,3,0,3,20,0
night,planner,random,10942,1,1,2,14,22,7,6,0,4,21,0
night,planner,random,10942,2,1,4,14,22,8,16,0,7,22,0
night,planner,random,10942,3,1,4,17,22,7,22,0,8,23,0
night,planner,random,10942,4,1,4,7,22,9,26,4,7,24,0
night,planner,random,10943,0,1,2,18,22,0,0,0,3,20,0
night,planner,random,10943,1,1,2,12,22,7,4,0,4,21,0
night,planner,random,10943,2,1,3,22,22,7,15,0,6,22,0
night,planner,random,10943,3,1,5,14,22,7,31,0,9,23,0
night,planner,random,10943,4,1,4,12,22,13,24,4,8,24,0
night,planner,random,10944,0,1,2,22,22,3,3,0,3,20,0
night,planner,random,10944,1,1,2,19,22,4,8,0,4,21,0
night,planner,random,10944,2,0,2,0,22,6,0,0,4,22,0
night,planner,random,10944,3,1,4,17,22,10,23,0,8,23,0
night,planner,random,10944,4,1,5,18,22,9,36,4,9,24,0
night,planner,random,10945,0,1,2,22,22,3,3,0,3,20,0
night,planner,random,10945,1,1,2,12,22,7,4,0,4,21,0
night,planner,random,10945,2,1,4,13,22,8,15,0,7,22,0
night,planner,random,10945,3,1,4,14,22,10,22,0,8,23,0
night,planner,random,10945,4,1,4,22,22,10,32,6,8,24,0
night,planner,random,10946,0,1,2,19,22,3,4,0,3,20,0
night,planner,random,10946,1,1,2,19,22,4,8,0,4,21,0
night,planner,random,10946,2,1,4,13,22,8,15,0,7,22,0
night,planner,random,10946,3,1,4,18,22,10,26,0,8,23,0
night,planner,random,10946,4,1,5,17,22,6,39,0,9,24,0
night,planner,random,10947,0,1,2,19,22,3,4,0,3,20,0
night,planner,random,10947,1,1,2,17,22,7,4,0,4,21,0
night,planner,random,10947,2,1,4,15,22,8,17,0,7,22,0
night,planner,random,10947,3,1,4,21,22,7,26,0,8,23,0
night,planner,random,10947,4,1,4,22,22,9,37,6,8,24,0
night,planner,random,10948,0,1,2,22,22,0,0,0,4,20,0
night,planner,random,10948,1,1,2,12,22,7,4,0,4,21,0
night,planner,random,10948,2,1,3,12,22,11,9,0,6,22,0
night,planner,random,10948,3,1,4,22,22,4,24,0,8,23,0
night,planner,random,10948,4,1,4,20,22,8,24,6,7,24,0
night,planner,random,10949,0,1,2,18,22,3,3,0,4,20,0
night,planner,random,10949,1,1,2,19,22,4,8,0,4,21,0
night,planner,random,10949,2,1,4,12,22,10,16,0,7,22,0
night,planner,random,10949,3,1,4,22,22,7,27,0,8,23,0
night,planner,random,10949,4,0,4,0,22,11,30,6,8,24,0
night,planner,random,10950,0,1,2,22,22,3,3,0,3,20,0
night,planner,random,10950,1,1,2,19,22,4,8,0,4,21,0
night,planner,random,10950,2,1,3,15,22,11,12,0,6,22,0
night,planner,random,10950,3,1,4,21,22,7,26,0,8,23,0
night,planner,random,10950,4,1,4,11,22,6,29,0,7,24,0
night,planner,random,10951,0,1,2,19,22,3,4,0,3,20,0
night,planner,random,10951,1,1,2,19,22,4,8,0,4,21,0
night,planner,random,10951,2,1,3,15,22,11,12,0,6,22,0
night,planner,random,10951,3,0,3,0,22,10,11,0,6,23,0
night,planner,random,10951,4,1,5,4,22,14,29,6,9,24,0
night,planner,random,10952,0,1,2,22,22,3,3,0,3,20,0
night,planner,random,10952,1,1,2,13,22,7,5,0,4,21,0
night,planner,random,10952,2,1,4,13,22,8,15,0,7,22,0
night,planner,random,10952,3,1,4,8,22,11,21,0,8,23,0
night,planner,random,10952,4,0,4,0,22,11,27,6,8,24,0
night,planner,random,10953,0,1,2,21,22,3,4,0,3,20,0
night,planner,random,10953,1,1,2,19,22,4,8,0,4,21,0
night,planner,random,10953,2,0,2,0,22,10,3,0,4,22,0
night,planner,random,10953,3,1,4,22,22,7,25,0,8,23,0
night,planner,random,10953,4,1,4,18,22,9,32,6,8,24,0
night,planner,random,10954,0,1,2,19,22,3,4,0,3,20,0
night,planner,random,10954,1,1,2,13,22,7,5,0,4,21,0
night,planner,random,10954,2,1,3,19,22,7,12,0,6,22,0
night,planner,random,10954,3,1,4,10,22,10,16,0,8,23,0
night,planner,random,10954,4,1,6,10,22,6,38,0,11,24,0
night,planner,random,10955,0,1,2,22,22,0,0,0,4,20,0
night,planner,random,10955,1,1,2,19,22,4,8,0,4,21,0
night,planner,random,10955,2,1,3,19,22,10,15,0,6,22,0
night,planner,random,10955,3,1,4,22,22,4,24,0,8,23,0
night,planner,random,10955,4,0,3,0,22,10,20,10,6,24,0
night,planner,random,10956,0,1,2,19,22,3,0,0,3,20,0
night,planner,random,10956,1,1,2,19,22,4,8,0,4,21,0
night,planner,random,10956,2,1,3,15,22,11,12,0,6,22,0
night,planner,random,10956,3,1,5,14,22,7,29,0,9,23,0
night,planner,random,10956,4,1,5,14,22,4,27,0,8,24,0
night,planner,random,10957,0,1,2,19,22,3,4,0,3,20,0
night,planner,random,10957,1,1,2,9,22,9,3,0,4,21,0
night,planner,random,10957,2,1,3,13,22,7,14,0,5,22,0
night,planner,random,10957,3,1,4,14,22,10,22,0,8,23,0
night,planner,random,10957,4,1,5,22,22,8,44,6,10,24,0
night,planner,random,10958,0,1,2,22,22,3,3,0,4,20,0
night,planner,random,10958,1,1,2,14,22,7,6,0,4,21,0
night,planner,random,10958,2,1,3,15,22,11,12,0,6,22,0
night,planner,random,10958,3,1,4,17,22,7,22,0,8,23,0
night,planner,random,10958,4,1,4,11,22,9,25,4,8,24,0
night,planner,random,10959,0,1,2,22,22,3,3,0,4,20,0
night,planner,random,10959,1,1,2,19,22,4,8,0,4,21,0
night,planner,random,10959,2,1,3,11,22,11,8,0,6,22,0
night,planner,random,10959,3,1,4,22,22,8,24,4,8,23,0
night,planner,random,10959,4,1,4,11,22,8,31,6,8,24,0
night,planner,random,10960,0,1,2,22,22,0,0,0,4,20,0
night,planner,random,10960,1,1,2,19,22,4,8,0,4,21,0
night,planner,random,10960,2,1,3,15,22,11,12,0,6,22,0
night,planner,random,10960,3,1,4,22,22,7,29,0,8,23,0
night,planner,random,10960,4,1,5,18,22,8,40,6,8,24,0
night,planner,random,10961,0,1,2,19,22,3,4,0,3,20,0
night,planner,random,10961,1,1,2,19,22,4,8,0,4,21,0
night,planner,random,10961,2,1,3,19,22,10,15,0,6,22,0
night,planner,random,10961,3,1,4,10,22,10,18,0,8,23,0
night,planner,random,10961,4,1,4,8,22,14,21,4,8,24,0
night,planner,random,10962,0,1,2,19,22,3,4,0,3,20,0
night,planner,random,10962,1,1,2,19,22,4,8,0,4,21,0
night,planner,random,10962,2,1,4,11,22,7,12,0,7,22,0
night,planner,random,10962,3,1,4,13,22,10,19,0,8,23,0
night,planner,random,10962,4,1,5,22,22,7,43,10,10,24,0
night,planner,random,10963,0,1,2,20,22,0,2,0,3,20,0
night,planner,random,10963,1,1,2,12,22,7,4,0,4,21,0
night,planner,random,10963,2,1,3,18,22,8,12,0,6,22,0
night,planner,random,10963,3,0,3,0,22,13,9,0,6,23,0
night,planner,random,10963,4,1,4,10,22,15,24,6,8,24,0
night,planner,random,10964,0,1,2,19,22,3,4,0,3,20,0
night,planner,random,10964,1,1,2,13,22,7,5,0,4,21,0
night,planner,random,10964,2,1,4,12,22,8,13,0,7,22,0
night,planner,random,10964,3,1,4,12,22,8,22,0,8,23,0
night,planner,random,10964,4,0,2,0,22,6,0,0,3,24,0
night,planner,random,10965,0,1,2,20,22,0,2,0,3,20,0
night,planner,random,10965,1,1,2,15,22,6,6,0,4,21,0
night,planner,random,10965,2,1,3,16,22,10,12,0,6,22,0
night,planner,random,10965,3,0,2,0,22,10,2,0,4,23,0
night,planner,random,10965,4,1,5,15,22,3,29,0,7,24,0
night,planner,random,10966,0,1,2,22,22,3,3,0,3,20,0
night,planner,random,10966,1,1,2,12,22,7,4,0,4,21,0
night,planner,random,10966,2,1,3,18,22,8,12,0,6,22,0
night,planner,random,10966,3,1,4,10,22,6,18,0,8,23,0
night,planner,random,10966,4,1,4,14,22,8,32,10,7,24,0
night,planner,random,10967,0,1,2,22,22,0,0,0,3,20,0
night,planner,random,10967,1,1,2,14,22,7,6,0,4,21,0
night,planner,random,10967,2,1,3,15,22,11,12,0,6,22,0
night,planner,random,10967,3,1,4,17,22,7,20,0,8,23,0
night,planner,random,10967,4,1,4,16,22,12,28,6,8,24,0
night,planner,random,10968,0,1,2,20,22,0,2,0,3,20,0
night,planner,random,10968,1,1,2,19,22,4,8,0,4,21,0
night,planner,random,10968,2,1,3,15,22,11,12,0,6,22,0
night,planner,random,10968,3,1,4,22,22,4,22,0,8,23,0
night,planner,random,10968,4,0,2,0,22,10,3,0,4,24,0
night,planner,random,10969,0,1,2,22,22,3,3,0,3,20,0
night,planner,random,10969,1,1,2,14,22,7,6,0,4,21,0
night,planner,random,10969,2,1,3,10,22,14,9,0,6,22,0
night,planner,random,10969,3,1,4,7,22,9,18,0,8,23,0
night,planner,random,10969,4,1,4,22,22,9,30,6,8,24,0
night,planner,random,10970,0,1,2,22,22,0,0,0,3,20,0
night,planner,random,10970,1,1,2,19,22,4,8,0,4,21,0
night,planner,random,10970,2,1,3,10,22,10,14,0,5,22,0
night,planner,random,10970,3,0,2,0,22,6,0,0,4,23,0
night,planner,random,10970,4,1,5,22,22,8,36,4,9,24,0
night,planner,random,10971,0,1,2,22,22,3,3,0,3,20,0
night,planner,random,10971,1,1,2,19,22,4,8,0,4,21,0
night,planner,random,10971,2,1,4,19,22,8,21,0,8,22,0
night,planner,random,10971,3,1,4,15,22,10,23,0,8,23,0
night,planner,random,10971,4,1,4,19,22,10,29,10,8,24,0
night,planner,random,10972,0,1,2,22,22,0,0,0,4,20,0
night,planner,random,10972,1,1,2,19,22,4,8,0,4,21,0
night,planner,random,10972,2,1,3,15,22,11,12,0,6,22,0
night,planner,random,10972,3,1,4,22,22,7,25,0,8,23,0
night,planner,random,10972,4,1,5,16,22,8,40,6,10,24,0
night,planner,random,10973,0,1,2,19,22,3,4,0,3,20,0
night,planner,random,10973,1,1,2,13,22,7,5,0,4,21,0
night,planner,random,10973,2,1,4,14,22,8,16,0,7,22,0
night,planner,random,10973,3,1,4,22,22,7,25,0,8,23,0
night,planner,random,10973,4,1,4,7,22,11,21,0,8,24,0
night,planner,random,10974,0,1,2,18,22,6,2,0,3,20,0
night,planner,random,10974,1,1,2,18,22,7,5,0,4,21,0
night,planner,random,10974,2,1,3,22,22,7,15,0,6,22,0
night,planner,random,10974,3,1,4,19,22,7,24,0,8,23,0
night,planner,random,10974,4,1,4,22,22,8,30,6,8,24,0
night,planner,random,10975,0,1,2,22,22,3,3,0,3,20,0
night,planner,random,10975,1,1,2,14,22,7,6,0,4,21,0
night,planner,random,10975,2,1,3,18,22,10,14,0,6,22,0
night,planner,random,10975,3,1,4,20,22,7,25,0,8,23,0
night,planner,random,10975,4,1,4,22,22,8,30,6,8,24,0
night,planner,random,10976,0,1,2,22,22,3,3,0,3,20,0
night,planner,random,10976,1,1,2,13,22,7,5,0,4,21,0
night,planner,random,10976,2,1,3,15,22,11,12,0,6,22,0
night,planner,random,10976,3,1,5,7,22,10,31,0,9,23,0
night,planner,random,10976,4,1,5,22,22,6,38,0,10,24,0
night,planner,random,10977,0,1,2,21,22,0,3,0,3,20,0
night,planner,random,10977,1,1,2,10,22,9,4,4,4,21,0
night,planner,random,10977,2,1,3,22,22,7,15,0,6,22,0
night,planner,random,10977,3,1,4,18,22,9,25,0,8,23,0
night,planner,random,10977,4,1,4,22,22,8,27,6,8,24,0
night,planner,random,10978,0,1,2,22,22,3,3,0,3,20,0
night,planner,random,10978,1,1,2,19,22,4,8,0,4,21,0
night,planner,random,10978,2,0,2,0,22,10,2,0,4,22,0
night,planner,random,10978,3,1,4,16,22,3,21,0,8,23,0
night,planner,random,10978,4,1,4,11,22,14,27,6,8,24,0
night,planner,random,10979,0,1,2,22,22,0,0,0,4,20,0
night,planner,random,10979,1,1,2,11,22,9,4,4,4,21,0
night,planner,random,10979,2,1,3,18,22,10,14,0,6,22,0
night,planner,random,10979,3,1,4,22,22,6,24,0,8,23,0
night,planner,random,10979,4,1,4,11,22,11,24,0,7,24,0
night,planner,random,10980,0,1,2,18,22,6,2,0,3,20,0
night,planner,random,10980,1,1,2,19,22,4,8,0,4,21,0
night,planner,random,10980,2,1,4,19,22,4,17,0,7,22,0
night,planner,random,10980,3,1,4,14,22,10,24,0,8,23,0
night,planner,random,10980,4,1,4,9,22,14,21,6,7,24,0
night,planner,random,10981,0,1,2,20,22,3,5,0,3,20,0
night,planner,random,10981,1,1,2,19,22,4,8,0,4,21,0
night,planner,random,10981,2,1,3,12,22,13,11,0,6,22,0
night,planner,random,10981,3,1,4,17,22,6,23,0,8,23,0
night,planner,random,10981,4,1,5,12,22,10,39,4,10,24,0
night,planner,random,10982,0,1,2,22,22,0,0,0,4,20,0
night,planner,random,10982,1,1,2,12,22,7,4,0,4,21,0
night,planner,random,10982,2,1,3,18,22,10,14,0,6,22,0
night,planner,random,10982,3,1,4,12,22,10,22,0,7,23,0
night,planner,random,10982,4,1,4,7,22,9,23,0,8,24,0
night,planner,random,10983,0,1,2,22,22,3,3,0,4,20,0
night,planner,random,10983,1,1,2,12,22,7,4,0,4,21,0
night,planner,random,10983,2,1,3,21,22,9,16,0,6,22,0
night,planner,random,10983,3,1,4,9,22,12,17,0,8,23,0
night,planner,random,10983,4,1,5,15,22,8,35,4,10,24,0
night,planner,random,10984,0,1,2,19,22,3,4,0,3,20,0
night,planner,random,10984,1,1,2,16,22,3,4,0,4,21,0
night,planner,random,10984,2,1,3,7,22,13,6,0,6,22,0
night,planner,random,10984,3,1,4,19,22,7,24,0,8,23,0
night,planner,random,10984,4,0,5,0,22,6,21,0,10,24,0
night,planner,random,10985,0,1,2,18,22,6,2,0,3,20,0
night,planner,random,10985,1,1,2,10,22,9,4,4,4,21,0
night,planner,random,10985,2,1,4,17,22,3,14,0,7,22,0
night,planner,random,10985,3,1,4,19,22,7,26,0,8,23,0
night,planner,random,10985,4,1,5,19,22,7,37,0,10,24,0
night,planner,random,10986,0,1,2,22,22,3,3,0,4,20,0
night,planner,random,10986,1,1,2,19,22,4,8,0,4,21,0
night,planner,random,10986,2,1,3,13,22,4,11,0,6,22,0
night,planner,random,10986,3,1,4,19,22,6,25,0,8,23,0
night,planner,random,10986,4,1,5,7,22,9,32,0,9,24,0
night,planner,random,10987,0,1,2,22,22,3,3,0,4,20,0
night,planner,random,10987,1,1,2,22,22,4,6,0,4,21,0
night,planner,random,10987,2,1,4,14,22,8,16,0,7,22,0
night,planner,random,10987,3,1,5,13,22,9,34,0,10,23,0
night,planner,random,10987,4,1,4,22,22,8,31,6,8,24,0
night,planner,random,10988,0,1,2,22,22,3,3,0,3,20,0
night,planner,random,10988,1,1,2,8,22,10,3,0,4,21,0
night,planner,random,10988,2,1,3,22,22,7,15,0,6,22,0
night,planner,random,10988,3,1,4,22,22,7,25,0,8,23,0
night,planner,random,10988,4,1,5,4,22,13,31,0,9,24,0
night,planner,random,10989,0,1,2,20,22,0,2,0,3,20,0
night,planner,random,10989,1,1,2,12,22,7,4,0,4,21,0
night,planner,random,10989,2,1,3,22,22,4,12,0,6,22,0
night,planner,random,10989,3,1,4,18,22,7,25,0,8,23,0
night,planner,random,10989,4,1,4,2,22,14,16,6,8,24,0
night,planner,random,10990,0,1,2,20,22,0,2,0,3,20,0
night,planner,random,10990,1,1,2,14,22,7,6,0,4,21,0
night,planner,random,10990,2,1,4,10,22,7,11,0,7,22,0
night,planner,random,10990,3,1,4,15,22,10,23,0,8,23,0
night,planner,random,10990,4,0,3,0,22,9,19,4,6,24,0
night,planner,random,10991,0,1,2,20,22,0,2,0,3,20,0
night,planner,random,10991,1,1,2,12,22,7,4,0,4,21,0
night,planner,random,10991,2,1,3,16,22,9,11,0,6,22,0
night,planner,random,10991,3,1,4,17,22,7,20,0,8,23,0
night,planner,random,10991,4,1,5,18,22,6,38,0,10,24,0
night,planner,random,10992,0,1,2,18,22,6,2,0,3,20,0
night,planner,random,10992,1,1,2,19,22,4,8,0,4,21,0
night,planner,random,10992,2,1,3,21,22,8,15,0,6,22,0
night,planner,random,10992,3,1,4,14,22,10,22,0,8,23,0
night,planner,random,10992,4,1,5,13,22,8,35,8,9,24,0
night,planner,random,10993,0,1,2,22,22,3,3,0,3,20,0
night,planner,random,10993,1,1,2,8,22,10,3,0,4,21,0
night,planner,random,10993,2,1,3,15,22,11,12,0,6,22,0
night,planner,random,10993,3,1,4,16,22,10,26,0,8,23,0
night,planner,random,10993,4,1,5,7,22,9,28,0,8,24,0
night,planner,random,10994,0,1,2,22,22,0,0,0,3,20,0
night,planner,random,10994,1,1,2,12,22,7,4,0,4,21,0
night,planner,random,10994,2,1,4,15,22,8,17,0,7,22,0
night,planner,random,10994,3,1,4,22,22,7,23,0,8,23,0
night,planner,random,10994,4,1,4,8,22,8,28,0,7,24,0
night,planner,random,10995,0,1,2,19,22,3,4,0,3,20,0
night,planner,random,10995,1,1,2,16,22,3,4,0,4,21,0
night,planner,random,10995,2,1,4,15,22,8,17,0,7,22,0
night,planner,random,10995,3,1,4,9,22,11,20,4,8,23,0
night,planner,random,10995,4,1,4,17,22,12,32,6,8,24,0
night,planner,random,10996,0,1,2,18,22,6,2,0,3,20,0
night,planner,random,10996,1,1,2,19,22,4,8,0,4,21,0
night,planner,random,10996,2,1,4,19,22,4,17,0,7,22,0
night,planner,random,10996,3,1,4,17,22,7,24,0,8,23,0
night,planner,random,10996,4,1,4,13,22,12,28,6,8,24,0
night,planner,random,10997,0,1,2,22,22,3,3,0,4,20,0
night,planner,random,10997,1,1,2,12,22,7,4,0,4,21,0
night,planner,random,10997,2,1,3,5,22,14,5,0,6,22,0
night,planner,random,10997,3,1,4,22,22,7,25,0,8,23,0
night,planner,random,10997,4,1,5,6,22,10,27,4,9,24,0
night,planner,random,10998,0,1,2,19,22,6,3,0,3,20,0
night,planner,random,10998,1,1,2,8,22,10,3,0,4,21,0
night,planner,random,10998,2,1,3,6,22,15,7,4,6,22,0
night,planner,random,10998,3,1,4,19,22,7,28,0,8,23,0
night,planner,random,10998,4,1,4,7,22,12,32,6,8,24,0
night,planner,random,10999,0,1,2,20,22,3,5,0,3,20,0
night,planner,random,10999,1,1,2,5,22,10,0,0,3,21,0
night,planner,random,10999,2,1,3,11,22,8,13,0,6,22,0
night,planner,random,10999,3,0,3,0,22,10,12,0,6,23,0
night,planner,random,10999,4,1,5,15,22,6,38,0,9,24,0
