class,policy,reward,seed,stage,win,turns,hp,max_hp,hp_spent,hp_restored,cards_drawn,casts,deck_size,timeout
tide,greedy,skip,10000,0,1,2,26,30,0,0,0,3,20,0
tide,greedy,skip,10000,1,1,3,16,30,0,0,0,4,20,0
tide,greedy,skip,10000,2,1,4,14,30,0,0,0,6,20,0
tide,greedy,skip,10000,3,1,9,10,30,0,50,0,16,20,0
tide,greedy,skip,10000,4,0,7,0,30,0,42,0,11,20,0
tide,greedy,skip,10001,0,1,3,26,30,0,0,0,4,20,0
tide,greedy,skip,10001,1,1,3,16,30,0,0,0,4,20,0
tide,greedy,skip,10001,2,1,6,21,30,0,23,0,10,20,0
tide,greedy,skip,10001,3,1,10,20,30,0,72,0,19,20,0
tide,greedy,skip,10001,4,0,12,0,30,0,98,0,23,20,0
tide,greedy,skip,10002,0,1,2,26,30,0,0,0,3,20,0
tide,greedy,skip,10002,1,1,3,23,30,0,7,0,5,20,0
tide,greedy,skip,10002,2,1,4,21,30,0,7,0,7,20,0
tide,greedy,skip,10002,3,1,9,11,30,0,49,0,16,20,0
tide,greedy,skip,10002,4,1,5,1,30,0,10,0,6,20,0
tide,greedy,skip,10003,0,1,2,26,30,0,0,0,3,20,0
tide,greedy,skip,10003,1,1,3,23,30,0,7,0,5,20,0
tide,greedy,skip,10003,2,1,6,14,30,0,16,0,10,20,0
tide,greedy,skip,10003,3,1,7,17,30,0,31,0,13,20,0
tide,greedy,skip,10003,4,1,8,1,30,0,41,0,12,20,0
tide,greedy,skip,10004,0,1,2,30,30,0,0,0,3,20,0
tide,greedy,skip,10004,1,1,3,23,30,0,7,0,5,20,0
tide,greedy,skip,10004,2,1,6,19,30,0,21,0,11,20,0
tide,greedy,skip,10004,3,1,8,18,30,0,50,0,14,20,0
tide,greedy,skip,10004,4,1,11,11,30,0,85,0,21,20,0
tide,greedy,skip,10005,0,1,2,30,30,0,0,0,3,20,0
tide,greedy,skip,10005,1,1,2,23,30,0,0,0,4,20,0
tide,greedy,skip,10005,2,1,5,22,30,0,16,0,9,20,0
tide,greedy,skip,10005,3,1,9,16,30,0,56,0,16,20,0
tide,greedy,skip,10005,4,1,6,2,30,0,19,0,8,20,0
tide,greedy,skip,10006,0,1,3,30,30,0,4,0,4,20,0
tide,greedy,skip,10006,1,1,3,17,30,0,0,0,4,20,0
tide,greedy,skip,10006,2,1,5,11,30,0,5,0,8,20,0
tide,greedy,skip,10006,3,1,6,11,30,0,23,0,10,20,0
tide,greedy,skip,10006,4,0,5,0,30,0,15,0,7,20,0
tide,greedy,skip,10007,0,1,3,30,30,0,4,0,4,20,0
tide,greedy,skip,10007,1,1,3,23,30,0,7,0,5,20,0
tide,greedy,skip,10007,2,1,5,14,30,0,8,0,8,20,0
tide,greedy,skip,10007,3,1,7,14,30,0,34,0,13,20,0
tide,greedy,skip,10007,4,1,8,2,30,0,45,0,13,20,0
tide,greedy,skip,10008,0,1,2,26,30,0,0,0,3,20,0
tide,greedy,skip,10008,1,1,3,16,30,0,0,0,4,20,0
tide,greedy,skip,10008,2,1,6,19,30,0,21,0,9,20,0
tide,greedy,skip,10008,3,1,10,18,30,0,66,0,18,20,0
tide,greedy,skip,10008,4,1,8,2,30,0,44,0,12,20,0
tide,greedy,skip,10009,0,1,2,26,30,0,0,0,3,20,0
tide,greedy,skip,10009,1,1,3,23,30,0,7,0,5,20,0
tide,greedy,skip,10009,2,1,5,18,30,0,12,0,8,20,0
tide,greedy,skip,10009,3,1,7,19,30,0,35,0,13,20,0
tide,greedy,skip,10009,4,1,10,3,30,0,69,0,17,20,0
tide,greedy,skip,10010,0,1,2,26,30,0,0,0,3,20,0
tide,greedy,skip,10010,1,1,3,16,30,0,0,0,4,20,0
tide,greedy,skip,10010,2,1,5,22,30,0,16,0,9,20,0
tide,greedy,skip,10010,3,1,9,7,30,0,51,0,16,20,0
tide,greedy,skip,10010,4,1,7,1,30,0,29,0,10,20,0
tide,greedy,skip,10011,0,1,2,30,30,0,0,0,3,20,0
tide,greedy,skip,10011,1,1,3,16,30,0,0,0,4,20,0
tide,greedy,skip,10011,2,1,5,18,30,0,12,0,8,20,0
tide,greedy,skip,10011,3,1,8,8,30,0,38,0,14,20,0
tide,greedy,skip,10011,4,1,8,8,30,0,46,0,13,20,0
tide,greedy,skip,10012,0,1,3,26,30,0,0,0,4,20,0
tide,greedy,skip,10012,1,1,3,21,30,0,5,0,5,20,0
tide,greedy,skip,10012,2,1,5,19,30,0,13,0,8,20,0
tide,greedy,skip,10012,3,1,9,7,30,0,49,0,15,20,0
tide,greedy,skip,10012,4,1,6,9,30,0,23,0,8,20,0
tide,greedy,skip,10013,0,1,2,26,30,0,0,0,3,20,0
tide,greedy,skip,10013,1,1,3,16,30,0,0,0,4,20,0
tide,greedy,skip,10013,2,1,5,11,30,0,5,0,8,20,0
tide,greedy,skip,10013,3,1,10,19,30,0,67,0,18,20,0
tide,greedy,skip,10013,4,0,6,0,30,0,25,0,9,20,0
tide,greedy,skip,10014,0,1,3,30,30,0,2,0,4,20,0
tide,greedy,skip,10014,1,1,3,23,30,0,7,0,5,20,0
tide,greedy,skip,10014,2,1,5,14,30,0,8,0,7,20,0
tide,greedy,skip,10014,3,1,8,11,30,0,43,0,14,20,0
tide,greedy,skip,10014,4,0,5,0,30,0,16,0,8,20,0
tide,greedy,skip,10015,0,1,3,30,30,0,4,0,4,20,0
tide,greedy,skip,10015,1,1,4,16,30,0,7,0,5,20,0
tide,greedy,skip,10015,2,1,6,13,30,0,15,0,9,20,0
tide,greedy,skip,10015,3,1,8,15,30,0,45,0,14,20,0
tide,greedy,skip,10015,4,1,10,9,30,0,67,0,16,20,0
tide,greedy,skip,10016,0,1,2,28,30,0,0,0,3,20,0
tide,greedy,skip,10016,1,1,4,14,30,0,5,0,6,20,0
tide,greedy,skip,10016,2,1,6,18,30,0,20,0,10,20,0
tide,greedy,skip,10016,3,1,11,13,30,0,75,0,19,20,0
tide,greedy,skip,10016,4,1,9,7,30,0,55,0,14,20,0
tide,greedy,skip,10017,0,1,2,28,30,0,0,0,3,20,0
tide,greedy,skip,10017,1,1,3,21,30,0,5,0,5,20,0
tide,greedy,skip,10017,2,1,5,16,30,0,10,0,7,20,0
tide,greedy,skip,10017,3,1,11,16,30,0,78,0,20,20,0
tide,greedy,skip,10017,4,0,6,0,30,0,28,0,9,20,0
tide,greedy,skip,10018,0,1,2,26,30,0,0,0,3,20,0
tide,greedy,skip,10018,1,1,3,23,30,0,7,0,5,20,0
tide,greedy,skip,10018,2,1,5,21,30,0,15,0,8,20,0
tide,greedy,skip,10018,3,1,8,11,30,0,41,0,14,20,0
tide,greedy,skip,10018,4,1,6,8,30,0,23,0,9,20,0
tide,greedy,skip,10019,0,1,2,30,30,0,0,0,3,20,0
tide,greedy,skip,10019,1,1,2,23,30,0,0,0,4,20,0
tide,greedy,skip,10019,2,1,5,21,30,0,15,0,8,20,0
tide,greedy,skip,10019,3,1,8,12,30,0,38,0,13,20,0
tide,greedy,skip,10019,4,1,5,1,30,0,10,0,6,20,0
tide,greedy,skip,10020,0,1,2,30,30,0,0,0,3,20,0
tide,greedy,skip,10020,1,1,3,16,30,0,0,0,4,20,0
tide,greedy,skip,10020,2,1,5,22,30,0,16,0,8,20,0
tide,greedy,skip,10020,3,1,8,7,30,0,37,0,13,20,0
tide,greedy,skip,10020,4,1,7,1,30,0,31,0,11,20,0
tide,greedy,skip,10021,0,1,2,26,30,0,0,0,3,20,0
tide,greedy,skip,10021,1,1,3,16,30,0,0,0,4,20,0
tide,greedy,skip,10021,2,1,5,11,30,0,5,0,8,20,0
tide,greedy,skip,10021,3,1,11,18,30,0,76,0,20,20,0
tide,greedy,skip,10021,4,1,7,4,30,0,31,0,11,20,0
tide,greedy,skip,10022,0,1,2,26,30,0,0,0,3,20,0
tide,greedy,skip,10022,1,1,3,16,30,0,0,0,4,20,0
tide,greedy,skip,10022,2,1,7,11,30,0,21,0,11,20,0
tide,greedy,skip,10022,3,1,10,20,30,0,70,0,19,20,0
tide,greedy,skip,10022,4,1,6,6,30,0,23,0,9,20,0
tide,greedy,skip,10023,0,1,2,30,30,0,0,0,3,20,0
tide,greedy,skip,10023,1,1,3,23,30,0,7,0,5,20,0
tide,greedy,skip,10023,2,1,5,13,30,0,7,0,8,20,0
tide,greedy,skip,10023,3,1,8,8,30,0,42,0,14,20,0
tide,greedy,skip,10023,4,1,7,4,30,0,28,0,10,20,0
tide,greedy,skip,10024,0,1,2,26,30,0,0,0,3,20,0
tide,greedy,skip,10024,1,1,3,16,30,0,0,0,4,20,0
tide,greedy,skip,10024,2,1,6,13,30,0,15,0,10,20,0
tide,greedy,skip,10024,3,1,7,16,30,0,32,0,12,20,0
tide,greedy,skip,10024,4,1,9,3,30,0,54,0,14,20,0
tide,greedy,skip,10025,0,1,2,26,30,0,0,0,3,20,0
tide,greedy,skip,10025,1,1,3,23,30,0,7,0,5,20,0
tide,greedy,skip,10025,2,1,5,20,30,0,14,0,8,20,0
tide,greedy,skip,10025,3,1,7,19,30,0,37,0,13,20,0
tide,greedy,skip,10025,4,1,6,3,30,0,24,0,9,20,0
tide,greedy,skip,10026,0,1,2,26,30,0,0,0,3,20,0
tide,greedy,skip,10026,1,1,3,21,30,0,5,0,5,20,0
tide,greedy,skip,10026,2,1,6,18,30,0,20,0,10,20,0
tide,greedy,skip,10026,3,1,8,9,30,0,39,0,14,20,0
tide,greedy,skip,10026,4,1,9,8,30,0,59,0,16,20,0
tide,greedy,skip,10027,0,1,2,26,30,0,0,0,3,20,0
tide,greedy,skip,10027,1,1,3,16,30,0,0,0,4,20,0
tide,greedy,skip,10027,2,1,5,21,30,0,15,0,9,20,0
tide,greedy,skip,10027,3,1,11,18,30,0,76,0,20,20,0
tide,greedy,skip,10027,4,0,6,0,30,0,29,0,9,20,0
tide,greedy,skip,10028,0,1,3,26,30,0,0,0,4,20,0
tide,greedy,skip,10028,1,1,3,16,30,0,0,0,4,20,0
tide,greedy,skip,10028,2,1,5,21,30,0,15,0,8,20,0
tide,greedy,skip,10028,3,1,10,15,30,0,65,0,18,20,0
tide,greedy,skip,10028,4,1,7,8,30,0,31,0,10,20,0
tide,greedy,skip,10029,0,1,3,30,30,0,4,0,4,20,0
tide,greedy,skip,10029,1,1,3,16,30,0,0,0,4,20,0
tide,greedy,skip,10029,2,1,5,21,30,0,15,0,8,20,0
tide,greedy,skip,10029,3,1,8,7,30,0,31,0,14,20,0
tide,greedy,skip,10029,4,0,4,0,30,0,11,0,6,20,0
tide,greedy,skip,10030,0,1,2,26,30,0,0,0,3,20,0
tide,greedy,skip,10030,1,1,4,23,30,0,14,0,6,20,0
tide,greedy,skip,10030,2,1,5,13,30,0,7,0,8,20,0
tide,greedy,skip,10030,3,1,9,13,30,0,55,0,15,20,0
tide,greedy,skip,10030,4,1,11,13,30,0,85,0,19,20,0
tide,greedy,skip,10031,0,1,3,26,30,0,0,0,4,20,0
tide,greedy,skip,10031,1,1,3,16,30,0,0,0,4,20,0
tide,greedy,skip,10031,2,1,5,21,30,0,15,0,8,20,0
tide,greedy,skip,10031,3,1,7,13,30,0,29,0,12,20,0
tide,greedy,skip,10031,4,1,10,8,30,0,69,0,17,20,0
tide,greedy,skip,10032,0,1,2,30,30,0,0,0,3,20,0
tide,greedy,skip,10032,1,1,4,10,30,0,0,0,5,20,0
tide,greedy,skip,10032,2,1,5,14,30,0,8,0,7,20,0
tide,greedy,skip,10032,3,1,8,15,30,0,45,0,14,20,0
tide,greedy,skip,10032,4,0,6,0,30,0,30,0,9,20,0
tide,greedy,skip,10033,0,1,2,26,30,0,0,0,3,20,0
tide,greedy,skip,10033,1,1,3,16,30,0,0,0,4,20,0
tide,greedy,skip,10033,2,1,5,19,30,0,13,0,9,20,0
tide,greedy,skip,10033,3,1,9,11,30,0,51,0,16,20,0
tide,greedy,skip,10033,4,1,8,10,30,0,52,0,13,20,0
tide,greedy,skip,10034,0,1,2,26,30,0,0,0,3,20,0
tide,greedy,skip,10034,1,1,3,16,30,0,0,0,4,20,0
tide,greedy,skip,10034,2,1,5,21,30,0,15,0,8,20,0
tide,greedy,skip,10034,3,1,11,10,30,0,70,0,20,20,0
tide,greedy,skip,10034,4,0,4,0,30,0,11,0,6,20,0
tide,greedy,skip,10035,0,1,2,26,30,0,0,0,3,20,0
tide,greedy,skip,10035,1,1,4,23,30,0,14,0,6,20,0
tide,greedy,skip,10035,2,1,6,13,30,0,15,0,9,20,0
tide,greedy,skip,10035,3,1,8,12,30,0,40,0,13,20,0
tide,greedy,skip,10035,4,1,7,1,30,0,30,0,11,20,0
tide,greedy,skip,10036,0,1,3,26,30,0,0,0,4,20,0
tide,greedy,skip,10036,1,1,3,16,30,0,0,0,4,20,0
tide,greedy,skip,10036,2,1,5,20,30,0,14,0,8,20,0
tide,greedy,skip,10036,3,1,11,18,30,0,76,0,19,20,0
tide,greedy,skip,10036,4,1,7,5,30,0,27,0,11,20,0
tide,greedy,skip,10037,0,1,2,30,30,0,0,0,3,20,0
tide,greedy,skip,10037,1,1,3,23,30,0,7,0,5,20,0
tide,greedy,skip,10037,2,1,5,21,30,0,15,0,8,20,0
tide,greedy,skip,10037,3,1,7,17,30,0,35,0,12,20,0
tide,greedy,skip,10037,4,1,14,2,30,0,111,0,25,20,0
tide,greedy,skip,10038,0,1,3,30,30,0,4,0,4,20,0
tide,greedy,skip,10038,1,1,3,21,30,0,5,0,5,20,0
tide,greedy,skip,10038,2,1,6,21,30,0,23,0,10,20,0
tide,greedy,skip,10038,3,1,9,15,30,0,55,0,17,20,0
tide,greedy,skip,10038,4,1,6,9,30,0,20,0,8,20,0
tide,greedy,skip,10039,0,1,2,26,30,0,0,0,3,20,0
tide,greedy,skip,10039,1,1,3,23,30,0,7,0,5,20,0
tide,greedy,skip,10039,2,1,5,21,30,0,15,0,9,20,0
tide,greedy,skip,10039,3,1,8,10,30,0,38,0,14,20,0
tide,greedy,skip,10039,4,1,9,13,30,0,60,0,15,20,0
tide,greedy,skip,10040,0,1,3,30,30,0,4,0,4,20,0
tide,greedy,skip,10040,1,1,3,23,30,0,7,0,5,20,0
tide,greedy,skip,10040,2,1,6,21,30,0,23,0,10,20,0
tide,greedy,skip,10040,3,1,10,24,30,0,70,0,20,20,0
tide,greedy,skip,10040,4,1,11,12,30,0,80,0,20,20,0
tide,greedy,skip,10041,0,1,2,28,30,0,0,0,3,20,0
tide,greedy,skip,10041,1,1,3,23,30,0,7,0,5,20,0
tide,greedy,skip,10041,2,1,5,13,30,0,7,0,8,20,0
tide,greedy,skip,10041,3,1,9,18,30,0,56,0,17,20,0
tide,greedy,skip,10041,4,1,8,7,30,0,47,0,14,20,0
tide,greedy,skip,10042,0,1,3,30,30,0,4,0,4,20,0
tide,greedy,skip,10042,1,1,3,16,30,0,0,0,4,20,0
tide,greedy,skip,10042,2,1,5,11,30,0,5,0,8,20,0
tide,greedy,skip,10042,3,1,8,12,30,0,40,0,13,20,0
tide,greedy,skip,10042,4,0,5,0,30,0,19,0,7,20,0
tide,greedy,skip,10043,0,1,2,26,30,0,0,0,3,20,0
tide,greedy,skip,10043,1,1,3,16,30,0,0,0,4,20,0
tide,greedy,skip,10043,2,1,5,20,30,0,14,0,8,20,0
tide,greedy,skip,10043,3,1,8,7,30,0,39,0,14,20,0
tide,greedy,skip,10043,4,0,6,0,30,0,27,0,10,20,0
tide,greedy,skip,10044,0,1,2,26,30,0,0,0,3,20,0
tide,greedy,skip,10044,1,1,3,17,30,0,0,0,4,20,0
tide,greedy,skip,10044,2,1,6,20,30,0,22,0,10,20,0
tide,greedy,skip,10044,3,1,9,13,30,0,55,0,16,20,0
tide,greedy,skip,10044,4,1,9,5,30,0,52,0,14,20,0
tide,greedy,skip,10045,0,1,2,28,30,0,0,0,3,20,0
tide,greedy,skip,10045,1,1,4,23,30,0,9,0,6,20,0
tide,greedy,skip,10045,2,1,5,21,30,0,15,0,8,20,0
tide,greedy,skip,10045,3,1,7,16,30,0,32,0,12,20,0
tide,greedy,skip,10045,4,0,6,0,30,0,27,0,9,20,0
tide,greedy,skip,10046,0,1,2,30,30,0,0,0,3,20,0
tide,greedy,skip,10046,1,1,3,16,30,0,0,0,4,20,0
tide,greedy,skip,10046,2,1,5,11,30,0,5,0,8,20,0
tide,greedy,skip,10046,3,1,9,10,30,0,54,0,16,20,0
tide,greedy,skip,10046,4,1,7,10,30,0,31,0,10,20,0
tide,greedy,skip,10047,0,1,2,26,30,0,0,0,3,20,0
tide,greedy,skip,10047,1,1,3,21,30,0,0,0,4,20,0
tide,greedy,skip,10047,2,1,5,18,30,0,12,0,8,20,0
tide,greedy,skip,10047,3,1,6,20,30,0,30,0,11,20,0
tide,greedy,skip,10047,4,1,9,9,30,0,55,0,14,20,0
tide,greedy,skip,10048,0,1,3,26,30,0,0,0,4,20,0
tide,greedy,skip,10048,1,1,4,9,30,0,0,0,5,20,0
tide,greedy,skip,10048,2,1,4,14,30,0,0,0,6,20,0
tide,greedy,skip,10048,3,1,12,9,30,0,83,0,23,20,0
tide,greedy,skip,10048,4,1,6,4,30,0,18,0,9,20,0
tide,greedy,skip,10049,0,1,2,30,30,0,0,0,3,20,0
tide,greedy,skip,10049,1,1,3,23,30,0,2,0,5,20,0
tide,greedy,skip,10049,2,1,6,22,30,0,24,0,10,20,0
tide,greedy,skip,10049,3,1,8,11,30,0,41,0,14,20,0
tide,greedy,skip,10049,4,1,8,3,30,0,40,0,12,20,0
tide,greedy,skip,10050,0,1,2,26,30,0,0,0,3,20,0
tide,greedy,skip,10050,1,1,2,23,30,0,0,0,4,20,0
tide,greedy,skip,10050,2,1,5,18,30,0,12,0,8,20,0
tide,greedy,skip,10050,3,1,10,15,30,0,65,0,18,20,0
tide,greedy,skip,10050,4,0,5,0,30,0,15,0,8,20,0
tide,greedy,skip,10051,0,1,3,26,30,0,0,0,4,20,0
tide,greedy,skip,10051,1,1,3,16,30,0,0,0,4,20,0
tide,greedy,skip,10051,2,1,5,11,30,0,5,0,8,20,0
tide,greedy,skip,10051,3,1,10,20,30,0,66,0,18,20,0
tide,greedy,skip,10051,4,1,8,8,30,0,48,0,14,20,0
tide,greedy,skip,10052,0,1,2,26,30,0,0,0,3,20,0
tide,greedy,skip,10052,1,1,2,23,30,0,0,0,4,20,0
tide,greedy,skip,10052,2,1,6,14,30,0,16,0,10,20,0
tide,greedy,skip,10052,3,1,8,12,30,0,44,0,14,20,0
tide,greedy,skip,10052,4,0,5,0,30,0,12,0,7,20,0
tide,greedy,skip,10053,0,1,2,26,30,0,0,0,3,20,0
tide,greedy,skip,10053,1,1,3,21,30,0,5,0,5,20,0
tide,greedy,skip,10053,2,1,6,14,30,0,16,0,10,20,0
tide,greedy,skip,10053,3,1,8,11,30,0,39,0,13,20,0
tide,greedy,skip,10053,4,1,8,2,30,0,40,0,13,20,0
tide,greedy,skip,10054,0,1,2,30,30,0,0,0,3,20,0
tide,greedy,skip,10054,1,1,3,23,30,0,2,0,5,20,0
tide,greedy,skip,10054,2,1,5,22,30,0,16,0,8,20,0
tide,greedy,skip,10054,3,1,7,23,30,0,39,0,14,20,0
tide,greedy,skip,10054,4,1,7,13,30,0,34,0,11,20,0
tide,greedy,skip,10055,0,1,2,26,30,0,0,0,3,20,0
tide,greedy,skip,10055,1,1,3,23,30,0,7,0,5,20,0
tide,greedy,skip,10055,2,1,5,13,30,0,7,0,8,20,0
tide,greedy,skip,10055,3,1,8,8,30,0,36,0,15,20,0
tide,greedy,skip,10055,4,1,11,5,30,0,79,0,19,20,0
tide,greedy,skip,10056,0,1,3,30,30,0,4,0,4,20,0
tide,greedy,skip,10056,1,1,3,21,30,0,0,0,4,20,0
tide,greedy,skip,10056,2,1,5,19,30,0,13,0,9,20,0
tide,greedy,skip,10056,3,1,9,13,30,0,55,0,16,20,0
tide,greedy,skip,10056,4,0,6,0,30,0,29,0,9,20,0
tide,greedy,skip,10057,0,1,2,26,30,0,0,0,3,20,0
tide,greedy,skip,10057,1,1,3,16,30,0,0,0,4,20,0
tide,greedy,skip,10057,2,1,6,16,30,0,18,0,10,20,0
tide,greedy,skip,10057,3,1,8,10,30,0,36,0,14,20,0
tide,greedy,skip,10057,4,1,8,9,30,0,46,0,13,20,0
tide,greedy,skip,10058,0,1,3,30,30,0,4,0,4,20,0
tide,greedy,skip,10058,1,1,4,23,30,0,14,0,6,20,0
tide,greedy,skip,10058,2,1,5,14,30,0,8,0,7,20,0
tide,greedy,skip,10058,3,1,8,12,30,0,42,0,14,20,0
tide,greedy,skip,10058,4,1,5,4,30,0,10,0,6,20,0
tide,greedy,skip,10059,0,1,2,26,30,0,0,0,3,20,0
tide,greedy,skip,10059,1,1,3,23,30,0,7,0,5,20,0
tide,greedy,skip,10059,2,1,5,14,30,0,8,0,8,20,0
tide,greedy,skip,10059,3,1,10,13,30,0,61,0,19,20,0
tide,greedy,skip,10059,4,1,12,2,30,0,89,0,20,20,0
tide,greedy,skip,10060,0,1,3,30,30,0,4,0,4,20,0
tide,greedy,skip,10060,1,1,4,21,30,0,12,0,6,20,0
tide,greedy,skip,10060,2,1,5,19,30,0,13,0,8,20,0
tide,greedy,skip,10060,3,1,6,8,30,0,20,0,10,20,0
tide,greedy,skip,10060,4,1,7,14,30,0,33,0,11,20,0
tide,greedy,skip,10061,0,1,2,26,30,0,0,0,3,20,0
tide,greedy,skip,10061,1,1,3,16,30,0,0,0,4,20,0
tide,greedy,skip,10061,2,1,5,19,30,0,13,0,8,20,0
tide,greedy,skip,10061,3,1,9,12,30,0,54,0,16,20,0
tide,greedy,skip,10061,4,1,9,4,30,0,52,0,14,20,0
tide,greedy,skip,10062,0,1,2,30,30,0,0,0,3,20,0
tide,greedy,skip,10062,1,1,3,16,30,0,0,0,4,20,0
tide,greedy,skip,10062,2,1,6,22,30,0,24,0,10,20,0
tide,greedy,skip,10062,3,1,8,13,30,0,45,0,14,20,0
tide,greedy,skip,10062,4,0,5,0,30,0,16,0,7,20,0
tide,greedy,skip,10063,0,1,3,26,30,0,0,0,3,20,0
tide,greedy,skip,10063,1,1,3,16,30,0,0,0,4,20,0
tide,greedy,skip,10063,2,1,6,13,30,0,15,0,9,20,0
tide,greedy,skip,10063,3,1,8,10,30,0,44,0,14,20,0
tide,greedy,skip,10063,4,1,6,1,30,0,15,0,9,20,0
tide,greedy,skip,10064,0,1,3,26,30,0,0,0,4,20,0
tide,greedy,skip,10064,1,1,3,17,30,0,0,0,4,20,0
tide,greedy,skip,10064,2,1,6,13,30,0,15,0,9,20,0
tide,greedy,skip,10064,3,1,8,9,30,0,39,0,14,20,0
tide,greedy,skip,10064,4,1,9,4,30,0,55,0,14,20,0
tide,greedy,skip,10065,0,1,2,26,30,0,0,0,3,20,0
tide,greedy,skip,10065,1,1,3,23,30,0,7,0,5,20,0
tide,greedy,skip,10065,2,1,6,13,30,0,15,0,9,20,0
tide,greedy,skip,10065,3,1,8,10,30,0,44,0,14,20,0
tide,greedy,skip,10065,4,1,10,1,30,0,61,0,16,20,0
tide,greedy,skip,10066,0,1,2,26,30,0,0,0,3,20,0
tide,greedy,skip,10066,1,1,3,16,30,0,0,0,4,20,0
tide,greedy,skip,10066,2,1,4,14,30,0,0,0,6,20,0
tide,greedy,skip,10066,3,1,8,9,30,0,33,0,14,20,0
tide,greedy,skip,10066,4,1,5,4,30,0,10,0,6,20,0
tide,greedy,skip,10067,0,1,2,30,30,0,0,0,3,20,0
tide,greedy,skip,10067,1,1,3,16,30,0,0,0,4,20,0
tide,greedy,skip,10067,2,1,5,14,30,0,8,0,8,20,0
tide,greedy,skip,10067,3,1,10,16,30,0,62,0,18,20,0
tide,greedy,skip,10067,4,0,6,0,30,0,28,0,9,20,0
tide,greedy,skip,10068,0,1,2,26,30,0,0,0,3,20,0
tide,greedy,skip,10068,1,1,3,16,30,0,0,0,4,20,0
tide,greedy,skip,10068,2,1,6,16,30,0,18,0,9,20,0
tide,greedy,skip,10068,3,1,9,9,30,0,51,0,16,20,0
tide,greedy,skip,10068,4,1,7,13,30,0,34,0,10,20,0
tide,greedy,skip,10069,0,1,3,30,30,0,4,0,4,20,0
tide,greedy,skip,10069,1,1,3,16,30,0,0,0,4,20,0
tide,greedy,skip,10069,2,1,5,13,30,0,7,0,8,20,0
tide,greedy,skip,10069,3,1,10,13,30,0,57,0,18,20,0
tide,greedy,skip,10069,4,0,8,0,30,0,51,0,13,20,0
tide,greedy,skip,10070,0,1,2,30,30,0,0,0,3,20,0
tide,greedy,skip,10070,1,1,3,16,30,0,0,0,4,20,0
tide,greedy,skip,10070,2,1,6,13,30,0,15,0,10,20,0
tide,greedy,skip,10070,3,1,10,19,30,0,65,0,18,20,0
tide,greedy,skip,10070,4,1,6,4,30,0,15,0,8,20,0
tide,greedy,skip,10071,0,1,2,26,30,0,0,0,3,20,0
tide,greedy,skip,10071,1,1,3,16,30,0,0,0,4,20,0
tide,greedy,skip,10071,2,1,5,18,30,0,12,0,8,20,0
tide,greedy,skip,10071,3,1,10,15,30,0,65,0,18,20,0
tide,greedy,skip,10071,4,1,6,3,30,0,23,0,8,20,0
tide,greedy,skip,10072,0,1,2,30,30,0,0,0,3,20,0
tide,greedy,skip,10072,1,1,4,16,30,0,7,0,5,20,0
tide,greedy,skip,10072,2,1,5,14,30,0,8,0,7,20,0
tide,greedy,skip,10072,3,1,10,22,30,0,72,0,19,20,0
tide,greedy,skip,10072,4,1,5,4,30,0,10,0,7,20,0
tide,greedy,skip,10073,0,1,3,30,30,0,4,0,4,20,0
tide,greedy,skip,10073,1,1,3,16,30,0,0,0,4,20,0
tide,greedy,skip,10073,2,1,5,14,30,0,8,0,8,20,0
tide,greedy,skip,10073,3,1,8,8,30,0,38,0,13,20,0
tide,greedy,skip,10073,4,0,8,0,30,0,51,0,13,20,0
tide,greedy,skip,10074,0,1,2,30,30,0,0,0,3,20,0
tide,greedy,skip,10074,1,1,3,16,30,0,0,0,4,20,0
tide,greedy,skip,10074,2,1,5,19,30,0,13,0,9,20,0
tide,greedy,skip,10074,3,1,9,18,30,0,60,0,17,20,0
tide,greedy,skip,10074,4,0,7,0,30,0,45,0,12,20,0
tide,greedy,skip,10075,0,1,2,26,30,0,0,0,3,20,0
tide,greedy,skip,10075,1,1,2,23,30,0,0,0,4,20,0
tide,greedy,skip,10075,2,1,6,14,30,0,16,0,10,20,0
tide,greedy,skip,10075,3,1,9,11,30,0,51,0,16,20,0
tide,greedy,skip,10075,4,1,7,9,30,0,32,0,10,20,0
tide,greedy,skip,10076,0,1,2,28,30,0,0,0,3,20,0
tide,greedy,skip,10076,1,1,3,16,30,0,0,0,4,20,0
tide,greedy,skip,10076,2,1,5,11,30,0,5,0,8,20,0
tide,greedy,skip,10076,3,1,8,8,30,0,36,0,14,20,0
tide,greedy,skip,10076,4,1,8,14,30,0,46,0,13,20,0
tide,greedy,skip,10077,0,1,2,26,30,0,0,0,3,20,0
tide,greedy,skip,10077,1,1,4,9,30,0,0,0,5,20,0
tide,greedy,skip,10077,2,1,5,18,30,0,12,0,8,20,0
tide,greedy,skip,10077,3,1,9,14,30,0,52,0,16,20,0
tide,greedy,skip,10077,4,1,8,11,30,0,45,0,13,20,0
tide,greedy,skip,10078,0,1,2,26,30,0,0,0,3,20,0
tide,greedy,skip,10078,1,1,3,16,30,0,0,0,4,20,0
tide,greedy,skip,10078,2,1,6,13,30,0,15,0,10,20,0
tide,greedy,skip,10078,3,1,9,14,30,0,54,0,16,20,0
tide,greedy,skip,10078,4,1,7,13,30,0,36,0,11,20,0
tide,greedy,skip,10079,0,1,2,26,30,0,0,0,3,20,0
tide,greedy,skip,10079,1,1,2,23,30,0,0,0,4,20,0
tide,greedy,skip,10079,2,1,5,21,30,0,15,0,8,20,0
tide,greedy,skip,10079,3,1,8,12,30,0,42,0,14,20,0
tide,greedy,skip,10079,4,1,6,5,30,0,22,0,8,20,0
tide,greedy,skip,10080,0,1,2,26,30,0,0,0,3,20,0
tide,greedy,skip,10080,1,1,2,23,30,0,0,0,4,20,0
tide,greedy,skip,10080,2,1,5,21,30,0,15,0,8,20,0
tide,greedy,skip,10080,3,1,11,13,30,0,69,0,20,20,0
tide,greedy,skip,10080,4,1,12,17,30,0,101,0,22,20,0
tide,greedy,skip,10081,0,1,3,30,30,0,4,0,4,20,0
tide,greedy,skip,10081,1,1,4,16,30,0,7,0,5,20,0
tide,greedy,skip,10081,2,1,5,21,30,0,15,0,8,20,0
tide,greedy,skip,10081,3,1,7,21,30,0,37,0,12,20,0
tide,greedy,skip,10081,4,0,5,0,30,0,14,0,7,20,0
tide,greedy,skip,10082,0,1,2,26,30,0,0,0,3,20,0
tide,greedy,skip,10082,1,1,3,16,30,0,0,0,4,20,0
tide,greedy,skip,10082,2,1,5,13,30,0,7,0,8,20,0
tide,greedy,skip,10082,3,1,8,12,30,0,44,0,14,20,0
tide,greedy,skip,10082,4,1,7,3,30,0,32,0,10,20,0
tide,greedy,skip,10083,0,1,2,26,30,0,0,0,3,20,0
tide,greedy,skip,10083,1,1,2,28,30,0,0,0,4,20,0
tide,greedy,skip,10083,2,1,5,21,30,0,15,0,8,20,0
tide,greedy,skip,10083,3,1,11,12,30,0,70,0,21,20,0
tide,greedy,skip,10083,4,0,7,0,30,0,36,0,12,20,0
tide,greedy,skip,10084,0,1,3,30,30,0,4,0,4,20,0
tide,greedy,skip,10084,1,1,3,16,30,0,0,0,4,20,0
tide,greedy,skip,10084,2,1,5,22,30,0,16,0,9,20,0
tide,greedy,skip,10084,3,1,11,14,30,0,74,0,20,20,0
tide,greedy,skip,10084,4,1,8,3,30,0,41,0,13,20,0
tide,greedy,skip,10085,0,1,3,30,30,0,4,0,4,20,0
tide,greedy,skip,10085,1,1,3,23,30,0,7,0,5,20,0
tide,greedy,skip,10085,2,1,5,21,30,0,15,0,8,20,0
tide,greedy,skip,10085,3,1,7,21,30,0,43,0,13,20,0
tide,greedy,skip,10085,4,0,5,0,30,0,16,0,7,20,0
tide,greedy,skip,10086,0,1,2,28,30,0,0,0,3,20,0
tide,greedy,skip,10086,1,1,4,14,30,0,5,0,6,20,0
tide,greedy,skip,10086,2,1,6,18,30,0,20,0,10,20,0
tide,greedy,skip,10086,3,1,8,18,30,0,44,0,14,20,0
tide,greedy,skip,10086,4,1,7,14,30,0,35,0,11,20,0
tide,greedy,skip,10087,0,1,2,30,30,0,0,0,3,20,0
tide,greedy,skip,10087,1,1,3,23,30,0,7,0,5,20,0
tide,greedy,skip,10087,2,1,5,11,30,0,5,0,8,20,0
tide,greedy,skip,10087,3,1,9,8,30,0,52,0,16,20,0
tide,greedy,skip,10087,4,0,8,0,30,0,53,0,13,20,0
tide,greedy,skip,10088,0,1,3,30,30,0,4,0,4,20,0
tide,greedy,skip,10088,1,1,3,21,30,0,5,0,5,20,0
tide,greedy,skip,10088,2,1,5,19,30,0,13,0,9,20,0
tide,greedy,skip,10088,3,1,8,12,30,0,40,0,14,20,0
tide,greedy,skip,10088,4,0,5,0,30,0,22,0,8,20,0
tide,greedy,skip,10089,0,1,2,30,30,0,0,0,3,20,0
tide,greedy,skip,10089,1,1,3,23,30,0,7,0,5,20,0
tide,greedy,skip,10089,2,1,5,13,30,0,7,0,8,20,0
tide,greedy,skip,10089,3,1,8,12,30,0,42,0,14,20,0
tide,greedy,skip,10089,4,1,7,10,30,0,34,0,10,20,0
tide,greedy,skip,10090,0,1,3,30,30,0,4,0,4,20,0
tide,greedy,skip,10090,1,1,3,23,30,0,7,0,5,20,0
tide,greedy,skip,10090,2,1,4,14,30,0,0,0,6,20,0
tide,greedy,skip,10090,3,1,8,8,30,0,38,0,14,20,0
tide,greedy,skip,10090,4,1,9,4,30,0,50,0,14,20,0
tide,greedy,skip,10091,0,1,3,30,30,0,4,0,4,20,0
tide,greedy,skip,10091,1,1,2,23,30,0,0,0,4,20,0
tide,greedy,skip,10091,2,1,5,21,30,0,15,0,8,20,0
tide,greedy,skip,10091,3,1,7,17,30,0,33,0,13,20,0
tide,greedy,skip,10091,4,1,7,1,30,0,25,0,10,20,0
tide,greedy,skip,10092,0,1,2,30,30,0,0,0,3,20,0
tide,greedy,skip,10092,1,1,3,16,30,0,0,0,4,20,0
tide,greedy,skip,10092,2,1,5,21,30,0,15,0,8,20,0
tide,greedy,skip,10092,3,1,8,9,30,0,37,0,14,20,0
tide,greedy,skip,10092,4,0,6,0,30,0,28,0,9,20,0
tide,greedy,skip,10093,0,1,2,26,30,0,0,0,3,20,0
tide,greedy,skip,10093,1,1,3,16,30,0,0,0,4,20,0
tide,greedy,skip,10093,2,1,5,19,30,0,13,0,9,20,0
tide,greedy,skip,10093,3,1,9,12,30,0,50,0,15,20,0
tide,greedy,skip,10093,4,1,7,1,30,0,30,0,11,20,0
tide,greedy,skip,10094,0,1,2,30,30,0,0,0,3,20,0
tide,greedy,skip,10094,1,1,4,23,30,0,9,0,6,20,0
tide,greedy,skip,10094,2,1,5,18,30,0,12,0,8,20,0
tide,greedy,skip,10094,3,1,11,9,30,0,71,0,20,20,0
tide,greedy,skip,10094,4,1,10,5,30,0,62,0,16,20,0
tide,greedy,skip,10095,0,1,3,28,30,0,0,0,4,20,0
tide,greedy,skip,10095,1,1,3,16,30,0,0,0,4,20,0
tide,greedy,skip,10095,2,1,5,20,30,0,14,0,8,20,0
tide,greedy,skip,10095,3,1,8,8,30,0,36,0,13,20,0
tide,greedy,skip,10095,4,1,9,4,30,0,58,0,15,20,0
tide,greedy,skip,10096,0,1,2,26,30,0,0,0,3,20,0
tide,greedy,skip,10096,1,1,3,23,30,0,7,0,5,20,0
tide,greedy,skip,10096,2,1,6,13,30,0,15,0,10,20,0
tide,greedy,skip,10096,3,1,8,10,30,0,38,0,14,20,0
tide,greedy,skip,10096,4,1,9,2,30,0,57,0,14,20,0
tide,greedy,skip,10097,0,1,3,30,30,0,4,0,4,20,0
tide,greedy,skip,10097,1,1,3,16,30,0,0,0,4,20,0
tide,greedy,skip,10097,2,1,5,14,30,0,8,0,7,20,0
tide,greedy,skip,10097,3,1,8,9,30,0,41,0,15,20,0
tide,greedy,skip,10097,4,0,4,0,30,0,14,0,6,20,0
tide,greedy,skip,10098,0,1,2,30,30,0,0,0,3,20,0
tide,greedy,skip,10098,1,1,3,23,30,0,7,0,5,20,0
tide,greedy,skip,10098,2,1,5,21,30,0,15,0,8,20,0
tide,greedy,skip,10098,3,1,8,11,30,0,41,0,13,20,0
tide,greedy,skip,10098,4,1,8,9,30,0,45,0,12,20,0
tide,greedy,skip,10099,0,1,2,26,30,0,0,0,3,20,0
tide,greedy,skip,10099,1,1,4,23,30,0,14,0,6,20,0
tide,greedy,skip,10099,2,1,6,11,30,0,13,0,10,20,0
tide,greedy,skip,10099,3,1,8,14,30,0,46,0,15,20,0
tide,greedy,skip,10099,4,0,6,0,30,0,31,0,11,20,0
tide,greedy,skip,10100,0,1,3,26,30,0,0,0,4,20,0
tide,greedy,skip,10100,1,1,3,23,30,0,7,0,5,20,0
tide,greedy,skip,10100,2,1,6,13,30,0,15,0,10,20,0
tide,greedy,skip,10100,3,1,9,18,30,0,60,0,16,20,0
tide,greedy,skip,10100,4,1,9,5,30,0,57,0,15,20,0
tide,greedy,skip,10101,0,1,2,28,30,0,0,0,3,20,0
tide,greedy,skip,10101,1,1,3,21,30,0,5,0,5,20,0
tide,greedy,skip,10101,2,1,5,11,30,0,5,0,8,20,0
tide,greedy,skip,10101,3,1,11,14,30,0,76,0,20,20,0
tide,greedy,skip,10101,4,1,10,14,30,0,75,0,16,20,0
tide,greedy,skip,10102,0,1,2,26,30,0,0,0,3,20,0
tide,greedy,skip,10102,1,1,3,23,30,0,7,0,5,20,0
tide,greedy,skip,10102,2,1,5,20,30,0,14,0,8,20,0
tide,greedy,skip,10102,3,1,9,14,30,0,56,0,16,20,0
tide,greedy,skip,10102,4,0,5,0,30,0,21,0,8,20,0
tide,greedy,skip,10103,0,1,2,26,30,0,0,0,3,20,0
tide,greedy,skip,10103,1,1,3,17,30,0,0,0,4,20,0
tide,greedy,skip,10103,2,1,6,18,30,0,20,0,10,20,0
tide,greedy,skip,10103,3,1,8,17,30,0,45,0,14,20,0
tide,greedy,skip,10103,4,1,10,11,30,0,72,0,16,20,0
tide,greedy,skip,10104,0,1,2,26,30,0,0,0,3,20,0
tide,greedy,skip,10104,1,1,2,23,30,0,0,0,4,20,0
tide,greedy,skip,10104,2,1,5,13,30,0,7,0,8,20,0
tide,greedy,skip,10104,3,1,8,12,30,0,40,0,14,20,0
tide,greedy,skip,10104,4,0,10,0,30,0,75,0,17,20,0
tide,greedy,skip,10105,0,1,3,26,30,0,0,0,4,20,0
tide,greedy,skip,10105,1,1,3,23,30,0,7,0,5,20,0
tide,greedy,skip,10105,2,1,6,13,30,0,15,0,10,20,0
tide,greedy,skip,10105,3,1,6,13,30,0,21,0,9,20,0
tide,greedy,skip,10105,4,0,9,0,30,0,72,0,16,20,0
tide,greedy,skip,10106,0,1,2,26,30,0,0,0,3,20,0
tide,greedy,skip,10106,1,1,3,16,30,0,0,0,4,20,0
tide,greedy,skip,10106,2,1,5,19,30,0,13,0,8,20,0
tide,greedy,skip,10106,3,1,7,21,30,0,37,0,13,20,0
tide,greedy,skip,10106,4,0,4,0,30,0,10,0,6,20,0
tide,greedy,skip,10107,0,1,2,26,30,0,0,0,3,20,0
tide,greedy,skip,10107,1,1,4,16,30,0,7,0,6,20,0
tide,greedy,skip,10107,2,1,5,14,30,0,8,0,7,20,0
tide,greedy,skip,10107,3,1,8,13,30,0,41,0,14,20,0
tide,greedy,skip,10107,4,1,7,9,30,0,34,0,11,20,0
tide,greedy,skip,10108,0,1,2,26,30,0,0,0,3,20,0
tide,greedy,skip,10108,1,1,3,16,30,0,0,0,4,20,0
tide,greedy,skip,10108,2,1,5,21,30,0,15,0,9,20,0
tide,greedy,skip,10108,3,1,10,13,30,0,61,0,19,20,0
tide,greedy,skip,10108,4,1,10,11,30,0,67,0,16,20,0
tide,greedy,skip,10109,0,1,2,26,30,0,0,0,3,20,0
tide,greedy,skip,10109,1,1,3,16,30,0,0,0,4,20,0
tide,greedy,skip,10109,2,1,5,21,30,0,15,0,9,20,0
tide,greedy,skip,10109,3,1,10,24,30,0,70,0,19,20,0
tide,greedy,skip,10109,4,0,5,0,30,0,15,0,7,20,0
tide,greedy,skip,10110,0,1,3,26,30,0,4,0,4,20,0
tide,greedy,skip,10110,1,1,3,21,30,0,0,0,4,20,0
tide,greedy,skip,10110,2,1,5,14,30,0,8,0,8,20,0
tide,greedy,skip,10110,3,1,8,12,30,0,40,0,13,20,0
tide,greedy,skip,10110,4,1,6,8,30,0,20,0,9,20,0
tide,greedy,skip,10111,0,1,2,30,30,0,0,0,3,20,0
tide,greedy,skip,10111,1,1,2,23,30,0,0,0,4,20,0
tide,greedy,skip,10111,2,1,5,13,30,0,7,0,8,20,0
tide,greedy,skip,10111,3,1,10,16,30,0,64,0,18,20,0
tide,greedy,skip,10111,4,1,7,2,30,0,31,0,10,20,0
tide,greedy,skip,10112,0,1,3,26,30,0,0,0,4,20,0
tide,greedy,skip,10112,1,1,3,23,30,0,7,0,5,20,0
tide,greedy,skip,10112,2,1,5,22,30,0,16,0,9,20,0
tide,greedy,skip,10112,3,1,7,19,30,0,39,0,14,20,0
tide,greedy,skip,10112,4,1,8,9,30,0,46,0,12,20,0
tide,greedy,skip,10113,0,1,2,26,30,0,0,0,3,20,0
tide,greedy,skip,10113,1,1,3,23,30,0,7,0,5,20,0
tide,greedy,skip,10113,2,1,6,14,30,0,16,0,10,20,0
tide,greedy,skip,10113,3,1,10,23,30,0,69,0,19,20,0
tide,greedy,skip,10113,4,1,7,9,30,0,34,0,11,20,0
tide,greedy,skip,10114,0,1,2,26,30,0,0,0,3,20,0
tide,greedy,skip,10114,1,1,3,16,30,0,0,0,4,20,0
tide,greedy,skip,10114,2,1,6,21,30,0,23,0,10,20,0
tide,greedy,skip,10114,3,1,8,13,30,0,45,0,14,20,0
tide,greedy,skip,10114,4,1,10,1,30,0,65,0,16,20,0
tide,greedy,skip,10115,0,1,3,30,30,0,4,0,4,20,0
tide,greedy,skip,10115,1,1,3,16,30,0,0,0,4,20,0
tide,greedy,skip,10115,2,1,5,13,30,0,7,0,8,20,0
tide,greedy,skip,10115,3,1,6,12,30,0,22,0,10,20,0
tide,greedy,skip,10115,4,1,12,8,30,0,92,0,20,20,0
tide,greedy,skip,10116,0,1,2,26,30,0,0,0,3,20,0
tide,greedy,skip,10116,1,1,3,23,30,0,7,0,5,20,0
tide,greedy,skip,10116,2,1,5,11,30,0,5,0,8,20,0
tide,greedy,skip,10116,3,1,12,7,30,0,79,0,22,20,0
tide,greedy,skip,10116,4,1,10,9,30,0,69,0,16,20,0
tide,greedy,skip,10117,0,1,2,30,30,0,0,0,3,20,0
tide,greedy,skip,10117,1,1,3,16,30,0,0,0,4,20,0
tide,greedy,skip,10117,2,1,5,21,30,0,15,0,8,20,0
tide,greedy,skip,10117,3,1,7,15,30,0,35,0,12,20,0
tide,greedy,skip,10117,4,1,8,5,30,0,47,0,12,20,0
tide,greedy,skip,10118,0,1,2,26,30,0,0,0,3,20,0
tide,greedy,skip,10118,1,1,3,16,30,0,0,0,4,20,0
tide,greedy,skip,10118,2,1,5,21,30,0,15,0,9,20,0
tide,greedy,skip,10118,3,1,9,11,30,0,55,0,17,20,0
tide,greedy,skip,10118,4,1,8,9,30,0,47,0,13,20,0
tide,greedy,skip,10119,0,1,3,30,30,0,4,0,4,20,0
tide,greedy,skip,10119,1,1,3,16,30,0,0,0,4,20,0
tide,greedy,skip,10119,2,1,5,11,30,0,5,0,8,20,0
tide,greedy,skip,10119,3,1,9,19,30,0,61,0,18,20,0
tide,greedy,skip,10119,4,0,5,0,30,0,16,0,7,20,0
tide,greedy,skip,10120,0,1,2,26,30,0,0,0,3,20,0
tide,greedy,skip,10120,1,1,3,16,30,0,0,0,4,20,0
tide,greedy,skip,10120,2,1,5,15,30,0,9,0,8,20,0
tide,greedy,skip,10120,3,1,11,13,30,0,75,0,20,20,0
tide,greedy,skip,10120,4,1,9,9,30,0,62,0,15,20,0
tide,greedy,skip,10121,0,1,2,30,30,0,0,0,3,20,0
tide,greedy,skip,10121,1,1,3,17,30,0,0,0,4,20,0
tide,greedy,skip,10121,2,1,5,18,30,0,12,0,8,20,0
tide,greedy,skip,10121,3,1,9,22,30,0,60,0,17,20,0
tide,greedy,skip,10121,4,0,6,0,30,0,29,0,9,20,0
tide,greedy,skip,10122,0,1,2,26,30,0,0,0,3,20,0
tide,greedy,skip,10122,1,1,2,23,30,0,0,0,4,20,0
tide,greedy,skip,10122,2,1,5,22,30,0,16,0,9,20,0
tide,greedy,skip,10122,3,1,9,16,30,0,54,0,16,20,0
tide,greedy,skip,10122,4,0,5,0,30,0,17,0,8,20,0
tide,greedy,skip,10123,0,1,2,26,30,0,0,0,3,20,0
tide,greedy,skip,10123,1,1,3,23,30,0,7,0,5,20,0
tide,greedy,skip,10123,2,1,5,14,30,0,8,0,8,20,0
tide,greedy,skip,10123,3,1,8,13,30,0,43,0,14,20,0
tide,greedy,skip,10123,4,0,6,0,30,0,28,0,10,20,0
tide,greedy,skip,10124,0,1,2,26,30,0,0,0,3,20,0
tide,greedy,skip,10124,1,1,2,23,30,0,0,0,4,20,0
tide,greedy,skip,10124,2,1,6,11,30,0,13,0,10,20,0
tide,greedy,skip,10124,3,1,7,14,30,0,30,0,12,20,0
tide,greedy,skip,10124,4,1,7,8,30,0,32,0,11,20,0
tide,greedy,skip,10125,0,1,3,30,30,0,4,0,4,20,0
tide,greedy,skip,10125,1,1,4,16,30,0,7,0,5,20,0
tide,greedy,skip,10125,2,1,5,11,30,0,5,0,8,20,0
tide,greedy,skip,10125,3,1,9,19,30,0,59,0,17,20,0
tide,greedy,skip,10125,4,1,6,2,30,0,17,0,8,20,0
tide,greedy,skip,10126,0,1,2,26,30,0,0,0,3,20,0
tide,greedy,skip,10126,1,1,3,21,30,0,0,0,4,20,0
tide,greedy,skip,10126,2,1,5,16,30,0,10,0,7,20,0
tide,greedy,skip,10126,3,1,11,9,30,0,67,0,21,20,0
tide,greedy,skip,10126,4,1,6,7,30,0,22,0,9,20,0
tide,greedy,skip,10127,0,1,2,26,30,0,0,0,3,20,0
tide,greedy,skip,10127,1,1,4,9,30,0,0,0,5,20,0
tide,greedy,skip,10127,2,1,5,11,30,0,5,0,8,20,0
tide,greedy,skip,10127,3,1,8,8,30,0,38,0,12,20,0
tide,greedy,skip,10127,4,0,9,0,30,0,60,0,15,20,0
tide,greedy,skip,10128,0,1,3,30,30,0,4,0,4,20,0
tide,greedy,skip,10128,1,1,3,23,30,0,7,0,5,20,0
tide,greedy,skip,10128,2,1,5,21,30,0,15,0,8,20,0
tide,greedy,skip,10128,3,1,10,16,30,0,64,0,18,20,0
tide,greedy,skip,10128,4,0,5,0,30,0,17,0,7,20,0
tide,greedy,skip,10129,0,1,3,26,30,0,0,0,4,20,0
tide,greedy,skip,10129,1,1,3,16,30,0,0,0,4,20,0
tide,greedy,skip,10129,2,1,6,19,30,0,21,0,11,20,0
tide,greedy,skip,10129,3,1,9,10,30,0,54,0,16,20,0
tide,greedy,skip,10129,4,0,5,0,30,0,17,0,7,20,0
tide,greedy,skip,10130,0,1,2,26,30,0,0,0,3,20,0
tide,greedy,skip,10130,1,1,3,16,30,0,0,0,4,20,0
tide,greedy,skip,10130,2,1,6,14,30,0,16,0,10,20,0
tide,greedy,skip,10130,3,1,9,15,30,0,53,0,16,20,0
tide,greedy,skip,10130,4,1,9,3,30,0,54,0,14,20,0
tide,greedy,skip,10131,0,1,2,26,30,0,0,0,3,20,0
tide,greedy,skip,10131,1,1,3,23,30,0,7,0,5,20,0
tide,greedy,skip,10131,2,1,4,14,30,0,0,0,6,20,0
tide,greedy,skip,10131,3,1,10,16,30,0,64,0,18,20,0
tide,greedy,skip,10131,4,1,10,9,30,0,73,0,16,20,0
tide,greedy,skip,10132,0,1,2,30,30,0,0,0,3,20,0
tide,greedy,skip,10132,1,1,2,23,30,0,0,0,4,20,0
tide,greedy,skip,10132,2,1,5,21,30,0,15,0,9,20,0
tide,greedy,skip,10132,3,1,8,14,30,0,46,0,14,20,0
tide,greedy,skip,10132,4,0,7,0,30,0,40,0,11,20,0
tide,greedy,skip,10133,0,1,3,26,30,0,0,0,4,20,0
tide,greedy,skip,10133,1,1,3,16,30,0,0,0,4,20,0
tide,greedy,skip,10133,2,1,5,20,30,0,14,0,8,20,0
tide,greedy,skip,10133,3,1,8,12,30,0,38,0,14,20,0
tide,greedy,skip,10133,4,1,6,5,30,0,21,0,9,20,0
tide,greedy,skip,10134,0,1,3,30,30,0,4,0,4,20,0
tide,greedy,skip,10134,1,1,3,23,30,0,7,0,5,20,0
tide,greedy,skip,10134,2,1,5,14,30,0,8,0,8,20,0
tide,greedy,skip,10134,3,1,8,12,30,0,44,0,14,20,0
tide,greedy,skip,10134,4,1,7,13,30,0,36,0,10,20,0
tide,greedy,skip,10135,0,1,2,26,30,0,0,0,3,20,0
tide,greedy,skip,10135,1,1,3,16,30,0,0,0,4,20,0
tide,greedy,skip,10135,2,1,5,22,30,0,16,0,9,20,0
tide,greedy,skip,10135,3,1,11,10,30,0,68,0,20,20,0
tide,greedy,skip,10135,4,0,6,0,30,0,29,0,9,20,0
tide,greedy,skip,10136,0,1,2,30,30,0,0,0,3,20,0
tide,greedy,skip,10136,1,1,3,16,30,0,0,0,4,20,0
tide,greedy,skip,10136,2,1,4,15,30,0,0,0,6,20,0
tide,greedy,skip,10136,3,1,8,9,30,0,41,0,15,20,0
tide,greedy,skip,10136,4,1,8,2,30,0,45,0,13,20,0
tide,greedy,skip,10137,0,1,2,26,30,0,0,0,3,20,0
tide,greedy,skip,10137,1,1,3,23,30,0,7,0,5,20,0
tide,greedy,skip,10137,2,1,5,13,30,0,7,0,8,20,0
tide,greedy,skip,10137,3,1,10,20,30,0,70,0,19,20,0
tide,greedy,skip,10137,4,1,10,12,30,0,74,0,17,20,0
tide,greedy,skip,10138,0,1,2,30,30,0,0,0,3,20,0
tide,greedy,skip,10138,1,1,3,17,30,0,0,0,4,20,0
tide,greedy,skip,10138,2,1,5,18,30,0,12,0,8,20,0
tide,greedy,skip,10138,3,1,10,13,30,0,61,0,18,20,0
tide,greedy,skip,10138,4,0,14,0,30,0,122,0,26,20,0
tide,greedy,skip,10139,0,1,2,26,30,0,0,0,3,20,0
tide,greedy,skip,10139,1,1,3,23,30,0,2,0,5,20,0
tide,greedy,skip,10139,2,1,5,13,30,0,7,0,8,20,0
tide,greedy,skip,10139,3,1,9,8,30,0,52,0,16,20,0
tide,greedy,skip,10139,4,1,8,6,30,0,47,0,13,20,0
tide,greedy,skip,10140,0,1,3,26,30,0,4,0,4,20,0
tide,greedy,skip,10140,1,1,4,23,30,0,14,0,6,20,0
tide,greedy,skip,10140,2,1,5,21,30,0,15,0,8,20,0
tide,greedy,skip,10140,3,1,11,11,30,0,67,0,20,20,0
tide,greedy,skip,10140,4,1,15,4,30,0,122,0,27,20,0
tide,greedy,skip,10141,0,1,3,30,30,0,4,0,4,20,0
tide,greedy,skip,10141,1,1,3,21,30,0,5,0,5,20,0
tide,greedy,skip,10141,2,1,4,19,30,0,5,0,7,20,0
tide,greedy,skip,10141,3,1,8,7,30,0,39,0,14,20,0
tide,greedy,skip,10141,4,0,5,0,30,0,16,0,8,20,0
tide,greedy,skip,10142,0,1,2,30,30,0,0,0,3,20,0
tide,greedy,skip,10142,1,1,2,23,30,0,0,0,4,20,0
tide,greedy,skip,10142,2,1,6,14,30,0,16,0,10,20,0
tide,greedy,skip,10142,3,1,8,7,30,0,37,0,13,20,0
tide,greedy,skip,10142,4,1,11,8,30,0,81,0,18,20,0
tide,greedy,skip,10143,0,1,2,30,30,0,0,0,3,20,0
tide,greedy,skip,10143,1,1,3,16,30,0,0,0,4,20,0
tide,greedy,skip,10143,2,1,5,11,30,0,5,0,8,20,0
tide,greedy,skip,10143,3,1,11,18,30,0,76,0,20,20,0
tide,greedy,skip,10143,4,0,5,0,30,0,20,0,7,20,0
tide,greedy,skip,10144,0,1,2,26,30,0,0,0,3,20,0
tide,greedy,skip,10144,1,1,3,16,30,0,0,0,4,20,0
tide,greedy,skip,10144,2,1,6,13,30,0,15,0,9,20,0
tide,greedy,skip,10144,3,1,8,13,30,0,45,0,14,20,0
tide,greedy,skip,10144,4,1,13,9,30,0,99,0,22,20,0
tide,greedy,skip,10145,0,1,3,30,30,0,4,0,4,20,0
tide,greedy,skip,10145,1,1,2,23,30,0,0,0,4,20,0
tide,greedy,skip,10145,2,1,5,22,30,0,16,0,8,20,0
tide,greedy,skip,10145,3,1,11,12,30,0,70,0,20,20,0
tide,greedy,skip,10145,4,1,6,3,30,0,20,0,9,20,0
tide,greedy,skip,10146,0,1,3,30,30,0,4,0,4,20,0
tide,greedy,skip,10146,1,1,3,23,30,0,6,0,5,20,0
tide,greedy,skip,10146,2,1,5,13,30,0,7,0,8,20,0
tide,greedy,skip,10146,3,1,9,8,30,0,52,0,16,20,0
tide,greedy,skip,10146,4,1,11,11,30,0,87,0,20,20,0
tide,greedy,skip,10147,0,1,3,30,30,0,4,0,4,20,0
tide,greedy,skip,10147,1,1,2,23,30,0,0,0,4,20,0
tide,greedy,skip,10147,2,1,5,11,30,0,5,0,8,20,0
tide,greedy,skip,10147,3,1,8,17,30,0,45,0,14,20,0
tide,greedy,skip,10147,4,0,5,0,30,0,15,0,7,20,0
tide,greedy,skip,10148,0,1,2,26,30,0,0,0,3,20,0
tide,greedy,skip,10148,1,1,3,23,30,0,7,0,5,20,0
tide,greedy,skip,10148,2,1,5,19,30,0,13,0,9,20,0
tide,greedy,skip,10148,3,1,11,11,30,0,71,0,20,20,0
tide,greedy,skip,10148,4,0,10,0,30,0,70,0,18,20,0
tide,greedy,skip,10149,0,1,2,26,30,0,0,0,3,20,0
tide,greedy,skip,10149,1,1,3,23,30,0,7,0,5,20,0
tide,greedy,skip,10149,2,1,5,21,30,0,15,0,9,20,0
tide,greedy,skip,10149,3,1,9,11,30,0,53,0,16,20,0
tide,greedy,skip,10149,4,0,4,0,30,0,16,0,6,20,0
tide,greedy,skip,10150,0,1,3,26,30,0,0,0,4,20,0
tide,greedy,skip,10150,1,1,3,21,30,0,5,0,5,20,0
tide,greedy,skip,10150,2,1,6,21,30,0,23,0,10,20,0
tide,greedy,skip,10150,3,1,8,13,30,0,45,0,14,20,0
tide,greedy,skip,10150,4,0,4,0,30,0,10,0,6,20,0
tide,greedy,skip,10151,0,1,2,26,30,0,0,0,3,20,0
tide,greedy,skip,10151,1,1,3,23,30,0,7,0,5,20,0
tide,greedy,skip,10151,2,1,6,14,30,0,16,0,10,20,0
tide,greedy,skip,10151,3,1,8,16,30,0,48,0,14,20,0
tide,greedy,skip,10151,4,1,9,3,30,0,56,0,14,20,0
tide,greedy,skip,10152,0,1,3,30,30,0,2,0,4,20,0
tide,greedy,skip,10152,1,1,4,16,30,0,7,0,6,20,0
tide,greedy,skip,10152,2,1,4,15,30,0,0,0,6,20,0
tide,greedy,skip,10152,3,1,7,13,30,0,31,0,13,20,0
tide,greedy,skip,10152,4,1,9,11,30,0,58,0,15,20,0
tide,greedy,skip,10153,0,1,2,26,30,0,0,0,3,20,0
tide,greedy,skip,10153,1,1,2,23,30,0,0,0,4,20,0
tide,greedy,skip,10153,2,1,5,19,30,0,13,0,9,20,0
tide,greedy,skip,10153,3,1,8,10,30,0,42,0,14,20,0
tide,greedy,skip,10153,4,0,6,0,30,0,28,0,9,20,0
tide,greedy,skip,10154,0,1,2,26,30,0,0,0,3,20,0
tide,greedy,skip,10154,1,1,3,16,30,0,0,0,4,20,0
tide,greedy,skip,10154,2,1,5,14,30,0,8,0,8,20,0
tide,greedy,skip,10154,3,1,8,13,30,0,41,0,14,20,0
tide,greedy,skip,10154,4,1,8,1,30,0,41,0,12,20,0
tide,greedy,skip,10155,0,1,3,26,30,0,0,0,4,20,0
tide,greedy,skip,10155,1,1,3,16,30,0,0,0,4,20,0
tide,greedy,skip,10155,2,1,6,13,30,0,15,0,10,20,0
tide,greedy,skip,10155,3,1,6,13,30,0,27,0,11,20,0
tide,greedy,skip,10155,4,1,9,1,30,0,54,0,15,20,0
tide,greedy,skip,10156,0,1,3,30,30,0,4,0,4,20,0
tide,greedy,skip,10156,1,1,2,23,30,0,0,0,4,20,0
tide,greedy,skip,10156,2,1,5,11,30,0,5,0,8,20,0
tide,greedy,skip,10156,3,1,8,8,30,0,38,0,14,20,0
tide,greedy,skip,10156,4,0,5,0,30,0,20,0,7,20,0
tide,greedy,skip,10157,0,1,3,30,30,0,4,0,4,20,0
tide,greedy,skip,10157,1,1,2,23,30,0,0,0,4,20,0
tide,greedy,skip,10157,2,1,5,20,30,0,14,0,8,20,0
tide,greedy,skip,10157,3,1,7,20,30,0,38,0,13,20,0
tide,greedy,skip,10157,4,0,8,0,30,0,55,0,13,20,0
tide,greedy,skip,10158,0,1,2,30,30,0,0,0,3,20,0
tide,greedy,skip,10158,1,1,3,23,30,0,7,0,5,20,0
tide,greedy,skip,10158,2,1,6,22,30,0,24,0,10,20,0
tide,greedy,skip,10158,3,1,10,20,30,0,66,0,18,20,0
tide,greedy,skip,10158,4,0,4,0,30,0,16,0,6,20,0
tide,greedy,skip,10159,0,1,3,26,30,0,0,0,4,20,0
tide,greedy,skip,10159,1,1,3,21,30,0,5,0,5,20,0
tide,greedy,skip,10159,2,1,5,18,30,0,12,0,8,20,0
tide,greedy,skip,10159,3,1,10,13,30,0,61,0,17,20,0
tide,greedy,skip,10159,4,1,9,8,30,0,61,0,15,20,0
tide,greedy,skip,10160,0,1,2,26,30,0,0,0,3,20,0
tide,greedy,skip,10160,1,1,3,16,30,0,0,0,4,20,0
tide,greedy,skip,10160,2,1,5,14,30,0,8,0,7,20,0
tide,greedy,skip,10160,3,1,10,19,30,0,65,0,20,20,0
tide,greedy,skip,10160,4,1,11,4,30,0,79,0,18,20,0
tide,greedy,skip,10161,0,1,2,26,30,0,0,0,3,20,0
tide,greedy,skip,10161,1,1,3,16,30,0,0,0,4,20,0
tide,greedy,skip,10161,2,1,5,14,30,0,7,0,8,20,0
tide,greedy,skip,10161,3,1,10,18,30,0,64,0,18,20,0
tide,greedy,skip,10161,4,0,9,0,30,0,62,0,15,20,0
tide,greedy,skip,10162,0,1,2,26,30,0,0,0,3,20,0
tide,greedy,skip,10162,1,1,3,23,30,0,7,0,5,20,0
tide,greedy,skip,10162,2,1,5,14,30,0,8,0,8,20,0
tide,greedy,skip,10162,3,1,8,11,30,0,43,0,14,20,0
tide,greedy,skip,10162,4,1,11,11,30,0,82,0,18,20,0
tide,greedy,skip,10163,0,1,3,26,30,0,0,0,4,20,0
tide,greedy,skip,10163,1,1,3,16,30,0,0,0,4,20,0
tide,greedy,skip,10163,2,1,5,13,30,0,7,0,8,20,0
tide,greedy,skip,10163,3,1,7,21,30,0,39,0,13,20,0
tide,greedy,skip,10163,4,0,7,0,30,0,40,0,11,20,0
tide,greedy,skip,10164,0,1,3,30,30,0,4,0,4,20,0
tide,greedy,skip,10164,1,1,4,23,30,0,14,0,6,20,0
tide,greedy,skip,10164,2,1,4,14,30,0,0,0,6,20,0
tide,greedy,skip,10164,3,1,8,9,30,0,37,0,13,20,0
tide,greedy,skip,10164,4,0,7,0,30,0,41,0,12,20,0
tide,greedy,skip,10165,0,1,2,30,30,0,0,0,3,20,0
tide,greedy,skip,10165,1,1,2,24,30,0,0,0,4,20,0
tide,greedy,skip,10165,2,1,5,19,30,0,13,0,8,20,0
tide,greedy,skip,10165,3,1,9,19,30,0,57,0,17,20,0
tide,greedy,skip,10165,4,1,11,10,30,0,83,0,19,20,0
tide,greedy,skip,10166,0,1,3,30,30,0,4,0,4,20,0
tide,greedy,skip,10166,1,1,3,23,30,0,7,0,5,20,0
tide,greedy,skip,10166,2,1,5,13,30,0,7,0,8,20,0
tide,greedy,skip,10166,3,1,8,10,30,0,38,0,14,20,0
tide,greedy,skip,10166,4,1,7,3,30,0,28,0,10,20,0
tide,greedy,skip,10167,0,1,2,26,30,0,0,0,3,20,0
tide,greedy,skip,10167,1,1,3,17,30,0,0,0,4,20,0
tide,greedy,skip,10167,2,1,7,18,30,0,28,0,12,20,0
tide,greedy,skip,10167,3,1,9,9,30,0,53,0,16,20,0
tide,greedy,skip,10167,4,0,5,0,30,0,19,0,7,20,0
tide,greedy,skip,10168,0,1,3,30,30,0,4,0,4,20,0
tide,greedy,skip,10168,1,1,3,16,30,0,0,0,4,20,0
tide,greedy,skip,10168,2,1,5,19,30,0,13,0,9,20,0
tide,greedy,skip,10168,3,1,10,24,30,0,72,0,19,20,0
tide,greedy,skip,10168,4,1,8,1,30,0,42,0,12,20,0
tide,greedy,skip,10169,0,1,2,26,30,0,0,0,3,20,0
tide,greedy,skip,10169,1,1,4,23,30,0,14,0,6,20,0
tide,greedy,skip,10169,2,1,4,14,30,0,0,0,6,20,0
tide,greedy,skip,10169,3,1,8,17,30,0,47,0,14,20,0
tide,greedy,skip,10169,4,0,4,0,30,0,15,0,6,20,0
tide,greedy,skip,10170,0,1,3,26,30,0,0,0,4,20,0
tide,greedy,skip,10170,1,1,3,23,30,0,7,0,5,20,0
tide,greedy,skip,10170,2,1,5,22,30,0,16,0,9,20,0
tide,greedy,skip,10170,3,1,8,8,30,0,38,0,13,20,0
tide,greedy,skip,10170,4,0,3,0,30,0,4,0,4,20,0
tide,greedy,skip,10171,0,1,2,30,30,0,0,0,3,20,0
tide,greedy,skip,10171,1,1,3,21,30,0,5,0,5,20,0
tide,greedy,skip,10171,2,1,5,19,30,0,13,0,8,20,0
tide,greedy,skip,10171,3,1,8,13,30,0,43,0,14,20,0
tide,greedy,skip,10171,4,1,7,12,30,0,36,0,10,20,0
tide,greedy,skip,10172,0,1,2,30,30,0,0,0,3,20,0
tide,greedy,skip,10172,1,1,3,21,30,0,5,0,5,20,0
tide,greedy,skip,10172,2,1,5,21,30,0,15,0,8,20,0
tide,greedy,skip,10172,3,1,14,15,30,0,105,0,27,20,0
tide,greedy,skip,10172,4,0,11,0,30,0,84,0,19,20,0
tide,greedy,skip,10173,0,1,2,26,30,0,0,0,3,20,0
tide,greedy,skip,10173,1,1,3,16,30,0,0,0,4,20,0
tide,greedy,skip,10173,2,1,5,21,30,0,15,0,8,20,0
tide,greedy,skip,10173,3,1,10,20,30,0,68,0,18,20,0
tide,greedy,skip,10173,4,0,5,0,30,0,13,0,7,20,0
tide,greedy,skip,10174,0,1,3,30,30,0,4,0,4,20,0
tide,greedy,skip,10174,1,1,3,23,30,0,2,0,5,20,0
tide,greedy,skip,10174,2,1,5,14,30,0,8,0,8,20,0
tide,greedy,skip,10174,3,1,10,16,30,0,64,0,18,20,0
tide,greedy,skip,10174,4,1,5,3,30,0,13,0,8,20,0
tide,greedy,skip,10175,0,1,3,26,30,0,4,0,4,20,0
tide,greedy,skip,10175,1,1,3,16,30,0,0,0,4,20,0
tide,greedy,skip,10175,2,1,5,18,30,0,12,0,8,20,0
tide,greedy,skip,10175,3,1,9,10,30,0,54,0,16,20,0
tide,greedy,skip,10175,4,0,9,0,30,0,64,0,17,20,0
tide,greedy,skip,10176,0,1,3,26,30,0,0,0,4,20,0
tide,greedy,skip,10176,1,1,4,23,30,0,14,0,6,20,0
tide,greedy,skip,10176,2,1,5,21,30,0,15,0,8,20,0
tide,greedy,skip,10176,3,1,8,12,30,0,42,0,14,20,0
tide,greedy,skip,10176,4,1,9,1,30,0,55,0,14,20,0
tide,greedy,skip,10177,0,1,2,26,30,0,0,0,3,20,0
tide,greedy,skip,10177,1,1,4,16,30,0,6,0,5,20,0
tide,greedy,skip,10177,2,1,5,14,30,0,8,0,7,20,0
tide,greedy,skip,10177,3,1,8,18,30,0,46,0,14,20,0
tide,greedy,skip,10177,4,1,14,5,30,0,114,0,24,20,0
tide,greedy,skip,10178,0,1,2,26,30,0,0,0,3,20,0
tide,greedy,skip,10178,1,1,2,23,30,0,0,0,4,20,0
tide,greedy,skip,10178,2,1,5,19,30,0,13,0,9,20,0
tide,greedy,skip,10178,3,1,8,9,30,0,35,0,13,20,0
tide,greedy,skip,10178,4,1,7,6,30,0,33,0,10,20,0
tide,greedy,skip,10179,0,1,2,26,30,0,0,0,3,20,0
tide,greedy,skip,10179,1,1,3,23,30,0,7,0,5,20,0
tide,greedy,skip,10179,2,1,6,22,30,0,24,0,10,20,0
tide,greedy,skip,10179,3,1,9,9,30,0,51,0,16,20,0
tide,greedy,skip,10179,4,0,5,0,30,0,12,0,7,20,0
tide,greedy,skip,10180,0,1,3,30,30,0,4,0,4,20,0
tide,greedy,skip,10180,1,1,4,16,30,0,7,0,6,20,0
tide,greedy,skip,10180,2,1,5,19,30,0,13,0,8,20,0
tide,greedy,skip,10180,3,1,6,14,30,0,28,0,11,20,0
tide,greedy,skip,10180,4,1,5,4,30,0,10,0,7,20,0
tide,greedy,skip,10181,0,1,2,26,30,0,0,0,3,20,0
tide,greedy,skip,10181,1,1,3,16,30,0,0,0,4,20,0
tide,greedy,skip,10181,2,1,5,14,30,0,8,0,7,20,0
tide,greedy,skip,10181,3,1,8,16,30,0,42,0,13,20,0
tide,greedy,skip,10181,4,1,10,3,30,0,70,0,16,20,0
tide,greedy,skip,10182,0,1,2,26,30,0,0,0,3,20,0
tide,greedy,skip,10182,1,1,3,16,30,0,0,0,4,20,0
tide,greedy,skip,10182,2,1,5,21,30,0,15,0,9,20,0
tide,greedy,skip,10182,3,1,9,14,30,0,54,0,16,20,0
tide,greedy,skip,10182,4,0,7,0,30,0,45,0,11,20,0
tide,greedy,skip,10183,0,1,2,30,30,0,0,0,3,20,0
tide,greedy,skip,10183,1,1,3,21,30,0,5,0,5,20,0
tide,greedy,skip,10183,2,1,5,21,30,0,15,0,9,20,0
tide,greedy,skip,10183,3,1,8,12,30,0,40,0,14,20,0
tide,greedy,skip,10183,4,0,5,0,30,0,16,0,7,20,0
tide,greedy,skip,10184,0,1,3,26,30,0,0,0,4,20,0
tide,greedy,skip,10184,1,1,3,26,30,0,5,0,5,20,0
tide,greedy,skip,10184,2,1,5,20,30,0,14,0,8,20,0
tide,greedy,skip,10184,3,1,8,8,30,0,38,0,14,20,0
tide,greedy,skip,10184,4,1,7,9,30,0,33,0,11,20,0
tide,greedy,skip,10185,0,1,3,30,30,0,4,0,4,20,0
tide,greedy,skip,10185,1,1,3,23,30,0,7,0,5,20,0
tide,greedy,skip,10185,2,1,5,14,30,0,8,0,8,20,0
tide,greedy,skip,10185,3,1,7,14,30,0,28,0,11,20,0
tide,greedy,skip,10185,4,0,6,0,30,0,30,0,9,20,0
tide,greedy,skip,10186,0,1,2,26,30,0,0,0,3,20,0
tide,greedy,skip,10186,1,1,3,23,30,0,7,0,5,20,0
tide,greedy,skip,10186,2,1,5,21,30,0,15,0,8,20,0
tide,greedy,skip,10186,3,1,10,24,30,0,72,0,20,20,0
tide,greedy,skip,10186,4,1,5,8,30,0,10,0,6,20,0
tide,greedy,skip,10187,0,1,3,26,30,0,0,0,4,20,0
tide,greedy,skip,10187,1,1,3,21,30,0,0,0,4,20,0
tide,greedy,skip,10187,2,1,4,21,30,0,7,0,7,20,0
tide,greedy,skip,10187,3,1,8,8,30,0,36,0,14,20,0
tide,greedy,skip,10187,4,1,8,7,30,0,44,0,12,20,0
tide,greedy,skip,10188,0,1,2,26,30,0,0,0,3,20,0
tide,greedy,skip,10188,1,1,3,16,30,0,0,0,4,20,0
tide,greedy,skip,10188,2,1,5,13,30,0,7,0,8,20,0
tide,greedy,skip,10188,3,1,10,20,30,0,68,0,19,20,0
tide,greedy,skip,10188,4,1,10,16,30,0,74,0,18,20,0
tide,greedy,skip,10189,0,1,2,26,30,0,0,0,3,20,0
tide,greedy,skip,10189,1,1,4,21,30,0,12,0,6,20,0
tide,greedy,skip,10189,2,1,5,21,30,0,15,0,8,20,0
tide,greedy,skip,10189,3,1,13,14,30,0,90,0,24,20,0
tide,greedy,skip,10189,4,1,7,6,30,0,32,0,10,20,0
tide,greedy,skip,10190,0,1,2,26,30,0,0,0,3,20,0
tide,greedy,skip,10190,1,1,3,16,30,0,0,0,4,20,0
tide,greedy,skip,10190,2,1,5,14,30,0,8,0,7,20,0
tide,greedy,skip,10190,3,1,11,15,30,0,73,0,20,20,0
tide,greedy,skip,10190,4,1,7,12,30,0,34,0,11,20,0
tide,greedy,skip,10191,0,1,3,30,30,0,4,0,4,20,0
tide,greedy,skip,10191,1,1,3,16,30,0,0,0,4,20,0
tide,greedy,skip,10191,2,1,5,14,30,0,8,0,8,20,0
tide,greedy,skip,10191,3,1,11,12,30,0,70,0,20,20,0
tide,greedy,skip,10191,4,1,10,1,30,0,67,0,16,20,0
tide,greedy,skip,10192,0,1,2,30,30,0,0,0,3,20,0
tide,greedy,skip,10192,1,1,3,16,30,0,0,0,4,20,0
tide,greedy,skip,10192,2,1,6,14,30,0,16,0,10,20,0
tide,greedy,skip,10192,3,1,8,15,30,0,43,0,15,20,0
tide,greedy,skip,10192,4,1,12,5,30,0,91,0,21,20,0
tide,greedy,skip,10193,0,1,2,28,30,0,0,0,3,20,0
tide,greedy,skip,10193,1,1,3,23,30,0,7,0,5,20,0
tide,greedy,skip,10193,2,1,5,11,30,0,5,0,8,20,0
tide,greedy,skip,10193,3,1,8,7,30,0,33,0,14,20,0
tide,greedy,skip,10193,4,1,6,2,30,0,24,0,10,20,0
tide,greedy,skip,10194,0,1,2,26,30,0,0,0,3,20,0
tide,greedy,skip,10194,1,1,3,23,30,0,7,0,5,20,0
tide,greedy,skip,10194,2,1,5,19,30,0,13,0,9,20,0
tide,greedy,skip,10194,3,1,8,13,30,0,45,0,14,20,0
tide,greedy,skip,10194,4,1,18,7,30,0,162,0,32,20,0
tide,greedy,skip,10195,0,1,2,30,30,0,0,0,3,20,0
tide,greedy,skip,10195,1,1,3,16,30,0,0,0,4,20,0
tide,greedy,skip,10195,2,1,4,14,30,0,0,0,6,20,0
tide,greedy,skip,10195,3,1,8,15,30,0,45,0,14,20,0
tide,greedy,skip,10195,4,1,7,5,30,0,30,0,11,20,0
tide,greedy,skip,10196,0,1,2,30,30,0,0,0,3,20,0
tide,greedy,skip,10196,1,1,3,16,30,0,0,0,4,20,0
tide,greedy,skip,10196,2,1,5,20,30,0,14,0,8,20,0
tide,greedy,skip,10196,3,1,10,18,30,0,64,0,17,20,0
tide,greedy,skip,10196,4,1,11,3,30,0,78,0,19,20,0
tide,greedy,skip,10197,0,1,2,26,30,0,0,0,3,20,0
tide,greedy,skip,10197,1,1,3,21,30,0,0,0,4,20,0
tide,greedy,skip,10197,2,1,5,22,30,0,16,0,9,20,0
tide,greedy,skip,10197,3,1,8,11,30,0,39,0,14,20,0
tide,greedy,skip,10197,4,0,5,0,30,0,16,0,7,20,0
tide,greedy,skip,10198,0,1,2,30,30,0,0,0,3,20,0
tide,greedy,skip,10198,1,1,3,16,30,0,0,0,4,20,0
tide,greedy,skip,10198,2,1,5,19,30,0,13,0,9,20,0
tide,greedy,skip,10198,3,1,7,20,30,0,36,0,12,20,0
tide,greedy,skip,10198,4,1,8,5,30,0,42,0,12,20,0
tide,greedy,skip,10199,0,1,2,30,30,0,0,0,3,20,0
tide,greedy,skip,10199,1,1,4,23,30,0,14,0,6,20,0
tide,greedy,skip,10199,2,1,5,13,30,0,7,0,8,20,0
tide,greedy,skip,10199,3,1,9,19,30,0,61,0,17,20,0
tide,greedy,skip,10199,4,1,9,14,30,0,63,0,15,20,0
tide,greedy,skip,10200,0,1,2,26,30,0,0,0,3,20,0
tide,greedy,skip,10200,1,1,3,23,30,0,7,0,5,20,0
tide,greedy,skip,10200,2,1,5,22,30,0,16,0,9,20,0
tide,greedy,skip,10200,3,1,9,7,30,0,51,0,17,20,0
tide,greedy,skip,10200,4,0,5,0,30,0,18,0,7,20,0
tide,greedy,skip,10201,0,1,2,26,30,0,0,0,3,20,0
tide,greedy,skip,10201,1,1,3,21,30,0,5,0,5,20,0
tide,greedy,skip,10201,2,1,5,14,30,0,8,0,7,20,0
tide,greedy,skip,10201,3,1,7,22,30,0,38,0,14,20,0
tide,greedy,skip,10201,4,1,10,7,30,0,67,0,17,20,0
tide,greedy,skip,10202,0,1,3,30,30,0,4,0,4,20,0
tide,greedy,skip,10202,1,1,4,23,30,0,9,0,6,20,0
tide,greedy,skip,10202,2,1,6,13,30,0,15,0,9,20,0
tide,greedy,skip,10202,3,1,8,8,30,0,40,0,14,20,0
tide,greedy,skip,10202,4,1,9,8,30,0,59,0,14,20,0
tide,greedy,skip,10203,0,1,2,26,30,0,0,0,3,20,0
tide,greedy,skip,10203,1,1,3,23,30,0,7,0,5,20,0
tide,greedy,skip,10203,2,1,7,14,30,0,24,0,11,20,0
tide,greedy,skip,10203,3,1,11,8,30,0,66,0,20,20,0
tide,greedy,skip,10203,4,1,10,5,30,0,68,0,17,20,0
tide,greedy,skip,10204,0,1,2,26,30,0,0,0,3,20,0
tide,greedy,skip,10204,1,1,3,23,30,0,7,0,5,20,0
tide,greedy,skip,10204,2,1,5,13,30,0,7,0,8,20,0
tide,greedy,skip,10204,3,1,10,23,30,0,69,0,19,20,0
tide,greedy,skip,10204,4,1,8,9,30,0,44,0,13,20,0
tide,greedy,skip,10205,0,1,2,28,30,0,0,0,3,20,0
tide,greedy,skip,10205,1,1,3,23,30,0,7,0,5,20,0
tide,greedy,skip,10205,2,1,5,18,30,0,12,0,8,20,0
tide,greedy,skip,10205,3,1,7,21,30,0,37,0,13,20,0
tide,greedy,skip,10205,4,0,5,0,30,0,19,0,7,20,0
tide,greedy,skip,10206,0,1,3,26,30,0,0,0,4,20,0
tide,greedy,skip,10206,1,1,3,16,30,0,0,0,4,20,0
tide,greedy,skip,10206,2,1,6,21,30,0,23,0,10,20,0
tide,greedy,skip,10206,3,1,8,11,30,0,43,0,14,20,0
tide,greedy,skip,10206,4,1,9,2,30,0,55,0,15,20,0
tide,greedy,skip,10207,0,1,2,30,30,0,0,0,3,20,0
tide,greedy,skip,10207,1,1,3,16,30,0,0,0,4,20,0
tide,greedy,skip,10207,2,1,5,21,30,0,15,0,9,20,0
tide,greedy,skip,10207,3,1,10,16,30,0,60,0,18,20,0
tide,greedy,skip,10207,4,0,7,0,30,0,42,0,12,20,0
tide,greedy,skip,10208,0,1,2,26,30,0,0,0,3,20,0
tide,greedy,skip,10208,1,1,3,16,30,0,0,0,4,20,0
tide,greedy,skip,10208,2,1,4,14,30,0,0,0,6,20,0
tide,greedy,skip,10208,3,1,10,19,30,0,65,0,18,20,0
tide,greedy,skip,10208,4,0,6,0,30,0,22,0,9,20,0
tide,greedy,skip,10209,0,1,3,30,30,0,4,0,4,20,0
tide,greedy,skip,10209,1,1,4,16,30,0,7,0,5,20,0
tide,greedy,skip,10209,2,1,5,19,30,0,13,0,9,20,0
tide,greedy,skip,10209,3,1,12,14,30,0,86,0,22,20,0
tide,greedy,skip,10209,4,1,12,5,30,0,89,0,20,20,0
tide,greedy,skip,10210,0,1,3,30,30,0,2,0,4,20,0
tide,greedy,skip,10210,1,1,3,16,30,0,0,0,4,20,0
tide,greedy,skip,10210,2,1,5,11,30,0,5,0,8,20,0
tide,greedy,skip,10210,3,1,8,14,30,0,42,0,14,20,0
tide,greedy,skip,10210,4,1,10,9,30,0,70,0,17,20,0
tide,greedy,skip,10211,0,1,2,26,30,0,0,0,3,20,0
tide,greedy,skip,10211,1,1,3,16,30,0,0,0,4,20,0
tide,greedy,skip,10211,2,1,7,11,30,0,21,0,12,20,0
tide,greedy,skip,10211,3,1,7,19,30,0,35,0,13,20,0
tide,greedy,skip,10211,4,1,8,5,30,0,42,0,14,20,0
tide,greedy,skip,10212,0,1,2,30,30,0,0,0,3,20,0
tide,greedy,skip,10212,1,1,4,23,30,0,14,0,6,20,0
tide,greedy,skip,10212,2,1,6,22,30,0,24,0,10,20,0
tide,greedy,skip,10212,3,1,11,18,30,0,76,0,20,20,0
tide,greedy,skip,10212,4,1,8,1,30,0,45,0,12,20,0
tide,greedy,skip,10213,0,1,3,30,30,0,4,0,4,20,0
tide,greedy,skip,10213,1,1,3,16,30,0,0,0,4,20,0
tide,greedy,skip,10213,2,1,5,21,30,0,15,0,8,20,0
tide,greedy,skip,10213,3,1,7,20,30,0,40,0,13,20,0
tide,greedy,skip,10213,4,1,8,7,30,0,47,0,14,20,0
tide,greedy,skip,10214,0,1,2,26,30,0,0,0,3,20,0
tide,greedy,skip,10214,1,1,3,16,30,0,0,0,4,20,0
tide,greedy,skip,10214,2,1,5,14,30,0,8,0,7,20,0
tide,greedy,skip,10214,3,1,10,17,30,0,63,0,18,20,0
tide,greedy,skip,10214,4,1,7,11,30,0,33,0,10,20,0
tide,greedy,skip,10215,0,1,3,30,30,0,4,0,4,20,0
tide,greedy,skip,10215,1,1,3,16,30,0,0,0,4,20,0
tide,greedy,skip,10215,2,1,5,15,30,0,9,0,8,20,0
tide,greedy,skip,10215,3,1,10,18,30,0,62,0,18,20,0
tide,greedy,skip,10215,4,0,10,0,30,0,76,0,18,20,0
tide,greedy,skip,10216,0,1,2,30,30,0,0,0,3,20,0
tide,greedy,skip,10216,1,1,3,16,30,0,0,0,4,20,0
tide,greedy,skip,10216,2,1,5,21,30,0,15,0,9,20,0
tide,greedy,skip,10216,3,1,8,8,30,0,40,0,15,20,0
tide,greedy,skip,10216,4,0,7,0,30,0,42,0,13,20,0
tide,greedy,skip,10217,0,1,3,26,30,0,0,0,4,20,0
tide,greedy,skip,10217,1,1,3,16,30,0,0,0,4,20,0
tide,greedy,skip,10217,2,1,5,21,30,0,15,0,8,20,0
tide,greedy,skip,10217,3,1,10,13,30,0,61,0,18,20,0
tide,greedy,skip,10217,4,1,7,3,30,0,33,0,12,20,0
tide,greedy,skip,10218,0,1,2,26,30,0,0,0,3,20,0
tide,greedy,skip,10218,1,1,3,21,30,0,5,0,5,20,0
tide,greedy,skip,10218,2,1,6,14,30,0,16,0,10,20,0
tide,greedy,skip,10218,3,1,9,6,30,0,48,0,16,20,0
tide,greedy,skip,10218,4,0,4,0,30,0,10,0,6,20,0
tide,greedy,skip,10219,0,1,2,26,30,0,0,0,3,20,0
tide,greedy,skip,10219,1,1,3,23,30,0,7,0,5,20,0
tide,greedy,skip,10219,2,1,5,20,30,0,14,0,8,20,0
tide,greedy,skip,10219,3,1,8,15,30,0,43,0,14,20,0
tide,greedy,skip,10219,4,1,10,6,30,0,64,0,16,20,0
tide,greedy,skip,10220,0,1,2,26,30,0,0,0,3,20,0
tide,greedy,skip,10220,1,1,3,16,30,0,0,0,4,20,0
tide,greedy,skip,10220,2,1,4,14,30,0,0,0,6,20,0
tide,greedy,skip,10220,3,1,10,20,30,0,68,0,18,20,0
tide,greedy,skip,10220,4,0,5,0,30,0,16,0,7,20,0
tide,greedy,skip,10221,0,1,3,30,30,0,4,0,4,20,0
tide,greedy,skip,10221,1,1,3,23,30,0,7,0,5,20,0
tide,greedy,skip,10221,2,1,6,14,30,0,16,0,10,20,0
tide,greedy,skip,10221,3,1,7,15,30,0,33,0,12,20,0
tide,greedy,skip,10221,4,1,11,3,30,0,77,0,18,20,0
tide,greedy,skip,10222,0,1,2,28,30,0,0,0,3,20,0
tide,greedy,skip,10222,1,1,3,16,30,0,0,0,4,20,0
tide,greedy,skip,10222,2,1,5,21,30,0,15,0,9,20,0
tide,greedy,skip,10222,3,1,8,9,30,0,39,0,15,20,0
tide,greedy,skip,10222,4,1,8,7,30,0,45,0,12,20,0
tide,greedy,skip,10223,0,1,2,30,30,0,0,0,3,20,0
tide,greedy,skip,10223,1,1,3,16,30,0,0,0,4,20,0
tide,greedy,skip,10223,2,1,6,21,30,0,23,0,10,20,0
tide,greedy,skip,10223,3,1,7,14,30,0,28,0,12,20,0
tide,greedy,skip,10223,4,1,10,3,30,0,64,0,16,20,0
tide,greedy,skip,10224,0,1,2,26,30,0,0,0,3,20,0
tide,greedy,skip,10224,1,1,4,16,30,0,7,0,5,20,0
tide,greedy,skip,10224,2,1,6,11,30,0,13,0,10,20,0
tide,greedy,skip,10224,3,1,8,17,30,0,45,0,14,20,0
tide,greedy,skip,10224,4,0,8,0,30,0,48,0,13,20,0
tide,greedy,skip,10225,0,1,3,30,30,0,4,0,4,20,0
tide,greedy,skip,10225,1,1,3,16,30,0,0,0,4,20,0
tide,greedy,skip,10225,2,1,5,19,30,0,13,0,9,20,0
tide,greedy,skip,10225,3,1,7,24,30,0,42,0,13,20,0
tide,greedy,skip,10225,4,1,5,4,30,0,10,0,7,20,0
tide,greedy,skip,10226,0,1,2,26,30,0,0,0,3,20,0
tide,greedy,skip,10226,1,1,3,23,30,0,2,0,5,20,0
tide,greedy,skip,10226,2,1,5,14,30,0,8,0,7,20,0
tide,greedy,skip,10226,3,1,9,14,30,0,54,0,16,20,0
tide,greedy,skip,10226,4,1,10,5,30,0,64,0,16,20,0
tide,greedy,skip,10227,0,1,3,30,30,0,4,0,4,20,0
tide,greedy,skip,10227,1,1,3,21,30,0,5,0,5,20,0
tide,greedy,skip,10227,2,1,5,14,30,0,8,0,7,20,0
tide,greedy,skip,10227,3,1,10,18,30,0,64,0,18,20,0
tide,greedy,skip,10227,4,1,7,6,30,0,31,0,11,20,0
tide,greedy,skip,10228,0,1,3,30,30,0,4,0,4,20,0
tide,greedy,skip,10228,1,1,3,16,30,0,0,0,4,20,0
tide,greedy,skip,10228,2,1,4,14,30,0,0,0,7,20,0
tide,greedy,skip,10228,3,1,8,13,30,0,43,0,14,20,0
tide,greedy,skip,10228,4,0,8,0,30,0,53,0,13,20,0
tide,greedy,skip,10229,0,1,3,24,30,0,0,0,4,20,0
tide,greedy,skip,10229,1,1,2,23,30,0,0,0,4,20,0
tide,greedy,skip,10229,2,1,5,19,30,0,13,0,9,20,0
tide,greedy,skip,10229,3,1,8,15,30,0,45,0,14,20,0
tide,greedy,skip,10229,4,1,11,14,30,0,86,0,19,20,0
tide,greedy,skip,10230,0,1,2,26,30,0,0,0,3,20,0
tide,greedy,skip,10230,1,1,2,23,30,0,0,0,4,20,0
tide,greedy,skip,10230,2,1,5,18,30,0,12,0,8,20,0
tide,greedy,skip,10230,3,1,9,14,30,0,56,0,16,20,0
tide,greedy,skip,10230,4,0,9,0,30,0,64,0,16,20,0
tide,greedy,skip,10231,0,1,2,26,30,0,0,0,3,20,0
tide,greedy,skip,10231,1,1,3,17,30,0,0,0,4,20,0
tide,greedy,skip,10231,2,1,5,22,30,0,16,0,8,20,0
tide,greedy,skip,10231,3,1,8,18,30,0,44,0,14,20,0
tide,greedy,skip,10231,4,1,8,8,30,0,45,0,12,20,0
tide,greedy,skip,10232,0,1,2,26,30,0,0,0,3,20,0
tide,greedy,skip,10232,1,1,3,16,30,0,0,0,4,20,0
tide,greedy,skip,10232,2,1,4,14,30,0,0,0,6,20,0
tide,greedy,skip,10232,3,1,8,11,30,0,41,0,15,20,0
tide,greedy,skip,10232,4,0,7,0,30,0,40,0,12,20,0
tide,greedy,skip,10233,0,1,2,26,30,0,0,0,3,20,0
tide,greedy,skip,10233,1,1,3,21,30,0,5,0,5,20,0
tide,greedy,skip,10233,2,1,5,22,30,0,16,0,9,20,0
tide,greedy,skip,10233,3,1,8,12,30,0,40,0,14,20,0
tide,greedy,skip,10233,4,1,7,8,30,0,33,0,10,20,0
tide,greedy,skip,10234,0,1,2,26,30,0,0,0,3,20,0
tide,greedy,skip,10234,1,1,3,21,30,0,0,0,4,20,0
tide,greedy,skip,10234,2,1,5,22,30,0,16,0,8,20,0
tide,greedy,skip,10234,3,1,8,12,30,0,38,0,14,20,0
tide,greedy,skip,10234,4,1,10,12,30,0,75,0,16,20,0
tide,greedy,skip,10235,0,1,2,30,30,0,0,0,3,20,0
tide,greedy,skip,10235,1,1,3,23,30,0,7,0,5,20,0
tide,greedy,skip,10235,2,1,5,14,30,0,8,0,8,20,0
tide,greedy,skip,10235,3,1,11,10,30,0,68,0,20,20,0
tide,greedy,skip,10235,4,1,6,6,30,0,23,0,8,20,0
tide,greedy,skip,10236,0,1,3,30,30,0,4,0,4,20,0
tide,greedy,skip,10236,1,1,2,23,30,0,0,0,4,20,0
tide,greedy,skip,10236,2,1,5,22,30,0,16,0,9,20,0
tide,greedy,skip,10236,3,1,7,24,30,0,42,0,14,20,0
tide,greedy,skip,10236,4,0,4,0,30,0,16,0,6,20,0
tide,greedy,skip,10237,0,1,2,30,30,0,0,0,3,20,0
tide,greedy,skip,10237,1,1,3,22,30,0,5,0,5,20,0
tide,greedy,skip,10237,2,1,5,22,30,0,16,0,9,20,0
tide,greedy,skip,10237,3,1,10,14,30,0,64,0,17,20,0
tide,greedy,skip,10237,4,1,10,8,30,0,69,0,17,20,0
tide,greedy,skip,10238,0,1,3,30,30,0,4,0,4,20,0
tide,greedy,skip,10238,1,1,2,23,30,0,0,0,4,20,0
tide,greedy,skip,10238,2,1,5,14,30,0,8,0,8,20,0
tide,greedy,skip,10238,3,1,8,11,30,0,41,0,14,20,0
tide,greedy,skip,10238,4,1,9,17,30,0,62,0,15,20,0
tide,greedy,skip,10239,0,1,2,26,30,0,0,0,3,20,0
tide,greedy,skip,10239,1,1,3,23,30,0,7,0,5,20,0
tide,greedy,skip,10239,2,1,5,21,30,0,15,0,8,20,0
tide,greedy,skip,10239,3,1,8,8,30,0,40,0,14,20,0
tide,greedy,skip,10239,4,0,5,0,30,0,22,0,8,20,0
tide,greedy,skip,10240,0,1,2,26,30,0,0,0,3,20,0
tide,greedy,skip,10240,1,1,3,16,30,0,0,0,4,20,0
tide,greedy,skip,10240,2,1,5,14,30,0,8,0,7,20,0
tide,greedy,skip,10240,3,1,8,7,30,0,37,0,14,20,0
tide,greedy,skip,10240,4,1,11,13,30,0,86,0,18,20,0
tide,greedy,skip,10241,0,1,2,30,30,0,0,0,3,20,0
tide,greedy,skip,10241,1,1,3,16,30,0,0,0,4,20,0
tide,greedy,skip,10241,2,1,5,21,30,0,15,0,8,20,0
tide,greedy,skip,10241,3,1,8,11,30,0,39,0,14,20,0
tide,greedy,skip,10241,4,1,7,8,30,0,30,0,10,20,0
tide,greedy,skip,10242,0,1,3,30,30,0,2,0,4,20,0
tide,greedy,skip,10242,1,1,2,23,30,0,0,0,4,20,0
tide,greedy,skip,10242,2,1,4,14,30,0,0,0,6,20,0
tide,greedy,skip,10242,3,1,11,10,30,0,68,0,20,20,0
tide,greedy,skip,10242,4,1,5,8,30,0,10,0,6,20,0
tide,greedy,skip,10243,0,1,2,28,30,0,0,0,3,20,0
tide,greedy,skip,10243,1,1,3,16,30,0,0,0,4,20,0
tide,greedy,skip,10243,2,1,5,11,30,0,5,0,8,20,0
tide,greedy,skip,10243,3,1,8,13,30,0,43,0,14,20,0
tide,greedy,skip,10243,4,1,12,13,30,0,96,0,21,20,0
tide,greedy,skip,10244,0,1,2,26,30,0,0,0,3,20,0
tide,greedy,skip,10244,1,1,3,23,30,0,6,0,5,20,0
tide,greedy,skip,10244,2,1,6,16,30,0,18,0,10,20,0
tide,greedy,skip,10244,3,1,11,12,30,0,68,0,20,20,0
tide,greedy,skip,10244,4,1,7,10,30,0,33,0,11,20,0
tide,greedy,skip,10245,0,1,3,30,30,0,4,0,4,20,0
tide,greedy,skip,10245,1,1,3,21,30,0,5,0,5,20,0
tide,greedy,skip,10245,2,1,5,22,30,0,16,0,9,20,0
tide,greedy,skip,10245,3,1,11,15,30,0,71,0,20,20,0
tide,greedy,skip,10245,4,0,5,0,30,0,15,0,7,20,0
tide,greedy,skip,10246,0,1,2,30,30,0,0,0,3,20,0
tide,greedy,skip,10246,1,1,3,16,30,0,0,0,4,20,0
tide,greedy,skip,10246,2,1,5,21,30,0,15,0,8,20,0
tide,greedy,skip,10246,3,1,10,15,30,0,61,0,18,20,0
tide,greedy,skip,10246,4,0,6,0,30,0,29,0,10,20,0
tide,greedy,skip,10247,0,1,3,30,30,0,4,0,4,20,0
tide,greedy,skip,10247,1,1,3,16,30,0,0,0,4,20,0
tide,greedy,skip,10247,2,1,5,14,30,0,8,0,8,20,0
tide,greedy,skip,10247,3,1,8,12,30,0,38,0,14,20,0
tide,greedy,skip,10247,4,1,14,6,30,0,112,0,25,20,0
tide,greedy,skip,10248,0,1,2,26,30,0,0,0,3,20,0
tide,greedy,skip,10248,1,1,3,21,30,0,5,0,5,20,0
tide,greedy,skip,10248,2,1,6,22,30,0,24,0,10,20,0
tide,greedy,skip,10248,3,1,8,10,30,0,36,0,15,20,0
tide,greedy,skip,10248,4,0,7,0,30,0,37,0,11,20,0
tide,greedy,skip,10249,0,1,2,26,30,0,0,0,3,20,0
tide,greedy,skip,10249,1,1,4,16,30,0,7,0,5,20,0
tide,greedy,skip,10249,2,1,5,18,30,0,12,0,8,20,0
tide,greedy,skip,10249,3,1,10,15,30,0,67,0,18,20,0
tide,greedy,skip,10249,4,1,8,3,30,0,41,0,13,20,0
tide,greedy,skip,10250,0,1,2,26,30,0,0,0,3,20,0
tide,greedy,skip,10250,1,1,3,23,30,0,7,0,5,20,0
tide,greedy,skip,10250,2,1,5,11,30,0,5,0,8,20,0
tide,greedy,skip,10250,3,1,7,14,30,0,32,0,12,20,0
tide,greedy,skip,10250,4,0,7,0,30,0,39,0,11,20,0
tide,greedy,skip,10251,0,1,2,26,30,0,0,0,3,20,0
tide,greedy,skip,10251,1,1,2,23,30,0,0,0,4,20,0
tide,greedy,skip,10251,2,1,5,20,30,0,14,0,8,20,0
tide,greedy,skip,10251,3,1,8,12,30,0,44,0,15,20,0
tide,greedy,skip,10251,4,1,12,8,30,0,94,0,21,20,0
tide,greedy,skip,10252,0,1,2,26,30,0,0,0,3,20,0
tide,greedy,skip,10252,1,1,2,23,30,0,0,0,4,20,0
tide,greedy,skip,10252,2,1,6,14,30,0,16,0,10,20,0
tide,greedy,skip,10252,3,1,7,14,30,0,32,0,12,20,0
tide,greedy,skip,10252,4,1,10,13,30,0,70,0,17,20,0
tide,greedy,skip,10253,0,1,3,30,30,0,4,0,4,20,0
tide,greedy,skip,10253,1,1,3,16,30,0,0,0,4,20,0
tide,greedy,skip,10253,2,1,5,13,30,0,7,0,8,20,0
tide,greedy,skip,10253,3,1,8,7,30,0,39,0,14,20,0
tide,greedy,skip,10253,4,0,8,0,30,0,51,0,15,20,0
tide,greedy,skip,10254,0,1,3,30,30,0,4,0,4,20,0
tide,greedy,skip,10254,1,1,3,16,30,0,0,0,4,20,0
tide,greedy,skip,10254,2,1,4,15,30,0,0,0,7,20,0
tide,greedy,skip,10254,3,1,7,15,30,0,33,0,13,20,0
tide,greedy,skip,10254,4,1,7,5,30,0,29,0,11,20,0
tide,greedy,skip,10255,0,1,3,30,30,0,4,0,4,20,0
tide,greedy,skip,10255,1,1,3,16,30,0,0,0,4,20,0
tide,greedy,skip,10255,2,1,6,14,30,0,16,0,10,20,0
tide,greedy,skip,10255,3,1,12,11,30,0,81,0,22,20,0
tide,greedy,skip,10255,4,1,5,2,30,0,10,0,6,20,0
tide,greedy,skip,10256,0,1,3,26,30,0,0,0,4,20,0
tide,greedy,skip,10256,1,1,3,23,30,0,7,0,5,20,0
tide,greedy,skip,10256,2,1,5,21,30,0,14,0,8,20,0
tide,greedy,skip,10256,3,1,8,12,30,0,40,0,14,20,0
tide,greedy,skip,10256,4,0,7,0,30,0,40,0,13,20,0
tide,greedy,skip,10257,0,1,2,26,30,0,0,0,3,20,0
tide,greedy,skip,10257,1,1,3,23,30,0,7,0,5,20,0
tide,greedy,skip,10257,2,1,4,19,30,0,5,0,7,20,0
tide,greedy,skip,10257,3,1,9,9,30,0,51,0,17,20,0
tide,greedy,skip,10257,4,1,9,9,30,0,61,0,16,20,0
tide,greedy,skip,10258,0,1,3,30,30,0,4,0,4,20,0
tide,greedy,skip,10258,1,1,3,16,30,0,0,0,4,20,0
tide,greedy,skip,10258,2,1,5,13,30,0,7,0,8,20,0
tide,greedy,skip,10258,3,1,10,16,30,0,66,0,18,20,0
tide,greedy,skip,10258,4,0,5,0,30,0,15,0,7,20,0
tide,greedy,skip,10259,0,1,2,26,30,0,0,0,3,20,0
tide,greedy,skip,10259,1,1,3,16,30,0,0,0,4,20,0
tide,greedy,skip,10259,2,1,6,14,30,0,16,0,10,20,0
tide,greedy,skip,10259,3,1,8,7,30,0,39,0,14,20,0
tide,greedy,skip,10259,4,1,11,9,30,0,88,0,19,20,0
tide,greedy,skip,10260,0,1,2,26,30,0,0,0,3,20,0
tide,greedy,skip,10260,1,1,3,16,30,0,0,0,4,20,0
tide,greedy,skip,10260,2,1,5,19,30,0,13,0,9,20,0
tide,greedy,skip,10260,3,1,10,14,30,0,60,0,17,20,0
tide,greedy,skip,10260,4,0,6,0,30,0,25,0,9,20,0
tide,greedy,skip,10261,0,1,2,26,30,0,0,0,3,20,0
tide,greedy,skip,10261,1,1,3,16,30,0,0,0,4,20,0
tide,greedy,skip,10261,2,1,4,14,30,0,0,0,6,20,0
tide,greedy,skip,10261,3,1,8,12,30,0,40,0,14,20,0
tide,greedy,skip,10261,4,1,10,8,30,0,64,0,16,20,0
tide,greedy,skip,10262,0,1,2,26,30,0,0,0,3,20,0
tide,greedy,skip,10262,1,1,3,16,30,0,0,0,4,20,0
tide,greedy,skip,10262,2,1,5,21,30,0,15,0,8,20,0
tide,greedy,skip,10262,3,1,7,16,30,0,32,0,10,20,0
tide,greedy,skip,10262,4,0,5,0,30,0,20,0,8,20,0
tide,greedy,skip,10263,0,1,3,30,30,0,2,0,4,20,0
tide,greedy,skip,10263,1,1,3,16,30,0,0,0,4,20,0
tide,greedy,skip,10263,2,1,5,13,30,0,7,0,8,20,0
tide,greedy,skip,10263,3,1,8,7,30,0,39,0,14,20,0
tide,greedy,skip,10263,4,1,5,4,30,0,10,0,7,20,0
tide,greedy,skip,10264,0,1,2,30,30,0,0,0,3,20,0
tide,greedy,skip,10264,1,1,3,16,30,0,0,0,4,20,0
tide,greedy,skip,10264,2,1,6,13,30,0,15,0,10,20,0
tide,greedy,skip,10264,3,1,8,15,30,0,41,0,14,20,0
tide,greedy,skip,10264,4,1,11,8,30,0,80,0,18,20,0
tide,greedy,skip,10265,0,1,3,26,30,0,0,0,4,20,0
tide,greedy,skip,10265,1,1,4,23,30,0,14,0,6,20,0
tide,greedy,skip,10265,2,1,5,11,30,0,5,0,8,20,0
tide,greedy,skip,10265,3,1,10,20,30,0,68,0,19,20,0
tide,greedy,skip,10265,4,0,5,0,30,0,27,0,9,20,0
tide,greedy,skip,10266,0,1,2,26,30,0,0,0,3,20,0
tide,greedy,skip,10266,1,1,3,16,30,0,0,0,4,20,0
tide,greedy,skip,10266,2,1,6,21,30,0,23,0,10,20,0
tide,greedy,skip,10266,3,1,8,13,30,0,39,0,15,20,0
tide,greedy,skip,10266,4,1,8,4,30,0,42,0,12,20,0
tide,greedy,skip,10267,0,1,3,30,30,0,4,0,4,20,0
tide,greedy,skip,10267,1,1,3,17,30,0,0,0,4,20,0
tide,greedy,skip,10267,2,1,5,13,30,0,7,0,8,20,0
tide,greedy,skip,10267,3,1,8,8,30,0,38,0,14,20,0
tide,greedy,skip,10267,4,1,6,6,30,0,24,0,8,20,0
tide,greedy,skip,10268,0,1,2,26,30,0,0,0,3,20,0
tide,greedy,skip,10268,1,1,3,23,30,0,7,0,5,20,0
tide,greedy,skip,10268,2,1,5,21,30,0,15,0,9,20,0
tide,greedy,skip,10268,3,1,11,8,30,0,68,0,20,20,0
tide,greedy,skip,10268,4,1,9,6,30,0,52,0,16,20,0
tide,greedy,skip,10269,0,1,3,30,30,0,4,0,4,20,0
tide,greedy,skip,10269,1,1,3,23,30,0,7,0,5,20,0
tide,greedy,skip,10269,2,1,7,18,30,0,28,0,12,20,0
tide,greedy,skip,10269,3,1,9,7,30,0,49,0,16,20,0
tide,greedy,skip,10269,4,1,5,10,30,0,10,0,6,20,0
tide,greedy,skip,10270,0,1,2,26,30,0,0,0,3,20,0
tide,greedy,skip,10270,1,1,3,16,30,0,0,0,4,20,0
tide,greedy,skip,10270,2,1,5,18,30,0,12,0,8,20,0
tide,greedy,skip,10270,3,1,7,19,30,0,35,0,12,20,0
tide,greedy,skip,10270,4,1,11,13,30,0,87,0,19,20,0
tide,greedy,skip,10271,0,1,2,26,30,0,0,0,3,20,0
tide,greedy,skip,10271,1,1,3,16,30,0,0,0,4,20,0
tide,greedy,skip,10271,2,1,5,14,30,0,8,0,7,20,0
tide,greedy,skip,10271,3,1,8,8,30,0,38,0,12,20,0
tide,greedy,skip,10271,4,0,6,0,30,0,32,0,9,20,0
tide,greedy,skip,10272,0,1,2,30,30,0,0,0,3,20,0
tide,greedy,skip,10272,1,1,2,23,30,0,0,0,4,20,0
tide,greedy,skip,10272,2,1,6,21,30,0,23,0,10,20,0
tide,greedy,skip,10272,3,1,8,11,30,0,43,0,14,20,0
tide,greedy,skip,10272,4,0,7,0,30,0,42,0,13,20,0
tide,greedy,skip,10273,0,1,2,26,30,0,0,0,3,20,0
tide,greedy,skip,10273,1,1,3,16,30,0,0,0,4,20,0
tide,greedy,skip,10273,2,1,4,19,30,0,5,0,7,20,0
tide,greedy,skip,10273,3,1,7,23,30,0,39,0,13,20,0
tide,greedy,skip,10273,4,1,6,1,30,0,18,0,8,20,0
tide,greedy,skip,10274,0,1,2,30,30,0,0,0,3,20,0
tide,greedy,skip,10274,1,1,3,16,30,0,0,0,4,20,0
tide,greedy,skip,10274,2,1,5,14,30,0,8,0,8,20,0
tide,greedy,skip,10274,3,1,8,10,30,0,42,0,14,20,0
tide,greedy,skip,10274,4,1,8,17,30,0,54,0,14,20,0
tide,greedy,skip,10275,0,1,2,30,30,0,0,0,3,20,0
tide,greedy,skip,10275,1,1,2,28,30,0,0,0,4,20,0
tide,greedy,skip,10275,2,1,6,13,30,0,15,0,9,20,0
tide,greedy,skip,10275,3,1,9,18,30,0,56,0,16,20,0
tide,greedy,skip,10275,4,1,9,6,30,0,57,0,16,20,0
tide,greedy,skip,10276,0,1,2,30,30,0,0,0,3,20,0
tide,greedy,skip,10276,1,1,2,23,30,0,0,0,4,20,0
tide,greedy,skip,10276,2,1,5,21,30,0,15,0,8,20,0
tide,greedy,skip,10276,3,1,11,13,30,0,73,0,21,20,0
tide,greedy,skip,10276,4,1,10,11,30,0,69,0,16,20,0
tide,greedy,skip,10277,0,1,2,26,30,0,0,0,3,20,0
tide,greedy,skip,10277,1,1,3,16,30,0,0,0,4,20,0
tide,greedy,skip,10277,2,1,5,21,30,0,15,0,8,20,0
tide,greedy,skip,10277,3,1,9,14,30,0,52,0,16,20,0
tide,greedy,skip,10277,4,1,8,4,30,0,44,0,13,20,0
tide,greedy,skip,10278,0,1,3,30,30,0,4,0,4,20,0
tide,greedy,skip,10278,1,1,2,23,30,0,0,0,4,20,0
tide,greedy,skip,10278,2,1,5,14,30,0,8,0,7,20,0
tide,greedy,skip,10278,3,1,7,22,30,0,38,0,13,20,0
tide,greedy,skip,10278,4,1,9,4,30,0,56,0,15,20,0
tide,greedy,skip,10279,0,1,3,26,30,0,4,0,4,20,0
tide,greedy,skip,10279,1,1,4,23,30,0,13,0,6,20,0
tide,greedy,skip,10279,2,1,5,19,30,0,13,0,9,20,0
tide,greedy,skip,10279,3,1,8,17,30,0,49,0,14,20,0
tide,greedy,skip,10279,4,1,7,10,30,0,36,0,11,20,0
tide,greedy,skip,10280,0,1,2,26,30,0,0,0,3,20,0
tide,greedy,skip,10280,1,1,4,16,30,0,7,0,6,20,0
tide,greedy,skip,10280,2,1,6,13,30,0,15,0,10,20,0
tide,greedy,skip,10280,3,1,7,14,30,0,30,0,12,20,0
tide,greedy,skip,10280,4,1,9,8,30,0,59,0,15,20,0
tide,greedy,skip,10281,0,1,2,26,30,0,0,0,3,20,0
tide,greedy,skip,10281,1,1,2,23,30,0,0,0,4,20,0
tide,greedy,skip,10281,2,1,5,11,30,0,5,0,8,20,0
tide,greedy,skip,10281,3,1,10,21,30,0,69,0,19,20,0
tide,greedy,skip,10281,4,0,8,0,30,0,56,0,14,20,0
tide,greedy,skip,10282,0,1,3,30,30,0,4,0,4,20,0
tide,greedy,skip,10282,1,1,3,21,30,0,5,0,5,20,0
tide,greedy,skip,10282,2,1,5,21,30,0,15,0,8,20,0
tide,greedy,skip,10282,3,1,9,9,30,0,51,0,16,20,0
tide,greedy,skip,10282,4,1,8,6,30,0,46,0,12,20,0
tide,greedy,skip,10283,0,1,2,26,30,0,0,0,3,20,0
tide,greedy,skip,10283,1,1,3,16,30,0,0,0,4,20,0
tide,greedy,skip,10283,2,1,5,14,30,0,8,0,8,20,0
tide,greedy,skip,10283,3,1,8,9,30,0,37,0,14,20,0
tide,greedy,skip,10283,4,1,7,12,30,0,34,0,11,20,0
tide,greedy,skip,10284,0,1,2,26,30,0,0,0,3,20,0
tide,greedy,skip,10284,1,1,3,16,30,0,0,0,4,20,0
tide,greedy,skip,10284,2,1,4,14,30,0,0,0,6,20,0
tide,greedy,skip,10284,3,1,9,22,30,0,62,0,17,20,0
tide,greedy,skip,10284,4,1,6,3,30,0,16,0,9,20,0
tide,greedy,skip,10285,0,1,3,30,30,0,4,0,4,20,0
tide,greedy,skip,10285,1,1,3,16,30,0,0,0,4,20,0
tide,greedy,skip,10285,2,1,5,14,30,0,8,0,8,20,0
tide,greedy,skip,10285,3,1,11,10,30,0,68,0,20,20,0
tide,greedy,skip,10285,4,1,7,4,30,0,33,0,10,20,0
tide,greedy,skip,10286,0,1,3,30,30,0,4,0,4,20,0
tide,greedy,skip,10286,1,1,2,23,30,0,0,0,4,20,0
tide,greedy,skip,10286,2,1,5,11,30,0,5,0,8,20,0
tide,greedy,skip,10286,3,1,9,9,30,0,47,0,16,20,0
tide,greedy,skip,10286,4,1,8,4,30,0,45,0,13,20,0
tide,greedy,skip,10287,0,1,3,30,30,0,4,0,4,20,0
tide,greedy,skip,10287,1,1,3,23,30,0,7,0,5,20,0
tide,greedy,skip,10287,2,1,5,20,30,0,14,0,8,20,0
tide,greedy,skip,10287,3,1,13,17,30,0,99,0,24,20,0
tide,greedy,skip,10287,4,1,11,15,30,0,87,0,19,20,0
tide,greedy,skip,10288,0,1,2,26,30,0,0,0,3,20,0
tide,greedy,skip,10288,1,1,3,16,30,0,0,0,5,20,0
tide,greedy,skip,10288,2,1,6,19,30,0,21,0,11,20,0
tide,greedy,skip,10288,3,1,8,8,30,0,40,0,14,20,0
tide,greedy,skip,10288,4,0,7,0,30,0,36,0,11,20,0
tide,greedy,skip,10289,0,1,2,26,30,0,0,0,3,20,0
tide,greedy,skip,10289,1,1,3,23,30,0,7,0,5,20,0
tide,greedy,skip,10289,2,1,5,21,30,0,15,0,8,20,0
tide,greedy,skip,10289,3,1,8,7,30,0,37,0,14,20,0
tide,greedy,skip,10289,4,0,6,0,30,0,31,0,10,20,0
tide,greedy,skip,10290,0,1,2,30,30,0,0,0,3,20,0
tide,greedy,skip,10290,1,1,3,16,30,0,0,0,4,20,0
tide,greedy,skip,10290,2,1,5,13,30,0,7,0,8,20,0
tide,greedy,skip,10290,3,1,8,18,30,0,46,0,14,20,0
tide,greedy,skip,10290,4,1,5,4,30,0,10,0,6,20,0
tide,greedy,skip,10291,0,1,2,30,30,0,0,0,3,20,0
tide,greedy,skip,10291,1,1,3,16,30,0,0,0,4,20,0
tide,greedy,skip,10291,2,1,5,14,30,0,8,0,7,20,0
tide,greedy,skip,10291,3,1,10,20,30,0,64,0,18,20,0
tide,greedy,skip,10291,4,0,5,0,30,0,15,0,7,20,0
tide,greedy,skip,10292,0,1,2,26,30,0,0,0,3,20,0
tide,greedy,skip,10292,1,1,3,16,30,0,0,0,4,20,0
tide,greedy,skip,10292,2,1,5,22,30,0,16,0,8,20,0
tide,greedy,skip,10292,3,1,8,17,30,0,45,0,14,20,0
tide,greedy,skip,10292,4,1,9,3,30,0,55,0,16,20,0
tide,greedy,skip,10293,0,1,3,26,30,0,0,0,4,20,0
tide,greedy,skip,10293,1,1,2,23,30,0,0,0,4,20,0
tide,greedy,skip,10293,2,1,5,21,30,0,15,0,8,20,0
tide,greedy,skip,10293,3,1,7,16,30,0,32,0,12,20,0
tide,greedy,skip,10293,4,0,3,0,30,0,0,0,3,20,0
tide,greedy,skip,10294,0,1,2,30,30,0,0,0,3,20,0
tide,greedy,skip,10294,1,1,3,21,30,0,5,0,5,20,0
tide,greedy,skip,10294,2,1,5,21,30,0,15,0,8,20,0
tide,greedy,skip,10294,3,1,8,13,30,0,43,0,15,20,0
tide,greedy,skip,10294,4,0,5,0,30,0,15,0,7,20,0
tide,greedy,skip,10295,0,1,2,30,30,0,0,0,3,20,0
tide,greedy,skip,10295,1,1,3,23,30,0,7,0,5,20,0
tide,greedy,skip,10295,2,1,5,19,30,0,13,0,9,20,0
tide,greedy,skip,10295,3,1,8,13,30,0,41,0,14,20,0
tide,greedy,skip,10295,4,1,9,5,30,0,54,0,14,20,0
tide,greedy,skip,10296,0,1,2,26,30,0,0,0,3,20,0
tide,greedy,skip,10296,1,1,3,16,30,0,0,0,4,20,0
tide,greedy,skip,10296,2,1,5,19,30,0,13,0,9,20,0
tide,greedy,skip,10296,3,1,8,13,30,0,41,0,13,20,0
tide,greedy,skip,10296,4,1,7,10,30,0,37,0,11,20,0
tide,greedy,skip,10297,0,1,2,26,30,0,0,0,3,20,0
tide,greedy,skip,10297,1,1,3,16,30,0,0,0,4,20,0
tide,greedy,skip,10297,2,1,4,14,30,0,0,0,6,20,0
tide,greedy,skip,10297,3,1,10,17,30,0,63,0,17,20,0
tide,greedy,skip,10297,4,1,6,12,30,0,23,0,9,20,0
tide,greedy,skip,10298,0,1,3,30,30,0,4,0,4,20,0
tide,greedy,skip,10298,1,1,3,23,30,0,7,0,5,20,0
tide,greedy,skip,10298,2,1,5,13,30,0,7,0,8,20,0
tide,greedy,skip,10298,3,1,8,12,30,0,44,0,14,20,0
tide,greedy,skip,10298,4,1,7,13,30,0,35,0,10,20,0
tide,greedy,skip,10299,0,1,2,26,30,0,0,0,3,20,0
tide,greedy,skip,10299,1,1,3,16,30,0,0,0,4,20,0
tide,greedy,skip,10299,2,1,5,21,30,0,15,0,8,20,0
tide,greedy,skip,10299,3,1,8,15,30,0,49,0,15,20,0
tide,greedy,skip,10299,4,1,7,5,30,0,34,0,10,20,0
tide,greedy,skip,10300,0,1,2,26,30,0,0,0,3,20,0
tide,greedy,skip,10300,1,1,3,16,30,0,0,0,4,20,0
tide,greedy,skip,10300,2,1,5,18,30,0,12,0,9,20,0
tide,greedy,skip,10300,3,1,8,14,30,0,40,0,13,20,0
tide,greedy,skip,10300,4,1,9,8,30,0,58,0,14,20,0
tide,greedy,skip,10301,0,1,2,26,30,0,0,0,3,20,0
tide,greedy,skip,10301,1,1,3,23,30,0,7,0,5,20,0
tide,greedy,skip,10301,2,1,5,11,30,0,5,0,8,20,0
tide,greedy,skip,10301,3,1,10,13,30,0,63,0,18,20,0
tide,greedy,skip,10301,4,1,7,2,30,0,28,0,11,20,0
tide,greedy,skip,10302,0,1,2,26,30,0,0,0,3,20,0
tide,greedy,skip,10302,1,1,4,23,30,0,14,0,6,20,0
tide,greedy,skip,10302,2,1,4,19,30,0,5,0,7,20,0
tide,greedy,skip,10302,3,1,6,8,30,0,20,0,10,20,0
tide,greedy,skip,10302,4,1,9,1,30,0,52,0,14,20,0
tide,greedy,skip,10303,0,1,2,26,30,0,0,0,3,20,0
tide,greedy,skip,10303,1,1,3,16,30,0,0,0,4,20,0
tide,greedy,skip,10303,2,1,5,21,30,0,14,0,8,20,0
tide,greedy,skip,10303,3,1,6,8,30,0,20,0,10,20,0
tide,greedy,skip,10303,4,1,11,13,30,0,86,0,20,20,0
tide,greedy,skip,10304,0,1,2,26,30,0,0,0,3,20,0
tide,greedy,skip,10304,1,1,3,23,30,0,7,0,5,20,0
tide,greedy,skip,10304,2,1,5,21,30,0,15,0,8,20,0
tide,greedy,skip,10304,3,1,8,11,30,0,43,0,14,20,0
tide,greedy,skip,10304,4,1,7,5,30,0,36,0,10,20,0
tide,greedy,skip,10305,0,1,2,26,30,0,0,0,3,20,0
tide,greedy,skip,10305,1,1,3,16,30,0,0,0,4,20,0
tide,greedy,skip,10305,2,1,5,21,30,0,15,0,8,20,0
tide,greedy,skip,10305,3,1,11,8,30,0,70,0,21,20,0
tide,greedy,skip,10305,4,0,6,0,30,0,29,0,9,20,0
tide,greedy,skip,10306,0,1,3,30,30,0,4,0,4,20,0
tide,greedy,skip,10306,1,1,3,16,30,0,0,0,4,20,0
tide,greedy,skip,10306,2,1,5,13,30,0,7,0,8,20,0
tide,greedy,skip,10306,3,1,7,15,30,0,35,0,12,20,0
tide,greedy,skip,10306,4,1,6,13,30,0,23,0,8,20,0
tide,greedy,skip,10307,0,1,2,26,30,0,0,0,3,20,0
tide,greedy,skip,10307,1,1,3,17,30,0,0,0,4,20,0
tide,greedy,skip,10307,2,1,5,22,30,0,16,0,9,20,0
tide,greedy,skip,10307,3,1,9,12,30,0,52,0,16,20,0
tide,greedy,skip,10307,4,1,7,3,30,0,34,0,11,20,0
tide,greedy,skip,10308,0,1,3,30,30,0,4,0,4,20,0
tide,greedy,skip,10308,1,1,3,16,30,0,0,0,4,20,0
tide,greedy,skip,10308,2,1,6,13,30,0,15,0,9,20,0
tide,greedy,skip,10308,3,1,8,13,30,0,41,0,14,20,0
tide,greedy,skip,10308,4,1,7,9,30,0,30,0,12,20,0
tide,greedy,skip,10309,0,1,2,30,30,0,0,0,3,20,0
tide,greedy,skip,10309,1,1,3,16,30,0,0,0,4,20,0
tide,greedy,skip,10309,2,1,5,14,30,0,8,0,7,20,0
tide,greedy,skip,10309,3,1,9,15,30,0,55,0,16,20,0
tide,greedy,skip,10309,4,1,6,3,30,0,27,0,9,20,0
tide,greedy,skip,10310,0,1,2,26,30,0,0,0,3,20,0
tide,greedy,skip,10310,1,1,3,16,30,0,0,0,4,20,0
tide,greedy,skip,10310,2,1,5,21,30,0,15,0,9,20,0
tide,greedy,skip,10310,3,1,7,13,30,0,31,0,12,20,0
tide,greedy,skip,10310,4,0,7,0,30,0,41,0,11,20,0
tide,greedy,skip,10311,0,1,2,26,30,0,0,0,3,20,0
tide,greedy,skip,10311,1,1,3,16,30,0,0,0,4,20,0
tide,greedy,skip,10311,2,1,5,21,30,0,15,0,9,20,0
tide,greedy,skip,10311,3,1,11,14,30,0,76,0,20,20,0
tide,greedy,skip,10311,4,0,5,0,30,0,18,0,7,20,0
tide,greedy,skip,10312,0,1,2,30,30,0,0,0,3,20,0
tide,greedy,skip,10312,1,1,4,23,30,0,14,0,6,20,0
tide,greedy,skip,10312,2,1,5,14,30,0,8,0,7,20,0
tide,greedy,skip,10312,3,1,9,10,30,0,54,0,16,20,0
tide,greedy,skip,10312,4,0,7,0,30,0,39,0,11,20,0
tide,greedy,skip,10313,0,1,3,26,30,0,0,0,4,20,0
tide,greedy,skip,10313,1,1,4,23,30,0,14,0,6,20,0
tide,greedy,skip,10313,2,1,4,14,30,0,0,0,6,20,0
tide,greedy,skip,10313,3,1,8,16,30,0,48,0,14,20,0
tide,greedy,skip,10313,4,1,12,14,30,0,98,0,21,20,0
tide,greedy,skip,10314,0,1,2,26,30,0,0,0,3,20,0
tide,greedy,skip,10314,1,1,3,16,30,0,0,0,4,20,0
tide,greedy,skip,10314,2,1,5,21,30,0,15,0,9,20,0
tide,greedy,skip,10314,3,1,10,19,30,0,67,0,18,20,0
tide,greedy,skip,10314,4,1,6,3,30,0,20,0,8,20,0
tide,greedy,skip,10315,0,1,3,30,30,0,4,0,4,20,0
tide,greedy,skip,10315,1,1,3,23,30,0,7,0,5,20,0
tide,greedy,skip,10315,2,1,5,19,30,0,13,0,9,20,0
tide,greedy,skip,10315,3,1,11,13,30,0,75,0,19,20,0
tide,greedy,skip,10315,4,1,9,5,30,0,54,0,15,20,0
tide,greedy,skip,10316,0,1,2,30,30,0,0,0,3,20,0
tide,greedy,skip,10316,1,1,4,23,30,0,14,0,6,20,0
tide,greedy,skip,10316,2,1,6,13,30,0,15,0,10,20,0
tide,greedy,skip,10316,3,1,10,13,30,0,61,0,19,20,0
tide,greedy,skip,10316,4,0,7,0,30,0,36,0,11,20,0
tide,greedy,skip,10317,0,1,2,26,30,0,0,0,3,20,0
tide,greedy,skip,10317,1,1,3,16,30,0,0,0,4,20,0
tide,greedy,skip,10317,2,1,5,13,30,0,7,0,8,20,0
tide,greedy,skip,10317,3,1,6,17,30,0,23,0,10,20,0
tide,greedy,skip,10317,4,1,7,9,30,0,35,0,10,20,0
tide,greedy,skip,10318,0,1,3,22,30,0,0,0,4,20,0
tide,greedy,skip,10318,1,1,3,16,30,0,0,0,4,20,0
tide,greedy,skip,10318,2,1,4,14,30,0,0,0,7,20,0
tide,greedy,skip,10318,3,1,10,21,30,0,69,0,19,20,0
tide,greedy,skip,10318,4,0,8,0,30,0,53,0,13,20,0
tide,greedy,skip,10319,0,1,2,26,30,0,0,0,3,20,0
tide,greedy,skip,10319,1,1,3,16,30,0,0,0,4,20,0
tide,greedy,skip,10319,2,1,5,14,30,0,8,0,7,20,0
tide,greedy,skip,10319,3,1,9,9,30,0,51,0,17,20,0
tide,greedy,skip,10319,4,1,7,5,30,0,35,0,11,20,0
tide,greedy,skip,10320,0,1,3,30,30,0,2,0,4,20,0
tide,greedy,skip,10320,1,1,3,21,30,0,5,0,5,20,0
tide,greedy,skip,10320,2,1,5,21,30,0,15,0,8,20,0
tide,greedy,skip,10320,3,1,8,8,30,0,36,0,14,20,0
tide,greedy,skip,10320,4,1,8,1,30,0,43,0,14,20,0
tide,greedy,skip,10321,0,1,2,26,30,0,0,0,3,20,0
tide,greedy,skip,10321,1,1,3,16,30,0,0,0,4,20,0
tide,greedy,skip,10321,2,1,5,20,30,0,14,0,8,20,0
tide,greedy,skip,10321,3,1,10,21,30,0,69,0,19,20,0
tide,greedy,skip,10321,4,1,5,2,30,0,10,0,6,20,0
tide,greedy,skip,10322,0,1,3,26,30,0,0,0,4,20,0
tide,greedy,skip,10322,1,1,3,23,30,0,2,0,5,20,0
tide,greedy,skip,10322,2,1,5,19,30,0,13,0,9,20,0
tide,greedy,skip,10322,3,1,8,16,30,0,46,0,14,20,0
tide,greedy,skip,10322,4,1,6,4,30,0,20,0,8,20,0
tide,greedy,skip,10323,0,1,3,30,30,0,4,0,4,20,0
tide,greedy,skip,10323,1,1,3,23,30,0,7,0,5,20,0
tide,greedy,skip,10323,2,1,5,13,30,0,7,0,8,20,0
tide,greedy,skip,10323,3,1,8,20,30,0,50,0,15,20,0
tide,greedy,skip,10323,4,1,7,5,30,0,31,0,10,20,0
tide,greedy,skip,10324,0,1,2,30,30,0,0,0,3,20,0
tide,greedy,skip,10324,1,1,2,23,30,0,0,0,4,20,0
tide,greedy,skip,10324,2,1,5,14,30,0,8,0,8,20,0
tide,greedy,skip,10324,3,1,10,15,30,0,63,0,18,20,0
tide,greedy,skip,10324,4,1,5,9,30,0,10,0,6,20,0
tide,greedy,skip,10325,0,1,3,30,30,0,4,0,4,20,0
tide,greedy,skip,10325,1,1,3,23,30,0,7,0,5,20,0
tide,greedy,skip,10325,2,1,5,14,30,0,7,0,8,20,0
tide,greedy,skip,10325,3,1,9,15,30,0,55,0,16,20,0
tide,greedy,skip,10325,4,0,9,0,30,0,60,0,15,20,0
tide,greedy,skip,10326,0,1,2,26,30,0,0,0,3,20,0
tide,greedy,skip,10326,1,1,3,23,30,0,7,0,5,20,0
tide,greedy,skip,10326,2,1,4,14,30,0,0,0,6,20,0
tide,greedy,skip,10326,3,1,8,13,30,0,45,0,14,20,0
tide,greedy,skip,10326,4,0,5,0,30,0,23,0,9,20,0
tide,greedy,skip,10327,0,1,2,26,30,0,0,0,3,20,0
tide,greedy,skip,10327,1,1,3,23,30,0,7,0,5,20,0
tide,greedy,skip,10327,2,1,5,14,30,0,8,0,8,20,0
tide,greedy,skip,10327,3,1,10,13,30,0,65,0,18,20,0
tide,greedy,skip,10327,4,0,5,0,30,0,25,0,7,20,0
tide,greedy,skip,10328,0,1,2,26,30,0,0,0,3,20,0
tide,greedy,skip,10328,1,1,3,21,30,0,5,0,5,20,0
tide,greedy,skip,10328,2,1,5,11,30,0,5,0,8,20,0
tide,greedy,skip,10328,3,1,11,14,30,0,74,0,20,20,0
tide,greedy,skip,10328,4,1,8,8,30,0,43,0,12,20,0
tide,greedy,skip,10329,0,1,2,30,30,0,0,0,3,20,0
tide,greedy,skip,10329,1,1,2,23,30,0,0,0,4,20,0
tide,greedy,skip,10329,2,1,5,14,30,0,8,0,7,20,0
tide,greedy,skip,10329,3,1,7,23,30,0,39,0,13,20,0
tide,greedy,skip,10329,4,1,7,5,30,0,31,0,10,20,0
tide,greedy,skip,10330,0,1,2,26,30,0,0,0,3,20,0
tide,greedy,skip,10330,1,1,3,16,30,0,0,0,4,20,0
tide,greedy,skip,10330,2,1,6,19,30,0,21,0,11,20,0
tide,greedy,skip,10330,3,1,7,13,30,0,29,0,12,20,0
tide,greedy,skip,10330,4,1,7,8,30,0,35,0,12,20,0
tide,greedy,skip,10331,0,1,3,30,30,0,4,0,4,20,0
tide,greedy,skip,10331,1,1,3,24,30,0,7,0,5,20,0
tide,greedy,skip,10331,2,1,4,14,30,0,0,0,6,20,0
tide,greedy,skip,10331,3,1,9,13,30,0,53,0,15,20,0
tide,greedy,skip,10331,4,1,9,7,30,0,57,0,15,20,0
tide,greedy,skip,10332,0,1,2,26,30,0,0,0,3,20,0
tide,greedy,skip,10332,1,1,2,23,30,0,0,0,4,20,0
tide,greedy,skip,10332,2,1,6,16,30,0,18,0,9,20,0
tide,greedy,skip,10332,3,1,9,7,30,0,49,0,16,20,0
tide,greedy,skip,10332,4,1,6,14,30,0,23,0,8,20,0
tide,greedy,skip,10333,0,1,2,30,30,0,0,0,3,20,0
tide,greedy,skip,10333,1,1,4,16,30,0,7,0,5,20,0
tide,greedy,skip,10333,2,1,5,21,30,0,15,0,9,20,0
tide,greedy,skip,10333,3,1,10,20,30,0,70,0,19,20,0
tide,greedy,skip,10333,4,0,5,0,30,0,15,0,7,20,0
tide,greedy,skip,10334,0,1,3,26,30,0,0,0,4,20,0
tide,greedy,skip,10334,1,1,3,17,30,0,0,0,4,20,0
tide,greedy,skip,10334,2,1,6,19,30,0,21,0,11,20,0
tide,greedy,skip,10334,3,1,9,15,30,0,55,0,16,20,0
tide,greedy,skip,10334,4,0,8,0,30,0,50,0,14,20,0
tide,greedy,skip,10335,0,1,4,26,30,0,4,0,5,20,0
tide,greedy,skip,10335,1,1,3,16,30,0,0,0,4,20,0
tide,greedy,skip,10335,2,1,5,11,30,0,5,0,8,20,0
tide,greedy,skip,10335,3,1,8,7,30,0,37,0,13,20,0
tide,greedy,skip,10335,4,0,8,0,30,0,52,0,13,20,0
tide,greedy,skip,10336,0,1,3,30,30,0,4,0,4,20,0
tide,greedy,skip,10336,1,1,3,23,30,0,7,0,5,20,0
tide,greedy,skip,10336,2,1,5,13,30,0,7,0,8,20,0
tide,greedy,skip,10336,3,1,7,15,30,0,35,0,12,20,0
tide,greedy,skip,10336,4,1,7,3,30,0,29,0,11,20,0
tide,greedy,skip,10337,0,1,2,26,30,0,0,0,3,20,0
tide,greedy,skip,10337,1,1,3,16,30,0,0,0,4,20,0
tide,greedy,skip,10337,2,1,6,14,30,0,16,0,10,20,0
tide,greedy,skip,10337,3,1,7,17,30,0,33,0,12,20,0
tide,greedy,skip,10337,4,0,4,0,30,0,16,0,6,20,0
tide,greedy,skip,10338,0,1,2,30,30,0,0,0,3,20,0
tide,greedy,skip,10338,1,1,3,23,30,0,7,0,5,20,0
tide,greedy,skip,10338,2,1,5,14,30,0,8,0,8,20,0
tide,greedy,skip,10338,3,1,10,24,30,0,70,0,19,20,0
tide,greedy,skip,10338,4,1,9,5,30,0,57,0,14,20,0
tide,greedy,skip,10339,0,1,2,26,30,0,0,0,3,20,0
tide,greedy,skip,10339,1,1,3,16,30,0,0,0,4,20,0
tide,greedy,skip,10339,2,1,5,16,30,0,10,0,9,20,0
tide,greedy,skip,10339,3,1,9,12,30,0,54,0,16,20,0
tide,greedy,skip,10339,4,1,6,1,30,0,22,0,9,20,0
tide,greedy,skip,10340,0,1,2,26,30,0,0,0,3,20,0
tide,greedy,skip,10340,1,1,3,23,30,0,7,0,5,20,0
tide,greedy,skip,10340,2,1,5,13,30,0,7,0,8,20,0
tide,greedy,skip,10340,3,1,8,11,30,0,39,0,14,20,0
tide,greedy,skip,10340,4,0,7,0,30,0,39,0,12,20,0
tide,greedy,skip,10341,0,1,2,26,30,0,0,0,3,20,0
tide,greedy,skip,10341,1,1,3,16,30,0,0,0,4,20,0
tide,greedy,skip,10341,2,1,5,13,30,0,7,0,8,20,0
tide,greedy,skip,10341,3,1,8,8,30,0,36,0,14,20,0
tide,greedy,skip,10341,4,1,8,3,30,0,54,0,14,20,0
tide,greedy,skip,10342,0,1,2,26,30,0,0,0,3,20,0
tide,greedy,skip,10342,1,1,3,16,30,0,0,0,4,20,0
tide,greedy,skip,10342,2,1,5,11,30,0,5,0,8,20,0
tide,greedy,skip,10342,3,1,9,16,30,0,56,0,17,20,0
tide,greedy,skip,10342,4,0,6,0,30,0,24,0,9,20,0
tide,greedy,skip,10343,0,1,2,26,30,0,0,0,3,20,0
tide,greedy,skip,10343,1,1,3,23,30,0,7,0,5,20,0
tide,greedy,skip,10343,2,1,5,18,30,0,12,0,8,20,0
tide,greedy,skip,10343,3,1,9,20,30,0,60,0,17,20,0
tide,greedy,skip,10343,4,0,5,0,30,0,15,0,8,20,0
tide,greedy,skip,10344,0,1,2,26,30,0,0,0,3,20,0
tide,greedy,skip,10344,1,1,3,23,30,0,7,0,5,20,0
tide,greedy,skip,10344,2,1,4,19,30,0,5,0,7,20,0
tide,greedy,skip,10344,3,1,7,21,30,0,37,0,13,20,0
tide,greedy,skip,10344,4,0,6,0,30,0,32,0,9,20,0
tide,greedy,skip,10345,0,1,2,30,30,0,0,0,3,20,0
tide,greedy,skip,10345,1,1,3,21,30,0,0,0,4,20,0
tide,greedy,skip,10345,2,1,5,21,30,0,15,0,8,20,0
tide,greedy,skip,10345,3,1,8,10,30,0,38,0,14,20,0
tide,greedy,skip,10345,4,1,8,6,30,0,45,0,12,20,0
tide,greedy,skip,10346,0,1,3,26,30,0,0,0,4,20,0
tide,greedy,skip,10346,1,1,3,23,30,0,7,0,5,20,0
tide,greedy,skip,10346,2,1,5,19,30,0,13,0,9,20,0
tide,greedy,skip,10346,3,1,9,18,30,0,56,0,16,20,0
tide,greedy,skip,10346,4,1,7,13,30,0,33,0,10,20,0
tide,greedy,skip,10347,0,1,2,26,30,0,0,0,3,20,0
tide,greedy,skip,10347,1,1,3,21,30,0,0,0,4,20,0
tide,greedy,skip,10347,2,1,6,21,30,0,23,0,10,20,0
tide,greedy,skip,10347,3,1,10,17,30,0,67,0,18,20,0
tide,greedy,skip,10347,4,1,8,7,30,0,45,0,12,20,0
tide,greedy,skip,10348,0,1,2,26,30,0,0,0,3,20,0
tide,greedy,skip,10348,1,1,3,16,30,0,0,0,4,20,0
tide,greedy,skip,10348,2,1,5,22,30,0,15,0,8,20,0
tide,greedy,skip,10348,3,1,7,17,30,0,35,0,12,20,0
tide,greedy,skip,10348,4,1,7,7,30,0,30,0,11,20,0
tide,greedy,skip,10349,0,1,3,30,30,0,4,0,4,20,0
tide,greedy,skip,10349,1,1,3,16,30,0,0,0,4,20,0
tide,greedy,skip,10349,2,1,5,21,30,0,15,0,8,20,0
tide,greedy,skip,10349,3,1,7,17,30,0,35,0,12,20,0
tide,greedy,skip,10349,4,1,5,8,30,0,10,0,6,20,0
tide,greedy,skip,10350,0,1,2,26,30,0,0,0,3,20,0
tide,greedy,skip,10350,1,1,3,16,30,0,0,0,4,20,0
tide,greedy,skip,10350,2,1,5,22,30,0,16,0,8,20,0
tide,greedy,skip,10350,3,1,9,8,30,0,48,0,15,20,0
tide,greedy,skip,10350,4,1,10,16,30,0,75,0,16,20,0
tide,greedy,skip,10351,0,1,2,26,30,0,0,0,3,20,0
tide,greedy,skip,10351,1,1,3,23,30,0,7,0,5,20,0
tide,greedy,skip,10351,2,1,5,13,30,0,7,0,8,20,0
tide,greedy,skip,10351,3,1,10,16,30,0,64,0,18,20,0
tide,greedy,skip,10351,4,1,6,7,30,0,22,0,8,20,0
tide,greedy,skip,10352,0,1,3,30,30,0,4,0,4,20,0
tide,greedy,skip,10352,1,1,4,9,30,0,0,0,5,20,0
tide,greedy,skip,10352,2,1,6,19,30,0,21,0,9,20,0
tide,greedy,skip,10352,3,1,8,8,30,0,38,0,14,20,0
tide,greedy,skip,10352,4,1,11,10,30,0,86,0,20,20,0
tide,greedy,skip,10353,0,1,3,26,30,0,0,0,4,20,0
tide,greedy,skip,10353,1,1,2,23,30,0,0,0,4,20,0
tide,greedy,skip,10353,2,1,5,14,30,0,8,0,7,20,0
tide,greedy,skip,10353,3,1,9,12,30,0,52,0,16,20,0
tide,greedy,skip,10353,4,0,7,0,30,0,42,0,11,20,0
tide,greedy,skip,10354,0,1,3,30,30,0,4,0,4,20,0
tide,greedy,skip,10354,1,1,3,23,30,0,7,0,5,20,0
tide,greedy,skip,10354,2,1,6,13,30,0,15,0,9,20,0
tide,greedy,skip,10354,3,1,9,14,30,0,56,0,16,20,0
tide,greedy,skip,10354,4,1,11,7,30,0,79,0,19,20,0
tide,greedy,skip,10355,0,1,3,22,30,0,0,0,4,20,0
tide,greedy,skip,10355,1,1,3,23,30,0,7,0,5,20,0
tide,greedy,skip,10355,2,1,5,21,30,0,15,0,8,20,0
tide,greedy,skip,10355,3,1,8,11,30,0,43,0,14,20,0
tide,greedy,skip,10355,4,1,8,5,30,0,47,0,12,20,0
tide,greedy,skip,10356,0,1,2,26,30,0,0,0,3,20,0
tide,greedy,skip,10356,1,1,4,23,30,0,13,0,6,20,0
tide,greedy,skip,10356,2,1,5,19,30,0,13,0,9,20,0
tide,greedy,skip,10356,3,1,8,12,30,0,42,0,15,20,0
tide,greedy,skip,10356,4,1,5,1,30,0,10,0,7,20,0
tide,greedy,skip,10357,0,1,2,26,30,0,0,0,3,20,0
tide,greedy,skip,10357,1,1,3,23,30,0,7,0,5,20,0
tide,greedy,skip,10357,2,1,5,21,30,0,15,0,9,20,0
tide,greedy,skip,10357,3,1,7,13,30,0,31,0,12,20,0
tide,greedy,skip,10357,4,1,6,8,30,0,23,0,8,20,0
tide,greedy,skip,10358,0,1,2,30,30,0,0,0,3,20,0
tide,greedy,skip,10358,1,1,3,23,30,0,7,0,5,20,0
tide,greedy,skip,10358,2,1,5,19,30,0,13,0,9,20,0
tide,greedy,skip,10358,3,1,8,17,30,0,45,0,14,20,0
tide,greedy,skip,10358,4,0,7,0,30,0,38,0,12,20,0
tide,greedy,skip,10359,0,1,2,26,30,0,0,0,3,20,0
tide,greedy,skip,10359,1,1,3,16,30,0,0,0,4,20,0
tide,greedy,skip,10359,2,1,5,14,30,0,8,0,7,20,0
tide,greedy,skip,10359,3,1,7,20,30,0,40,0,13,20,0
tide,greedy,skip,10359,4,1,7,11,30,0,33,0,10,20,0
tide,greedy,skip,10360,0,1,2,28,30,0,0,0,3,20,0
tide,greedy,skip,10360,1,1,3,16,30,0,0,0,4,20,0
tide,greedy,skip,10360,2,1,5,11,30,0,5,0,8,20,0
tide,greedy,skip,10360,3,1,9,8,30,0,46,0,16,20,0
tide,greedy,skip,10360,4,0,7,0,30,0,34,0,11,20,0
tide,greedy,skip,10361,0,1,2,26,30,0,0,0,3,20,0
tide,greedy,skip,10361,1,1,3,23,30,0,7,0,5,20,0
tide,greedy,skip,10361,2,1,5,21,30,0,15,0,8,20,0
tide,greedy,skip,10361,3,1,10,23,30,0,75,0,19,20,0
tide,greedy,skip,10361,4,1,8,5,30,0,42,0,12,20,0
tide,greedy,skip,10362,0,1,3,30,30,0,4,0,4,20,0
tide,greedy,skip,10362,1,1,3,16,30,0,0,0,4,20,0
tide,greedy,skip,10362,2,1,4,14,30,0,0,0,6,20,0
tide,greedy,skip,10362,3,1,8,13,30,0,45,0,14,20,0
tide,greedy,skip,10362,4,1,12,1,30,0,91,0,20,20,0
tide,greedy,skip,10363,0,1,2,30,30,0,0,0,3,20,0
tide,greedy,skip,10363,1,1,3,16,30,0,0,0,4,20,0
tide,greedy,skip,10363,2,1,5,18,30,0,12,0,8,20,0
tide,greedy,skip,10363,3,1,7,19,30,0,35,0,13,20,0
tide,greedy,skip,10363,4,1,9,8,30,0,60,0,14,20,0
tide,greedy,skip,10364,0,1,2,26,30,0,0,0,3,20,0
tide,greedy,skip,10364,1,1,3,23,30,0,7,0,5,20,0
tide,greedy,skip,10364,2,1,5,13,30,0,7,0,8,20,0
tide,greedy,skip,10364,3,1,8,8,30,0,36,0,14,20,0
tide,greedy,skip,10364,4,1,7,8,30,0,36,0,11,20,0
tide,greedy,skip,10365,0,1,3,26,30,0,0,0,4,20,0
tide,greedy,skip,10365,1,1,4,23,30,0,14,0,6,20,0
tide,greedy,skip,10365,2,1,5,14,30,0,8,0,7,20,0
tide,greedy,skip,10365,3,1,8,8,30,0,40,0,14,20,0
tide,greedy,skip,10365,4,1,6,6,30,0,23,0,8,20,0
tide,greedy,skip,10366,0,1,2,26,30,0,0,0,3,20,0
tide,greedy,skip,10366,1,1,3,21,30,0,5,0,5,20,0
tide,greedy,skip,10366,2,1,5,19,30,0,13,0,8,20,0
tide,greedy,skip,10366,3,1,7,17,30,0,33,0,13,20,0
tide,greedy,skip,10366,4,1,6,13,30,0,27,0,9,20,0
tide,greedy,skip,10367,0,1,2,26,30,0,0,0,3,20,0
tide,greedy,skip,10367,1,1,3,21,30,0,0,0,4,20,0
tide,greedy,skip,10367,2,1,5,13,30,0,7,0,8,20,0
tide,greedy,skip,10367,3,1,9,8,30,0,50,0,16,20,0
tide,greedy,skip,10367,4,1,9,12,30,0,60,0,15,20,0
tide,greedy,skip,10368,0,1,2,26,30,0,0,0,3,20,0
tide,greedy,skip,10368,1,1,2,23,30,0,0,0,4,20,0
tide,greedy,skip,10368,2,1,5,14,30,0,8,0,8,20,0
tide,greedy,skip,10368,3,1,7,13,30,0,29,0,12,20,0
tide,greedy,skip,10368,4,1,5,3,30,0,9,0,6,20,0
tide,greedy,skip,10369,0,1,2,30,30,0,0,0,3,20,0
tide,greedy,skip,10369,1,1,3,16,30,0,0,0,4,20,0
tide,greedy,skip,10369,2,1,6,11,30,0,13,0,10,20,0
tide,greedy,skip,10369,3,1,11,18,30,0,78,0,21,20,0
tide,greedy,skip,10369,4,1,11,4,30,0,80,0,19,20,0
tide,greedy,skip,10370,0,1,2,26,30,0,0,0,3,20,0
tide,greedy,skip,10370,1,1,3,16,30,0,0,0,4,20,0
tide,greedy,skip,10370,2,1,6,14,30,0,16,0,10,20,0
tide,greedy,skip,10370,3,1,7,20,30,0,34,0,13,20,0
tide,greedy,skip,10370,4,1,10,7,30,0,67,0,16,20,0
tide,greedy,skip,10371,0,1,3,26,30,0,0,0,4,20,0
tide,greedy,skip,10371,1,1,3,16,30,0,0,0,4,20,0
tide,greedy,skip,10371,2,1,4,14,30,0,0,0,6,20,0
tide,greedy,skip,10371,3,1,7,14,30,0,26,0,12,20,0
tide,greedy,skip,10371,4,1,10,13,30,0,69,0,16,20,0
tide,greedy,skip,10372,0,1,2,26,30,0,0,0,3,20,0
tide,greedy,skip,10372,1,1,3,16,30,0,0,0,4,20,0
tide,greedy,skip,10372,2,1,5,13,30,0,7,0,8,20,0
tide,greedy,skip,10372,3,1,8,10,30,0,40,0,14,20,0
tide,greedy,skip,10372,4,0,9,0,30,0,64,0,15,20,0
tide,greedy,skip,10373,0,1,2,30,30,0,0,0,3,20,0
tide,greedy,skip,10373,1,1,2,23,30,0,0,0,4,20,0
tide,greedy,skip,10373,2,1,4,14,30,0,0,0,6,20,0
tide,greedy,skip,10373,3,1,12,14,30,0,84,0,22,20,0
tide,greedy,skip,10373,4,1,10,2,30,0,65,0,16,20,0
tide,greedy,skip,10374,0,1,3,30,30,0,4,0,4,20,0
tide,greedy,skip,10374,1,1,3,28,30,0,7,0,5,20,0
tide,greedy,skip,10374,2,1,5,14,30,0,8,0,7,20,0
tide,greedy,skip,10374,3,1,8,13,30,0,43,0,14,20,0
tide,greedy,skip,10374,4,1,10,6,30,0,69,0,18,20,0
tide,greedy,skip,10375,0,1,2,26,30,0,0,0,3,20,0
tide,greedy,skip,10375,1,1,3,16,30,0,0,0,4,20,0
tide,greedy,skip,10375,2,1,6,14,30,0,16,0,10,20,0
tide,greedy,skip,10375,3,1,8,7,30,0,39,0,14,20,0
tide,greedy,skip,10375,4,0,8,0,30,0,52,0,13,20,0
tide,greedy,skip,10376,0,1,2,26,30,0,0,0,3,20,0
tide,greedy,skip,10376,1,1,3,16,30,0,0,0,4,20,0
tide,greedy,skip,10376,2,1,5,22,30,0,16,0,9,20,0
tide,greedy,skip,10376,3,1,10,20,30,0,70,0,19,20,0
tide,greedy,skip,10376,4,1,6,3,30,0,23,0,9,20,0
tide,greedy,skip,10377,0,1,2,26,30,0,0,0,3,20,0
tide,greedy,skip,10377,1,1,3,23,30,0,7,0,5,20,0
tide,greedy,skip,10377,2,1,5,18,30,0,12,0,8,20,0
tide,greedy,skip,10377,3,1,9,8,30,0,46,0,16,20,0
tide,greedy,skip,10377,4,1,7,3,30,0,32,0,12,20,0
tide,greedy,skip,10378,0,1,3,26,30,0,0,0,4,20,0
tide,greedy,skip,10378,1,1,3,16,30,0,0,0,4,20,0
tide,greedy,skip,10378,2,1,5,11,30,0,5,0,8,20,0
tide,greedy,skip,10378,3,1,8,14,30,0,44,0,14,20,0
tide,greedy,skip,10378,4,1,13,4,30,0,106,0,24,20,0
tide,greedy,skip,10379,0,1,3,30,30,0,4,0,4,20,0
tide,greedy,skip,10379,1,1,3,23,30,0,7,0,5,20,0
tide,greedy,skip,10379,2,1,5,14,30,0,8,0,8,20,0
tide,greedy,skip,10379,3,1,8,10,30,0,40,0,14,20,0
tide,greedy,skip,10379,4,1,9,9,30,0,60,0,14,20,0
tide,greedy,skip,10380,0,1,2,26,30,0,0,0,3,20,0
tide,greedy,skip,10380,1,1,4,23,30,0,14,0,6,20,0
tide,greedy,skip,10380,2,1,5,20,30,0,14,0,8,20,0
tide,greedy,skip,10380,3,1,7,15,30,0,33,0,12,20,0
tide,greedy,skip,10380,4,1,11,7,30,0,83,0,18,20,0
tide,greedy,skip,10381,0,1,2,26,30,0,0,0,3,20,0
tide,greedy,skip,10381,1,1,3,16,30,0,0,0,4,20,0
tide,greedy,skip,10381,2,1,4,14,30,0,0,0,6,20,0
tide,greedy,skip,10381,3,1,11,12,30,0,70,0,20,20,0
tide,greedy,skip,10381,4,1,7,9,30,0,32,0,10,20,0
tide,greedy,skip,10382,0,1,2,30,30,0,0,0,3,20,0
tide,greedy,skip,10382,1,1,4,16,30,0,7,0,6,20,0
tide,greedy,skip,10382,2,1,5,21,30,0,15,0,8,20,0
tide,greedy,skip,10382,3,1,7,18,30,0,36,0,13,20,0
tide,greedy,skip,10382,4,1,8,4,30,0,46,0,12,20,0
tide,greedy,skip,10383,0,1,3,30,30,0,4,0,4,20,0
tide,greedy,skip,10383,1,1,3,23,30,0,7,0,5,20,0
tide,greedy,skip,10383,2,1,5,21,30,0,15,0,8,20,0
tide,greedy,skip,10383,3,1,6,7,30,0,21,0,11,20,0
tide,greedy,skip,10383,4,1,11,5,30,0,79,0,20,20,0
tide,greedy,skip,10384,0,1,3,30,30,0,4,0,4,20,0
tide,greedy,skip,10384,1,1,3,16,30,0,0,0,4,20,0
tide,greedy,skip,10384,2,1,5,21,30,0,15,0,9,20,0
tide,greedy,skip,10384,3,1,9,16,30,0,54,0,15,20,0
tide,greedy,skip,10384,4,1,7,7,30,0,29,0,11,20,0
tide,greedy,skip,10385,0,1,2,30,30,0,0,0,3,20,0
tide,greedy,skip,10385,1,1,3,16,30,0,0,0,4,20,0
tide,greedy,skip,10385,2,1,5,14,30,0,8,0,7,20,0
tide,greedy,skip,10385,3,1,8,11,30,0,41,0,14,20,0
tide,greedy,skip,10385,4,1,7,13,30,0,34,0,12,20,0
tide,greedy,skip,10386,0,1,2,30,30,0,0,0,3,20,0
tide,greedy,skip,10386,1,1,3,16,30,0,0,0,4,20,0
tide,greedy,skip,10386,2,1,6,14,30,0,16,0,10,20,0
tide,greedy,skip,10386,3,1,9,12,30,0,54,0,16,20,0
tide,greedy,skip,10386,4,1,8,7,30,0,45,0,13,20,0
tide,greedy,skip,10387,0,1,2,28,30,0,0,0,3,20,0
tide,greedy,skip,10387,1,1,3,23,30,0,7,0,5,20,0
tide,greedy,skip,10387,2,1,5,14,30,0,8,0,8,20,0
tide,greedy,skip,10387,3,1,7,20,30,0,32,0,12,20,0
tide,greedy,skip,10387,4,1,5,2,30,0,10,0,7,20,0
tide,greedy,skip,10388,0,1,3,30,30,0,4,0,4,20,0
tide,greedy,skip,10388,1,1,3,16,30,0,0,0,4,20,0
tide,greedy,skip,10388,2,1,6,14,30,0,16,0,10,20,0
tide,greedy,skip,10388,3,1,11,11,30,0,73,0,20,20,0
tide,greedy,skip,10388,4,1,5,2,30,0,10,0,6,20,0
tide,greedy,skip,10389,0,1,2,26,30,0,0,0,3,20,0
tide,greedy,skip,10389,1,1,3,16,30,0,0,0,4,20,0
tide,greedy,skip,10389,2,1,5,13,30,0,7,0,8,20,0
tide,greedy,skip,10389,3,1,6,10,30,0,18,0,10,20,0
tide,greedy,skip,10389,4,0,6,0,30,0,29,0,9,20,0
tide,greedy,skip,10390,0,1,2,26,30,0,0,0,3,20,0
tide,greedy,skip,10390,1,1,4,23,30,0,14,0,6,20,0
tide,greedy,skip,10390,2,1,4,14,30,0,0,0,6,20,0
tide,greedy,skip,10390,3,1,9,9,30,0,51,0,16,20,0
tide,greedy,skip,10390,4,1,10,18,30,0,72,0,17,20,0
tide,greedy,skip,10391,0,1,3,30,30,0,4,0,4,20,0
tide,greedy,skip,10391,1,1,3,16,30,0,0,0,4,20,0
tide,greedy,skip,10391,2,1,5,18,30,0,11,0,8,20,0
tide,greedy,skip,10391,3,1,8,10,30,0,40,0,14,20,0
tide,greedy,skip,10391,4,1,6,2,30,0,20,0,8,20,0
tide,greedy,skip,10392,0,1,2,30,30,0,0,0,3,20,0
tide,greedy,skip,10392,1,1,3,21,30,0,5,0,5,20,0
tide,greedy,skip,10392,2,1,5,20,30,0,14,0,8,20,0
tide,greedy,skip,10392,3,1,9,10,30,0,52,0,15,20,0
tide,greedy,skip,10392,4,1,7,5,30,0,37,0,11,20,0
tide,greedy,skip,10393,0,1,3,30,30,0,4,0,4,20,0
tide,greedy,skip,10393,1,1,3,16,30,0,0,0,4,20,0
tide,greedy,skip,10393,2,1,4,21,30,0,7,0,7,20,0
tide,greedy,skip,10393,3,1,7,14,30,0,30,0,12,20,0
tide,greedy,skip,10393,4,0,5,0,30,0,15,0,7,20,0
tide,greedy,skip,10394,0,1,3,26,30,0,0,0,4,20,0
tide,greedy,skip,10394,1,1,3,16,30,0,0,0,4,20,0
tide,greedy,skip,10394,2,1,6,14,30,0,16,0,10,20,0
tide,greedy,skip,10394,3,1,10,19,30,0,67,0,18,20,0
tide,greedy,skip,10394,4,1,10,13,30,0,70,0,16,20,0
tide,greedy,skip,10395,0,1,2,30,30,0,0,0,3,20,0
tide,greedy,skip,10395,1,1,3,16,30,0,0,0,4,20,0
tide,greedy,skip,10395,2,1,5,13,30,0,7,0,8,20,0
tide,greedy,skip,10395,3,1,10,20,30,0,66,0,18,20,0
tide,greedy,skip,10395,4,1,9,11,30,0,61,0,16,20,0
tide,greedy,skip,10396,0,1,2,28,30,0,0,0,3,20,0
tide,greedy,skip,10396,1,1,4,23,30,0,14,0,6,20,0
tide,greedy,skip,10396,2,1,6,14,30,0,16,0,10,20,0
tide,greedy,skip,10396,3,1,7,16,30,0,34,0,12,20,0
tide,greedy,skip,10396,4,1,7,1,30,0,33,0,11,20,0
tide,greedy,skip,10397,0,1,2,30,30,0,0,0,3,20,0
tide,greedy,skip,10397,1,1,3,21,30,0,5,0,5,20,0
tide,greedy,skip,10397,2,1,5,20,30,0,14,0,8,20,0
tide,greedy,skip,10397,3,1,7,14,30,0,32,0,13,20,0
tide,greedy,skip,10397,4,0,5,0,30,0,22,0,8,20,0
tide,greedy,skip,10398,0,1,2,26,30,0,0,0,3,20,0
tide,greedy,skip,10398,1,1,3,23,30,0,2,0,5,20,0
tide,greedy,skip,10398,2,1,6,14,30,0,16,0,9,20,0
tide,greedy,skip,10398,3,1,9,12,30,0,52,0,16,20,0
tide,greedy,skip,10398,4,0,7,0,30,0,42,0,11,20,0
tide,greedy,skip,10399,0,1,2,26,30,0,0,0,3,20,0
tide,greedy,skip,10399,1,1,2,23,30,0,0,0,4,20,0
tide,greedy,skip,10399,2,1,5,21,30,0,15,0,9,20,0
tide,greedy,skip,10399,3,1,7,20,30,0,32,0,12,20,0
tide,greedy,skip,10399,4,0,6,0,30,0,29,0,9,20,0
tide,greedy,skip,10400,0,1,2,26,30,0,0,0,3,20,0
tide,greedy,skip,10400,1,1,3,16,30,0,0,0,4,20,0
tide,greedy,skip,10400,2,1,5,13,30,0,7,0,8,20,0
tide,greedy,skip,10400,3,1,7,15,30,0,33,0,12,20,0
tide,greedy,skip,10400,4,1,10,1,30,0,59,0,16,20,0
tide,greedy,skip,10401,0,1,3,30,30,0,4,0,4,20,0
tide,greedy,skip,10401,1,1,3,16,30,0,0,0,4,20,0
tide,greedy,skip,10401,2,1,5,22,30,0,16,0,9,20,0
tide,greedy,skip,10401,3,1,9,15,30,0,53,0,15,20,0
tide,greedy,skip,10401,4,1,12,6,30,0,96,0,20,20,0
tide,greedy,skip,10402,0,1,2,26,30,0,0,0,3,20,0
tide,greedy,skip,10402,1,1,3,23,30,0,7,0,5,20,0
tide,greedy,skip,10402,2,1,5,13,30,0,7,0,8,20,0
tide,greedy,skip,10402,3,1,8,8,30,0,38,0,14,20,0
tide,greedy,skip,10402,4,1,7,6,30,0,34,0,11,20,0
tide,greedy,skip,10403,0,1,2,30,30,0,0,0,3,20,0
tide,greedy,skip,10403,1,1,3,23,30,0,7,0,5,20,0
tide,greedy,skip,10403,2,1,6,14,30,0,16,0,10,20,0
tide,greedy,skip,10403,3,1,10,16,30,0,62,0,18,20,0
tide,greedy,skip,10403,4,1,11,3,30,0,81,0,20,20,0
tide,greedy,skip,10404,0,1,2,26,30,0,0,0,3,20,0
tide,greedy,skip,10404,1,1,4,23,30,0,14,0,6,20,0
tide,greedy,skip,10404,2,1,5,18,30,0,12,0,8,20,0
tide,greedy,skip,10404,3,1,7,14,30,0,30,0,12,20,0
tide,greedy,skip,10404,4,1,6,1,30,0,15,0,8,20,0
tide,greedy,skip,10405,0,1,2,26,30,0,0,0,3,20,0
tide,greedy,skip,10405,1,1,3,16,30,0,0,0,4,20,0
tide,greedy,skip,10405,2,1,5,21,30,0,15,0,8,20,0
tide,greedy,skip,10405,3,1,7,17,30,0,33,0,13,20,0
tide,greedy,skip,10405,4,0,4,0,30,0,11,0,6,20,0
tide,greedy,skip,10406,0,1,2,26,30,0,0,0,3,20,0
tide,greedy,skip,10406,1,1,2,23,30,0,0,0,4,20,0
tide,greedy,skip,10406,2,1,6,14,30,0,16,0,10,20,0
tide,greedy,skip,10406,3,1,10,24,30,0,72,0,20,20,0
tide,greedy,skip,10406,4,1,8,9,30,0,47,0,13,20,0
tide,greedy,skip,10407,0,1,2,26,30,0,0,0,3,20,0
tide,greedy,skip,10407,1,1,3,23,30,0,7,0,5,20,0
tide,greedy,skip,10407,2,1,5,14,30,0,8,0,7,20,0
tide,greedy,skip,10407,3,1,9,7,30,0,49,0,16,20,0
tide,greedy,skip,10407,4,1,9,4,30,0,51,0,14,20,0
tide,greedy,skip,10408,0,1,3,30,30,0,4,0,4,20,0
tide,greedy,skip,10408,1,1,3,23,30,0,7,0,5,20,0
tide,greedy,skip,10408,2,1,5,21,30,0,15,0,9,20,0
tide,greedy,skip,10408,3,1,9,12,30,0,54,0,16,20,0
tide,greedy,skip,10408,4,1,10,3,30,0,66,0,16,20,0
tide,greedy,skip,10409,0,1,2,26,30,0,0,0,3,20,0
tide,greedy,skip,10409,1,1,3,23,30,0,7,0,5,20,0
tide,greedy,skip,10409,2,1,5,19,30,0,13,0,9,20,0
tide,greedy,skip,10409,3,1,8,18,30,0,44,0,15,20,0
tide,greedy,skip,10409,4,1,5,7,30,0,10,0,6,20,0
tide,greedy,skip,10410,0,1,3,30,30,0,2,0,4,20,0
tide,greedy,skip,10410,1,1,3,21,30,0,5,0,5,20,0
tide,greedy,skip,10410,2,1,5,13,30,0,7,0,8,20,0
tide,greedy,skip,10410,3,1,8,8,30,0,40,0,14,20,0
tide,greedy,skip,10410,4,1,7,6,30,0,34,0,11,20,0
tide,greedy,skip,10411,0,1,2,26,30,0,0,0,3,20,0
tide,greedy,skip,10411,1,1,3,23,30,0,7,0,5,20,0
tide,greedy,skip,10411,2,1,5,13,30,0,7,0,8,20,0
tide,greedy,skip,10411,3,1,9,22,30,0,62,0,17,20,0
tide,greedy,skip,10411,4,0,5,0,30,0,15,0,7,20,0
tide,greedy,skip,10412,0,1,2,26,30,0,0,0,3,20,0
tide,greedy,skip,10412,1,1,3,21,30,0,0,0,4,20,0
tide,greedy,skip,10412,2,1,5,22,30,0,16,0,9,20,0
tide,greedy,skip,10412,3,1,9,11,30,0,55,0,16,20,0
tide,greedy,skip,10412,4,1,6,6,30,0,16,0,8,20,0
tide,greedy,skip,10413,0,1,2,26,30,0,0,0,3,20,0
tide,greedy,skip,10413,1,1,3,21,30,0,5,0,5,20,0
tide,greedy,skip,10413,2,1,5,21,30,0,15,0,8,20,0
tide,greedy,skip,10413,3,1,9,19,30,0,57,0,18,20,0
tide,greedy,skip,10413,4,1,8,5,30,0,45,0,13,20,0
tide,greedy,skip,10414,0,1,3,26,30,0,0,0,4,20,0
tide,greedy,skip,10414,1,1,3,21,30,0,0,0,4,20,0
tide,greedy,skip,10414,2,1,5,14,30,0,8,0,7,20,0
tide,greedy,skip,10414,3,1,9,11,30,0,49,0,17,20,0
tide,greedy,skip,10414,4,1,8,4,30,0,38,0,12,20,0
tide,greedy,skip,10415,0,1,2,30,30,0,0,0,3,20,0
tide,greedy,skip,10415,1,1,3,16,30,0,0,0,4,20,0
tide,greedy,skip,10415,2,1,6,14,30,0,16,0,9,20,0
tide,greedy,skip,10415,3,1,8,13,30,0,39,0,14,20,0
tide,greedy,skip,10415,4,1,10,16,30,0,74,0,18,20,0
tide,greedy,skip,10416,0,1,3,30,30,0,4,0,4,20,0
tide,greedy,skip,10416,1,1,3,23,30,0,7,0,5,20,0
tide,greedy,skip,10416,2,1,6,11,30,0,13,0,9,20,0
tide,greedy,skip,10416,3,1,10,17,30,0,65,0,18,20,0
tide,greedy,skip,10416,4,1,7,9,30,0,33,0,10,20,0
tide,greedy,skip,10417,0,1,2,26,30,0,0,0,3,20,0
tide,greedy,skip,10417,1,1,3,16,30,0,0,0,4,20,0
tide,greedy,skip,10417,2,1,6,20,30,0,22,0,10,20,0
tide,greedy,skip,10417,3,1,9,11,30,0,51,0,14,20,0
tide,greedy,skip,10417,4,1,8,13,30,0,46,0,12,20,0
tide,greedy,skip,10418,0,1,2,30,30,0,0,0,3,20,0
tide,greedy,skip,10418,1,1,3,16,30,0,0,0,4,20,0
tide,greedy,skip,10418,2,1,5,22,30,0,16,0,9,20,0
tide,greedy,skip,10418,3,1,10,22,30,0,72,0,19,20,0
tide,greedy,skip,10418,4,1,11,10,30,0,80,0,18,20,0
tide,greedy,skip,10419,0,1,3,26,30,0,0,0,4,20,0
tide,greedy,skip,10419,1,1,2,23,30,0,0,0,4,20,0
tide,greedy,skip,10419,2,1,6,14,30,0,16,0,10,20,0
tide,greedy,skip,10419,3,1,9,10,30,0,54,0,16,20,0
tide,greedy,skip,10419,4,0,6,0,30,0,32,0,10,20,0
tide,greedy,skip,10420,0,1,3,30,30,0,4,0,4,20,0
tide,greedy,skip,10420,1,1,3,16,30,0,0,0,5,20,0
tide,greedy,skip,10420,2,1,5,14,30,0,8,0,7,20,0
tide,greedy,skip,10420,3,1,8,12,30,0,38,0,13,20,0
tide,greedy,skip,10420,4,0,8,0,30,0,51,0,13,20,0
tide,greedy,skip,10421,0,1,2,30,30,0,0,0,3,20,0
tide,greedy,skip,10421,1,1,3,16,30,0,0,0,4,20,0
tide,greedy,skip,10421,2,1,4,15,30,0,0,0,6,20,0
tide,greedy,skip,10421,3,1,10,15,30,0,63,0,18,20,0
tide,greedy,skip,10421,4,1,10,11,30,0,69,0,17,20,0
tide,greedy,skip,10422,0,1,2,30,30,0,0,0,3,20,0
tide,greedy,skip,10422,1,1,3,16,30,0,0,0,4,20,0
tide,greedy,skip,10422,2,1,6,18,30,0,20,0,10,20,0
tide,greedy,skip,10422,3,1,10,23,30,0,69,0,17,20,0
tide,greedy,skip,10422,4,1,14,5,30,0,112,0,24,20,0
tide,greedy,skip,10423,0,1,3,30,30,0,4,0,4,20,0
tide,greedy,skip,10423,1,1,3,21,30,0,0,0,4,20,0
tide,greedy,skip,10423,2,1,5,11,30,0,5,0,8,20,0
tide,greedy,skip,10423,3,1,9,7,30,0,49,0,16,20,0
tide,greedy,skip,10423,4,1,11,3,30,0,80,0,19,20,0
tide,greedy,skip,10424,0,1,2,26,30,0,0,0,3,20,0
tide,greedy,skip,10424,1,1,3,16,30,0,0,0,4,20,0
tide,greedy,skip,10424,2,1,4,15,30,0,0,0,7,20,0
tide,greedy,skip,10424,3,1,9,10,30,0,54,0,17,20,0
tide,greedy,skip,10424,4,0,8,0,30,0,48,0,13,20,0
tide,greedy,skip,10425,0,1,3,28,30,0,2,0,4,20,0
tide,greedy,skip,10425,1,1,3,21,30,0,5,0,5,20,0
tide,greedy,skip,10425,2,1,5,13,30,0,7,0,8,20,0
tide,greedy,skip,10425,3,1,8,8,30,0,38,0,12,20,0
tide,greedy,skip,10425,4,1,8,1,30,0,41,0,13,20,0
tide,greedy,skip,10426,0,1,2,26,30,0,0,0,3,20,0
tide,greedy,skip,10426,1,1,2,23,30,0,0,0,4,20,0
tide,greedy,skip,10426,2,1,5,19,30,0,13,0,9,20,0
tide,greedy,skip,10426,3,1,8,11,30,0,43,0,14,20,0
tide,greedy,skip,10426,4,1,5,8,30,0,10,0,6,20,0
tide,greedy,skip,10427,0,1,2,30,30,0,0,0,3,20,0
tide,greedy,skip,10427,1,1,4,9,30,0,0,0,5,20,0
tide,greedy,skip,10427,2,1,6,13,30,0,15,0,10,20,0
tide,greedy,skip,10427,3,1,9,16,30,0,58,0,16,20,0
tide,greedy,skip,10427,4,1,7,3,30,0,32,0,11,20,0
tide,greedy,skip,10428,0,1,2,30,30,0,0,0,3,20,0
tide,greedy,skip,10428,1,1,3,16,30,0,0,0,4,20,0
tide,greedy,skip,10428,2,1,5,20,30,0,14,0,8,20,0
tide,greedy,skip,10428,3,1,8,12,30,0,44,0,14,20,0
tide,greedy,skip,10428,4,0,6,0,30,0,30,0,10,20,0
tide,greedy,skip,10429,0,1,2,30,30,0,0,0,3,20,0
tide,greedy,skip,10429,1,1,3,16,30,0,0,0,4,20,0
tide,greedy,skip,10429,2,1,5,11,30,0,5,0,8,20,0
tide,greedy,skip,10429,3,1,10,22,30,0,70,0,19,20,0
tide,greedy,skip,10429,4,1,8,9,30,0,49,0,13,20,0
tide,greedy,skip,10430,0,1,2,30,30,0,0,0,3,20,0
tide,greedy,skip,10430,1,1,4,23,30,0,14,0,6,20,0
tide,greedy,skip,10430,2,1,4,14,30,0,0,0,6,20,0
tide,greedy,skip,10430,3,1,8,11,30,0,43,0,14,20,0
tide,greedy,skip,10430,4,1,7,9,30,0,30,0,11,20,0
tide,greedy,skip,10431,0,1,3,30,30,0,4,0,4,20,0
tide,greedy,skip,10431,1,1,3,16,30,0,0,0,4,20,0
tide,greedy,skip,10431,2,1,5,11,30,0,5,0,8,20,0
tide,greedy,skip,10431,3,1,8,8,30,0,34,0,14,20,0
tide,greedy,skip,10431,4,1,9,7,30,0,59,0,15,20,0
tide,greedy,skip,10432,0,1,3,26,30,0,0,0,4,20,0
tide,greedy,skip,10432,1,1,3,16,30,0,0,0,4,20,0
tide,greedy,skip,10432,2,1,5,21,30,0,15,0,8,20,0
tide,greedy,skip,10432,3,1,9,18,30,0,58,0,16,20,0
tide,greedy,skip,10432,4,0,5,0,30,0,22,0,8,20,0
tide,greedy,skip,10433,0,1,2,26,30,0,0,0,3,20,0
tide,greedy,skip,10433,1,1,3,21,30,0,5,0,5,20,0
tide,greedy,skip,10433,2,1,5,14,30,0,8,0,8,20,0
tide,greedy,skip,10433,3,1,9,7,30,0,47,0,16,20,0
tide,greedy,skip,10433,4,1,7,2,30,0,33,0,10,20,0
tide,greedy,skip,10434,0,1,3,26,30,0,0,0,4,20,0
tide,greedy,skip,10434,1,1,4,23,30,0,14,0,6,20,0
tide,greedy,skip,10434,2,1,6,11,30,0,13,0,10,20,0
tide,greedy,skip,10434,3,1,9,11,30,0,47,0,16,20,0
tide,greedy,skip,10434,4,0,5,0,30,0,15,0,7,20,0
tide,greedy,skip,10435,0,1,2,26,30,0,0,0,3,20,0
tide,greedy,skip,10435,1,1,2,23,30,0,0,0,4,20,0
tide,greedy,skip,10435,2,1,5,22,30,0,16,0,8,20,0
tide,greedy,skip,10435,3,1,7,19,30,0,37,0,12,20,0
tide,greedy,skip,10435,4,1,11,13,30,0,87,0,20,20,0
tide,greedy,skip,10436,0,1,3,26,30,0,0,0,4,20,0
tide,greedy,skip,10436,1,1,3,16,30,0,0,0,4,20,0
tide,greedy,skip,10436,2,1,5,21,30,0,15,0,9,20,0
tide,greedy,skip,10436,3,1,8,11,30,0,39,0,14,20,0
tide,greedy,skip,10436,4,1,5,1,30,0,10,0,6,20,0
tide,greedy,skip,10437,0,1,3,28,30,0,0,0,4,20,0
tide,greedy,skip,10437,1,1,3,23,30,0,7,0,5,20,0
tide,greedy,skip,10437,2,1,5,19,30,0,13,0,9,20,0
tide,greedy,skip,10437,3,1,11,10,30,0,68,0,19,20,0
tide,greedy,skip,10437,4,0,6,0,30,0,27,0,10,20,0
tide,greedy,skip,10438,0,1,3,30,30,0,4,0,4,20,0
tide,greedy,skip,10438,1,1,3,23,30,0,7,0,5,20,0
tide,greedy,skip,10438,2,1,5,11,30,0,5,0,8,20,0
tide,greedy,skip,10438,3,1,8,12,30,0,42,0,14,20,0
tide,greedy,skip,10438,4,1,6,1,30,0,20,0,8,20,0
tide,greedy,skip,10439,0,1,3,30,30,0,4,0,4,20,0
tide,greedy,skip,10439,1,1,2,23,30,0,0,0,4,20,0
tide,greedy,skip,10439,2,1,5,21,30,0,15,0,8,20,0
tide,greedy,skip,10439,3,1,7,19,30,0,35,0,14,20,0
tide,greedy,skip,10439,4,1,8,11,30,0,47,0,13,20,0
tide,greedy,skip,10440,0,1,2,26,30,0,0,0,3,20,0
tide,greedy,skip,10440,1,1,2,23,30,0,0,0,4,20,0
tide,greedy,skip,10440,2,1,5,22,30,0,16,0,8,20,0
tide,greedy,skip,10440,3,1,8,17,30,0,49,0,15,20,0
tide,greedy,skip,10440,4,0,5,0,30,0,15,0,8,20,0
tide,greedy,skip,10441,0,1,2,26,30,0,0,0,3,20,0
tide,greedy,skip,10441,1,1,3,17,30,0,0,0,4,20,0
tide,greedy,skip,10441,2,1,5,21,30,0,15,0,9,20,0
tide,greedy,skip,10441,3,1,8,12,30,0,42,0,14,20,0
tide,greedy,skip,10441,4,0,7,0,30,0,40,0,12,20,0
tide,greedy,skip,10442,0,1,3,26,30,0,0,0,4,20,0
tide,greedy,skip,10442,1,1,3,16,30,0,0,0,4,20,0
tide,greedy,skip,10442,2,1,6,21,30,0,23,0,10,20,0
tide,greedy,skip,10442,3,1,10,19,30,0,63,0,17,20,0
tide,greedy,skip,10442,4,1,7,7,30,0,27,0,10,20,0
tide,greedy,skip,10443,0,1,2,30,30,0,0,0,3,20,0
tide,greedy,skip,10443,1,1,3,21,30,0,5,0,5,20,0
tide,greedy,skip,10443,2,1,6,14,30,0,16,0,10,20,0
tide,greedy,skip,10443,3,1,11,11,30,0,69,0,20,20,0
tide,greedy,skip,10443,4,1,10,7,30,0,69,0,16,20,0
tide,greedy,skip,10444,0,1,2,30,30,0,0,0,3,20,0
tide,greedy,skip,10444,1,1,3,23,30,0,7,0,5,20,0
tide,greedy,skip,10444,2,1,5,20,30,0,14,0,8,20,0
tide,greedy,skip,10444,3,1,8,8,30,0,40,0,14,20,0
tide,greedy,skip,10444,4,1,10,10,30,0,75,0,17,20,0
tide,greedy,skip,10445,0,1,2,26,30,0,0,0,3,20,0
tide,greedy,skip,10445,1,1,3,16,30,0,0,0,4,20,0
tide,greedy,skip,10445,2,1,5,13,30,0,7,0,8,20,0
tide,greedy,skip,10445,3,1,8,13,30,0,41,0,14,20,0
tide,greedy,skip,10445,4,0,4,0,30,0,11,0,6,20,0
tide,greedy,skip,10446,0,1,2,28,30,0,0,0,3,20,0
tide,greedy,skip,10446,1,1,3,16,30,0,0,0,4,20,0
tide,greedy,skip,10446,2,1,5,11,30,0,5,0,8,20,0
tide,greedy,skip,10446,3,1,9,10,30,0,52,0,16,20,0
tide,greedy,skip,10446,4,0,8,0,30,0,56,0,13,20,0
tide,greedy,skip,10447,0,1,3,26,30,0,0,0,4,20,0
tide,greedy,skip,10447,1,1,4,23,30,0,9,0,6,20,0
tide,greedy,skip,10447,2,1,6,14,30,0,16,0,10,20,0
tide,greedy,skip,10447,3,1,7,19,30,0,35,0,13,20,0
tide,greedy,skip,10447,4,0,5,0,30,0,12,0,7,20,0
tide,greedy,skip,10448,0,1,3,30,30,0,4,0,4,20,0
tide,greedy,skip,10448,1,1,3,16,30,0,0,0,4,20,0
tide,greedy,skip,10448,2,1,5,20,30,0,14,0,8,20,0
tide,greedy,skip,10448,3,1,9,12,30,0,50,0,15,20,0
tide,greedy,skip,10448,4,0,4,0,30,0,15,0,6,20,0
tide,greedy,skip,10449,0,1,3,30,30,0,4,0,4,20,0
tide,greedy,skip,10449,1,1,4,23,30,0,14,0,6,20,0
tide,greedy,skip,10449,2,1,5,21,30,0,15,0,8,20,0
tide,greedy,skip,10449,3,1,8,12,30,0,38,0,14,20,0
tide,greedy,skip,10449,4,1,10,8,30,0,68,0,16,20,0
tide,greedy,skip,10450,0,1,2,26,30,0,0,0,3,20,0
tide,greedy,skip,10450,1,1,3,17,30,0,0,0,4,20,0
tide,greedy,skip,10450,2,1,5,13,30,0,7,0,8,20,0
tide,greedy,skip,10450,3,1,8,14,30,0,44,0,14,20,0
tide,greedy,skip,10450,4,1,6,2,30,0,20,0,8,20,0
tide,greedy,skip,10451,0,1,2,28,30,0,0,0,3,20,0
tide,greedy,skip,10451,1,1,3,16,30,0,0,0,4,20,0
tide,greedy,skip,10451,2,1,5,21,30,0,15,0,9,20,0
tide,greedy,skip,10451,3,1,9,13,30,0,55,0,17,20,0
tide,greedy,skip,10451,4,1,5,4,30,0,10,0,7,20,0
tide,greedy,skip,10452,0,1,2,26,30,0,0,0,3,20,0
tide,greedy,skip,10452,1,1,3,16,30,0,0,0,4,20,0
tide,greedy,skip,10452,2,1,5,21,30,0,15,0,8,20,0
tide,greedy,skip,10452,3,1,9,13,30,0,57,0,16,20,0
tide,greedy,skip,10452,4,1,8,1,30,0,42,0,12,20,0
tide,greedy,skip,10453,0,1,3,30,30,0,4,0,4,20,0
tide,greedy,skip,10453,1,1,3,16,30,0,0,0,4,20,0
tide,greedy,skip,10453,2,1,5,11,30,0,5,0,8,20,0
tide,greedy,skip,10453,3,1,9,18,30,0,58,0,17,20,0
tide,greedy,skip,10453,4,1,9,9,30,0,60,0,16,20,0
tide,greedy,skip,10454,0,1,3,30,30,0,4,0,4,20,0
tide,greedy,skip,10454,1,1,3,23,30,0,7,0,5,20,0
tide,greedy,skip,10454,2,1,6,19,30,0,21,0,11,20,0
tide,greedy,skip,10454,3,1,8,8,30,0,40,0,14,20,0
tide,greedy,skip,10454,4,1,5,10,30,0,10,0,7,20,0
tide,greedy,skip,10455,0,1,3,30,30,0,4,0,4,20,0
tide,greedy,skip,10455,1,1,3,16,30,0,0,0,5,20,0
tide,greedy,skip,10455,2,1,4,14,30,0,0,0,6,20,0
tide,greedy,skip,10455,3,1,9,11,30,0,49,0,15,20,0
tide,greedy,skip,10455,4,1,9,2,30,0,57,0,14,20,0
tide,greedy,skip,10456,0,1,3,30,30,0,4,0,4,20,0
tide,greedy,skip,10456,1,1,4,23,30,0,14,0,6,20,0
tide,greedy,skip,10456,2,1,5,14,30,0,8,0,8,20,0
tide,greedy,skip,10456,3,1,10,13,30,0,61,0,18,20,0
tide,greedy,skip,10456,4,1,9,7,30,0,59,0,15,20,0
tide,greedy,skip,10457,0,1,3,30,30,0,4,0,4,20,0
tide,greedy,skip,10457,1,1,3,21,30,0,5,0,5,20,0
tide,greedy,skip,10457,2,1,5,22,30,0,16,0,9,20,0
tide,greedy,skip,10457,3,1,11,15,30,0,71,0,20,20,0
tide,greedy,skip,10457,4,1,11,3,30,0,72,0,18,20,0
tide,greedy,skip,10458,0,1,3,26,30,0,0,0,4,20,0
tide,greedy,skip,10458,1,1,4,16,30,0,7,0,5,20,0
tide,greedy,skip,10458,2,1,5,20,30,0,14,0,8,20,0
tide,greedy,skip,10458,3,1,11,10,30,0,74,0,21,20,0
tide,greedy,skip,10458,4,1,8,1,30,0,39,0,13,20,0
tide,greedy,skip,10459,0,1,2,26,30,0,0,0,3,20,0
tide,greedy,skip,10459,1,1,3,23,30,0,7,0,5,20,0
tide,greedy,skip,10459,2,1,5,21,30,0,15,0,9,20,0
tide,greedy,skip,10459,3,1,11,15,30,0,75,0,20,20,0
tide,greedy,skip,10459,4,0,6,0,30,0,29,0,9,20,0
tide,greedy,skip,10460,0,1,2,26,30,0,0,0,3,20,0
tide,greedy,skip,10460,1,1,3,23,30,0,7,0,5,20,0
tide,greedy,skip,10460,2,1,5,21,30,0,15,0,9,20,0
tide,greedy,skip,10460,3,1,8,18,30,0,48,0,14,20,0
tide,greedy,skip,10460,4,1,9,5,30,0,54,0,16,20,0
tide,greedy,skip,10461,0,1,2,30,30,0,0,0,3,20,0
tide,greedy,skip,10461,1,1,3,16,30,0,0,0,4,20,0
tide,greedy,skip,10461,2,1,5,13,30,0,7,0,8,20,0
tide,greedy,skip,10461,3,1,8,18,30,0,44,0,14,20,0
tide,greedy,skip,10461,4,1,10,13,30,0,72,0,17,20,0
tide,greedy,skip,10462,0,1,3,30,30,0,4,0,4,20,0
tide,greedy,skip,10462,1,1,3,21,30,0,5,0,5,20,0
tide,greedy,skip,10462,2,1,5,13,30,0,7,0,8,20,0
tide,greedy,skip,10462,3,1,10,14,30,0,62,0,18,20,0
tide,greedy,skip,10462,4,1,10,10,30,0,64,0,16,20,0
tide,greedy,skip,10463,0,1,2,26,30,0,0,0,3,20,0
tide,greedy,skip,10463,1,1,2,23,30,0,0,0,4,20,0
tide,greedy,skip,10463,2,1,5,21,30,0,15,0,8,20,0
tide,greedy,skip,10463,3,1,8,9,30,0,39,0,14,20,0
tide,greedy,skip,10463,4,1,9,7,30,0,61,0,16,20,0
tide,greedy,skip,10464,0,1,2,26,30,0,0,0,3,20,0
tide,greedy,skip,10464,1,1,3,16,30,0,0,0,4,20,0
tide,greedy,skip,10464,2,1,5,14,30,0,8,0,8,20,0
tide,greedy,skip,10464,3,1,8,13,30,0,43,0,14,20,0
tide,greedy,skip,10464,4,1,10,3,30,0,66,0,17,20,0
tide,greedy,skip,10465,0,1,2,26,30,0,0,0,3,20,0
tide,greedy,skip,10465,1,1,4,14,30,0,5,0,6,20,0
tide,greedy,skip,10465,2,1,5,11,30,0,5,0,8,20,0
tide,greedy,skip,10465,3,1,7,15,30,0,33,0,13,20,0
tide,greedy,skip,10465,4,1,6,3,30,0,23,0,9,20,0
tide,greedy,skip,10466,0,1,2,30,30,0,0,0,3,20,0
tide,greedy,skip,10466,1,1,3,23,30,0,7,0,5,20,0
tide,greedy,skip,10466,2,1,5,21,30,0,15,0,9,20,0
tide,greedy,skip,10466,3,1,10,16,30,0,62,0,18,20,0
tide,greedy,skip,10466,4,1,6,8,30,0,22,0,8,20,0
tide,greedy,skip,10467,0,1,2,30,30,0,0,0,3,20,0
tide,greedy,skip,10467,1,1,3,16,30,0,0,0,4,20,0
tide,greedy,skip,10467,2,1,5,11,30,0,5,0,8,20,0
tide,greedy,skip,10467,3,1,9,13,30,0,53,0,16,20,0
tide,greedy,skip,10467,4,0,4,0,30,0,10,0,6,20,0
tide,greedy,skip,10468,0,1,3,30,30,0,4,0,4,20,0
tide,greedy,skip,10468,1,1,4,16,30,0,7,0,6,20,0
tide,greedy,skip,10468,2,1,5,14,30,0,8,0,7,20,0
tide,greedy,skip,10468,3,1,10,17,30,0,63,0,19,20,0
tide,greedy,skip,10468,4,1,9,11,30,0,58,0,14,20,0
tide,greedy,skip,10469,0,1,3,26,30,0,0,0,4,20,0
tide,greedy,skip,10469,1,1,3,21,30,0,5,0,5,20,0
tide,greedy,skip,10469,2,1,6,13,30,0,15,0,10,20,0
tide,greedy,skip,10469,3,1,7,14,30,0,28,0,12,20,0
tide,greedy,skip,10469,4,1,9,7,30,0,57,0,14,20,0
tide,greedy,skip,10470,0,1,2,30,30,0,0,0,3,20,0
tide,greedy,skip,10470,1,1,3,16,30,0,0,0,4,20,0
tide,greedy,skip,10470,2,1,5,13,30,0,7,0,8,20,0
tide,greedy,skip,10470,3,1,9,14,30,0,54,0,16,20,0
tide,greedy,skip,10470,4,0,5,0,30,0,15,0,7,20,0
tide,greedy,skip,10471,0,1,2,30,30,0,0,0,3,20,0
tide,greedy,skip,10471,1,1,3,16,30,0,0,0,4,20,0
tide,greedy,skip,10471,2,1,5,21,30,0,15,0,8,20,0
tide,greedy,skip,10471,3,1,6,8,30,0,18,0,10,20,0
tide,greedy,skip,10471,4,1,5,2,30,0,10,0,6,20,0
tide,greedy,skip,10472,0,1,3,26,30,0,4,0,4,20,0
tide,greedy,skip,10472,1,1,3,23,30,0,6,0,5,20,0
tide,greedy,skip,10472,2,1,5,21,30,0,14,0,8,20,0
tide,greedy,skip,10472,3,1,6,13,30,0,21,0,11,20,0
tide,greedy,skip,10472,4,1,11,9,30,0,86,0,19,20,0
tide,greedy,skip,10473,0,1,2,26,30,0,0,0,3,20,0
tide,greedy,skip,10473,1,1,3,16,30,0,0,0,4,20,0
tide,greedy,skip,10473,2,1,6,11,30,0,13,0,10,20,0
tide,greedy,skip,10473,3,1,8,7,30,0,39,0,14,20,0
tide,greedy,skip,10473,4,1,10,6,30,0,64,0,16,20,0
tide,greedy,skip,10474,0,1,2,26,30,0,0,0,3,20,0
tide,greedy,skip,10474,1,1,3,17,30,0,0,0,4,20,0
tide,greedy,skip,10474,2,1,6,19,30,0,21,0,9,20,0
tide,greedy,skip,10474,3,1,9,14,30,0,56,0,16,20,0
tide,greedy,skip,10474,4,1,7,11,30,0,33,0,10,20,0
tide,greedy,skip,10475,0,1,2,26,30,0,0,0,3,20,0
tide,greedy,skip,10475,1,1,3,16,30,0,0,0,4,20,0
tide,greedy,skip,10475,2,1,5,21,30,0,15,0,8,20,0
tide,greedy,skip,10475,3,1,9,9,30,0,49,0,16,20,0
tide,greedy,skip,10475,4,1,13,6,30,0,102,0,23,20,0
tide,greedy,skip,10476,0,1,2,26,30,0,0,0,3,20,0
tide,greedy,skip,10476,1,1,3,23,30,0,7,0,5,20,0
tide,greedy,skip,10476,2,1,5,11,30,0,5,0,8,20,0
tide,greedy,skip,10476,3,1,8,9,30,0,41,0,15,20,0
tide,greedy,skip,10476,4,1,7,9,30,0,34,0,11,20,0
tide,greedy,skip,10477,0,1,3,30,30,0,4,0,4,20,0
tide,greedy,skip,10477,1,1,4,23,30,0,14,0,6,20,0
tide,greedy,skip,10477,2,1,6,18,30,0,20,0,10,20,0
tide,greedy,skip,10477,3,1,9,11,30,0,49,0,16,20,0
tide,greedy,skip,10477,4,1,9,9,30,0,56,0,14,20,0
tide,greedy,skip,10478,0,1,3,26,30,0,0,0,4,20,0
tide,greedy,skip,10478,1,1,3,16,30,0,0,0,4,20,0
tide,greedy,skip,10478,2,1,5,13,30,0,7,0,8,20,0
tide,greedy,skip,10478,3,1,11,10,30,0,68,0,20,20,0
tide,greedy,skip,10478,4,1,6,5,30,0,20,0,9,20,0
tide,greedy,skip,10479,0,1,3,30,30,0,4,0,4,20,0
tide,greedy,skip,10479,1,1,4,23,30,0,13,0,6,20,0
tide,greedy,skip,10479,2,1,5,18,30,0,12,0,8,20,0
tide,greedy,skip,10479,3,1,10,21,30,0,69,0,19,20,0
tide,greedy,skip,10479,4,1,9,1,30,0,57,0,16,20,0
tide,greedy,skip,10480,0,1,2,30,30,0,0,0,3,20,0
tide,greedy,skip,10480,1,1,3,16,30,0,0,0,4,20,0
tide,greedy,skip,10480,2,1,5,14,30,0,8,0,7,20,0
tide,greedy,skip,10480,3,1,8,12,30,0,42,0,14,20,0
tide,greedy,skip,10480,4,1,7,7,30,0,34,0,11,20,0
tide,greedy,skip,10481,0,1,2,26,30,0,0,0,3,20,0
tide,greedy,skip,10481,1,1,3,17,30,0,0,0,4,20,0
tide,greedy,skip,10481,2,1,5,22,30,0,16,0,9,20,0
tide,greedy,skip,10481,3,1,10,17,30,0,63,0,18,20,0
tide,greedy,skip,10481,4,1,7,8,30,0,35,0,10,20,0
tide,greedy,skip,10482,0,1,3,30,30,0,4,0,4,20,0
tide,greedy,skip,10482,1,1,3,23,30,0,7,0,5,20,0
tide,greedy,skip,10482,2,1,5,11,30,0,5,0,8,20,0
tide,greedy,skip,10482,3,1,8,15,30,0,45,0,14,20,0
tide,greedy,skip,10482,4,1,8,1,30,0,42,0,12,20,0
tide,greedy,skip,10483,0,1,3,30,30,0,4,0,4,20,0
tide,greedy,skip,10483,1,1,3,16,30,0,0,0,4,20,0
tide,greedy,skip,10483,2,1,5,22,30,0,16,0,9,20,0
tide,greedy,skip,10483,3,1,7,20,30,0,40,0,13,20,0
tide,greedy,skip,10483,4,0,6,0,30,0,38,0,9,20,0
tide,greedy,skip,10484,0,1,2,26,30,0,0,0,3,20,0
tide,greedy,skip,10484,1,1,3,16,30,0,0,0,4,20,0
tide,greedy,skip,10484,2,1,5,22,30,0,16,0,9,20,0
tide,greedy,skip,10484,3,1,9,7,30,0,47,0,16,20,0
tide,greedy,skip,10484,4,1,13,10,30,0,105,0,22,20,0
tide,greedy,skip,10485,0,1,2,26,30,0,0,0,3,20,0
tide,greedy,skip,10485,1,1,3,23,30,0,7,0,5,20,0
tide,greedy,skip,10485,2,1,5,20,30,0,14,0,8,20,0
tide,greedy,skip,10485,3,1,8,10,30,0,38,0,13,20,0
tide,greedy,skip,10485,4,0,7,0,30,0,40,0,11,20,0
tide,greedy,skip,10486,0,1,2,26,30,0,0,0,3,20,0
tide,greedy,skip,10486,1,1,3,16,30,0,0,0,4,20,0
tide,greedy,skip,10486,2,1,5,11,30,0,5,0,8,20,0
tide,greedy,skip,10486,3,1,7,13,30,0,33,0,12,20,0
tide,greedy,skip,10486,4,1,7,9,30,0,37,0,11,20,0
tide,greedy,skip,10487,0,1,2,30,30,0,0,0,3,20,0
tide,greedy,skip,10487,1,1,3,16,30,0,0,0,4,20,0
tide,greedy,skip,10487,2,1,5,13,30,0,7,0,8,20,0
tide,greedy,skip,10487,3,1,7,20,30,0,38,0,14,20,0
tide,greedy,skip,10487,4,1,7,9,30,0,33,0,10,20,0
tide,greedy,skip,10488,0,1,2,30,30,0,0,0,3,20,0
tide,greedy,skip,10488,1,1,3,23,30,0,2,0,5,20,0
tide,greedy,skip,10488,2,1,5,21,30,0,15,0,9,20,0
tide,greedy,skip,10488,3,1,9,14,30,0,54,0,16,20,0
tide,greedy,skip,10488,4,0,5,0,30,0,18,0,8,20,0
tide,greedy,skip,10489,0,1,3,30,30,0,4,0,4,20,0
tide,greedy,skip,10489,1,1,3,16,30,0,0,0,4,20,0
tide,greedy,skip,10489,2,1,4,21,30,0,7,0,7,20,0
tide,greedy,skip,10489,3,1,7,24,30,0,42,0,13,20,0
tide,greedy,skip,10489,4,0,11,0,30,0,87,0,20,20,0
tide,greedy,skip,10490,0,1,2,30,30,0,0,0,3,20,0
tide,greedy,skip,10490,1,1,3,16,30,0,0,0,4,20,0
tide,greedy,skip,10490,2,1,4,14,30,0,0,0,6,20,0
tide,greedy,skip,10490,3,1,9,12,30,0,50,0,15,20,0
tide,greedy,skip,10490,4,1,9,13,30,0,62,0,15,20,0
tide,greedy,skip,10491,0,1,3,26,30,0,0,0,4,20,0
tide,greedy,skip,10491,1,1,2,23,30,0,0,0,4,20,0
tide,greedy,skip,10491,2,1,5,20,30,0,14,0,8,20,0
tide,greedy,skip,10491,3,1,9,10,30,0,50,0,16,20,0
tide,greedy,skip,10491,4,1,11,12,30,0,82,0,18,20,0
tide,greedy,skip,10492,0,1,2,26,30,0,0,0,3,20,0
tide,greedy,skip,10492,1,1,4,16,30,0,7,0,6,20,0
tide,greedy,skip,10492,2,1,5,11,30,0,5,0,8,20,0
tide,greedy,skip,10492,3,1,9,10,30,0,50,0,16,20,0
tide,greedy,skip,10492,4,1,6,7,30,0,24,0,9,20,0
tide,greedy,skip,10493,0,1,2,26,30,0,0,0,3,20,0
tide,greedy,skip,10493,1,1,3,23,30,0,7,0,5,20,0
tide,greedy,skip,10493,2,1,5,13,30,0,7,0,8,20,0
tide,greedy,skip,10493,3,1,7,15,30,0,31,0,12,20,0
tide,greedy,skip,10493,4,0,7,0,30,0,42,0,11,20,0
tide,greedy,skip,10494,0,1,3,30,30,0,4,0,4,20,0
tide,greedy,skip,10494,1,1,3,23,30,0,7,0,5,20,0
tide,greedy,skip,10494,2,1,4,14,30,0,0,0,6,20,0
tide,greedy,skip,10494,3,1,7,14,30,0,30,0,13,20,0
tide,greedy,skip,10494,4,1,11,4,30,0,79,0,19,20,0
tide,greedy,skip,10495,0,1,2,26,30,0,0,0,3,20,0
tide,greedy,skip,10495,1,1,3,23,30,0,7,0,5,20,0
tide,greedy,skip,10495,2,1,5,21,30,0,15,0,9,20,0
tide,greedy,skip,10495,3,1,10,17,30,0,65,0,18,20,0
tide,greedy,skip,10495,4,1,6,3,30,0,15,0,8,20,0
tide,greedy,skip,10496,0,1,2,26,30,0,0,0,3,20,0
tide,greedy,skip,10496,1,1,3,17,30,0,0,0,4,20,0
tide,greedy,skip,10496,2,1,6,22,30,0,24,0,10,20,0
tide,greedy,skip,10496,3,1,8,12,30,0,42,0,14,20,0
tide,greedy,skip,10496,4,1,9,5,30,0,56,0,15,20,0
tide,greedy,skip,10497,0,1,2,30,30,0,0,0,3,20,0
tide,greedy,skip,10497,1,1,3,23,30,0,7,0,5,20,0
tide,greedy,skip,10497,2,1,5,12,30,0,5,0,8,20,0
tide,greedy,skip,10497,3,1,9,14,30,0,56,0,16,20,0
tide,greedy,skip,10497,4,0,7,0,30,0,38,0,11,20,0
tide,greedy,skip,10498,0,1,3,30,30,0,4,0,4,20,0
tide,greedy,skip,10498,1,1,4,16,30,0,7,0,5,20,0
tide,greedy,skip,10498,2,1,5,13,30,0,7,0,8,20,0
tide,greedy,skip,10498,3,1,8,17,30,0,47,0,15,20,0
tide,greedy,skip,10498,4,1,10,10,30,0,73,0,17,20,0
tide,greedy,skip,10499,0,1,2,26,30,0,0,0,3,20,0
tide,greedy,skip,10499,1,1,3,17,30,0,0,0,4,20,0
tide,greedy,skip,10499,2,1,5,13,30,0,7,0,8,20,0
tide,greedy,skip,10499,3,1,10,14,30,0,60,0,17,20,0
tide,greedy,skip,10499,4,0,6,0,30,0,20,0,10,20,0
tide,greedy,random,10000,0,1,2,26,30,0,0,0,3,20,0
tide,greedy,random,10000,1,1,2,23,30,0,0,0,3,21,0
tide,greedy,random,10000,2,1,4,14,30,0,0,0,7,22,0
tide,greedy,random,10000,3,1,7,14,30,0,34,0,12,23,0
tide,greedy,random,10000,4,0,9,0,30,0,66,0,16,24,0
tide,greedy,random,10001,0,1,3,26,30,0,0,0,4,20,0
tide,greedy,random,10001,1,1,3,16,30,0,0,0,4,21,0
tide,greedy,random,10001,2,1,5,11,30,0,5,0,8,22,0
tide,greedy,random,10001,3,1,7,22,30,0,42,0,12,23,0
tide,greedy,random,10001,4,1,10,19,30,0,73,0,17,24,0
tide,greedy,random,10002,0,1,2,26,30,0,0,0,3,20,0
tide,greedy,random,10002,1,1,3,23,30,0,7,0,5,21,0
tide,greedy,random,10002,2,1,4,22,30,0,8,0,7,22,0
tide,greedy,random,10002,3,1,6,15,30,0,27,0,10,23,0
tide,greedy,random,10002,4,1,12,23,30,0,102,0,21,24,0
tide,greedy,random,10003,0,1,2,26,30,0,0,0,3,20,0
tide,greedy,random,10003,1,1,3,23,30,0,7,0,5,21,0
tide,greedy,random,10003,2,1,5,13,30,0,7,0,8,22,0
tide,greedy,random,10003,3,1,6,9,30,0,23,0,11,23,0
tide,greedy,random,10003,4,0,5,0,30,0,15,0,8,24,0
tide,greedy,random,10004,0,1,2,30,30,0,0,0,3,20,0
tide,greedy,random,10004,1,1,3,16,30,0,0,0,4,21,0
tide,greedy,random,10004,2,1,4,14,30,0,0,0,6,22,0
tide,greedy,random,10004,3,1,7,17,30,0,39,0,12,23,0
tide,greedy,random,10004,4,1,9,11,30,0,63,0,15,24,0
tide,greedy,random,10005,0,1,2,30,30,0,0,0,3,20,0
tide,greedy,random,10005,1,1,3,16,30,0,0,0,4,21,0
tide,greedy,random,10005,2,1,4,14,30,0,0,0,6,22,0
tide,greedy,random,10005,3,1,6,13,30,0,27,0,10,23,0
tide,greedy,random,10005,4,1,6,16,30,0,32,0,9,24,0
tide,greedy,random,10006,0,1,3,30,30,0,4,0,4,20,0
tide,greedy,random,10006,1,1,3,16,30,0,0,0,4,21,0
tide,greedy,random,10006,2,1,4,14,30,0,0,0,6,22,0
tide,greedy,random,10006,3,1,5,12,30,0,14,0,9,23,0
tide,greedy,random,10006,4,1,11,16,30,0,92,0,20,24,0
tide,greedy,random,10007,0,1,3,30,30,0,4,0,4,20,0
tide,greedy,random,10007,1,1,3,23,30,0,7,0,4,21,0
tide,greedy,random,10007,2,1,5,14,30,0,8,0,9,22,0
tide,greedy,random,10007,3,1,8,19,30,0,47,0,15,23,0
tide,greedy,random,10007,4,1,13,17,30,0,108,0,25,24,0
tide,greedy,random,10008,0,1,2,26,30,0,0,0,3,20,0
tide,greedy,random,10008,1,1,3,23,30,0,7,0,5,21,0
tide,greedy,random,10008,2,1,5,14,30,0,8,0,8,22,0
tide,greedy,random,10008,3,1,5,17,30,0,19,0,8,23,0
tide,greedy,random,10008,4,1,7,7,30,0,36,0,12,24,0
tide,greedy,random,10009,0,1,2,26,30,0,0,0,3,20,0
tide,greedy,random,10009,1,1,3,16,30,0,0,0,4,21,0
tide,greedy,random,10009,2,1,4,15,30,0,0,0,7,22,0
tide,greedy,random,10009,3,1,6,11,30,0,25,0,10,23,0
tide,greedy,random,10009,4,1,12,5,30,0,90,0,23,24,0
tide,greedy,random,10010,0,1,2,26,30,0,0,0,3,20,0
tide,greedy,random,10010,1,1,2,23,30,0,0,0,4,21,0
tide,greedy,random,10010,2,1,4,14,30,0,0,0,6,22,0
tide,greedy,random,10010,3,1,8,7,30,0,39,0,14,23,0
tide,greedy,random,10010,4,1,10,14,30,0,72,0,19,24,0
tide,greedy,random,10011,0,1,2,30,30,0,0,0,3,20,0
tide,greedy,random,10011,1,1,3,16,30,0,0,0,4,21,0
tide,greedy,random,10011,2,1,5,21,30,0,15,0,9,22,0
tide,greedy,random,10011,3,1,6,10,30,0,24,0,10,23,0
tide,greedy,random,10011,4,1,11,11,30,0,85,0,19,24,0
tide,greedy,random,10012,0,1,3,26,30,0,0,0,4,20,0
tide,greedy,random,10012,1,1,3,16,30,0,0,0,5,21,0
tide,greedy,random,10012,2,1,5,22,30,0,16,0,8,22,0
tide,greedy,random,10012,3,1,5,11,30,0,15,0,8,23,0
tide,greedy,random,10012,4,1,14,16,30,0,125,0,26,24,0
tide,greedy,random,10013,0,1,2,26,30,0,0,0,3,20,0
tide,greedy,random,10013,1,1,3,23,30,0,2,0,5,21,0
tide,greedy,random,10013,2,1,4,21,30,0,7,0,8,22,0
tide,greedy,random,10013,3,1,7,18,30,0,36,0,13,23,0
tide,greedy,random,10013,4,1,12,12,30,0,97,0,22,24,0
tide,greedy,random,10014,0,1,3,30,30,0,2,0,4,20,0
tide,greedy,random,10014,1,1,3,23,30,0,7,0,5,21,0
tide,greedy,random,10014,2,1,4,21,30,0,7,0,8,22,0
tide,greedy,random,10014,3,1,5,9,30,0,9,0,8,23,0
tide,greedy,random,10014,4,1,6,21,30,0,30,0,11,24,0
tide,greedy,random,10015,0,1,3,30,30,0,4,0,4,20,0
tide,greedy,random,10015,1,1,4,23,30,0,14,0,6,21,0
tide,greedy,random,10015,2,1,4,14,30,0,0,0,6,22,0
tide,greedy,random,10015,3,1,7,19,30,0,39,0,13,23,0
tide,greedy,random,10015,4,1,10,9,30,0,73,0,18,24,0
tide,greedy,random,10016,0,1,2,28,30,0,0,0,3,20,0
tide,greedy,random,10016,1,1,3,16,30,0,0,0,4,21,0
tide,greedy,random,10016,2,1,4,21,30,0,7,0,7,22,0
tide,greedy,random,10016,3,1,7,12,30,0,32,0,12,23,0
tide,greedy,random,10016,4,0,6,0,30,0,36,0,10,24,0
tide,greedy,random,10017,0,1,2,28,30,0,0,0,3,20,0
tide,greedy,random,10017,1,1,3,23,30,0,7,0,4,21,0
tide,greedy,random,10017,2,1,5,22,30,0,15,0,8,22,0
tide,greedy,random,10017,3,1,6,13,30,0,23,0,11,23,0
tide,greedy,random,10017,4,1,9,10,30,0,56,0,16,24,0
tide,greedy,random,10018,0,1,2,26,30,0,0,0,3,20,0
tide,greedy,random,10018,1,1,3,23,30,0,7,0,5,21,0
tide,greedy,random,10018,2,1,4,14,30,0,0,0,6,22,0
tide,greedy,random,10018,3,1,6,11,30,0,25,0,10,23,0
tide,greedy,random,10018,4,1,13,15,30,0,111,0,24,24,0
tide,greedy,random,10019,0,1,2,30,30,0,0,0,3,20,0
tide,greedy,random,10019,1,1,3,16,30,0,0,0,4,21,0
tide,greedy,random,10019,2,1,4,21,30,0,7,0,7,22,0
tide,greedy,random,10019,3,1,7,20,30,0,38,0,12,23,0
tide,greedy,random,10019,4,1,8,13,30,0,47,0,13,24,0
tide,greedy,random,10020,0,1,2,30,30,0,0,0,3,20,0
tide,greedy,random,10020,1,1,3,23,30,0,7,0,5,21,0
tide,greedy,random,10020,2,1,4,21,30,0,7,0,7,22,0
tide,greedy,random,10020,3,1,7,20,30,0,38,0,13,23,0
tide,greedy,random,10020,4,0,10,0,30,0,78,0,20,24,0
tide,greedy,random,10021,0,1,2,26,30,0,0,0,3,20,0
tide,greedy,random,10021,1,1,3,21,30,0,5,0,5,21,0
tide,greedy,random,10021,2,1,5,22,30,0,16,0,8,22,0
tide,greedy,random,10021,3,1,8,13,30,0,45,0,14,23,0
tide,greedy,random,10021,4,1,7,9,30,0,32,0,11,24,0
tide,greedy,random,10022,0,1,2,26,30,0,0,0,3,20,0
tide,greedy,random,10022,1,1,2,23,30,0,0,0,4,21,0
tide,greedy,random,10022,2,1,4,14,30,0,0,0,7,22,0
tide,greedy,random,10022,3,1,7,22,30,0,38,0,12,23,0
tide,greedy,random,10022,4,1,6,1,30,0,19,0,9,24,0
tide,greedy,random,10023,0,1,2,30,30,0,0,0,3,20,0
tide,greedy,random,10023,1,1,2,23,30,0,0,0,4,21,0
tide,greedy,random,10023,2,1,4,14,30,0,0,0,6,22,0
tide,greedy,random,10023,3,1,8,8,30,0,36,0,13,23,0
tide,greedy,random,10023,4,0,8,0,30,0,52,0,14,24,0
tide,greedy,random,10024,0,1,2,26,30,0,0,0,3,20,0
tide,greedy,random,10024,1,1,3,23,30,0,7,0,5,21,0
tide,greedy,random,10024,2,1,4,22,30,0,8,0,7,22,0
tide,greedy,random,10024,3,1,6,7,30,0,21,0,10,23,0
tide,greedy,random,10024,4,0,6,0,30,0,27,0,12,24,0
tide,greedy,random,10025,0,1,2,26,30,0,0,0,3,20,0
tide,greedy,random,10025,1,1,3,17,30,0,0,0,4,21,0
tide,greedy,random,10025,2,1,6,14,30,0,16,0,10,22,0
tide,greedy,random,10025,3,1,7,19,30,0,39,0,13,23,0
tide,greedy,random,10025,4,1,8,11,30,0,52,0,15,24,0
tide,greedy,random,10026,0,1,2,26,30,0,0,0,3,20,0
tide,greedy,random,10026,1,1,3,23,30,0,7,0,4,21,0
tide,greedy,random,10026,2,1,3,14,30,0,0,0,5,22,0
tide,greedy,random,10026,3,1,6,11,30,0,23,0,10,23,0
tide,greedy,random,10026,4,1,8,9,30,0,50,0,14,24,0
tide,greedy,random,10027,0,1,2,26,30,0,0,0,3,20,0
tide,greedy,random,10027,1,1,2,24,30,0,0,0,4,21,0
tide,greedy,random,10027,2,1,3,22,30,0,0,0,6,22,0
tide,greedy,random,10027,3,1,8,18,30,0,50,0,15,23,0
tide,greedy,random,10027,4,1,9,11,30,0,62,0,15,24,0
tide,greedy,random,10028,0,1,3,26,30,0,0,0,4,20,0
tide,greedy,random,10028,1,1,3,16,30,0,0,0,4,21,0
tide,greedy,random,10028,2,1,4,14,30,0,0,0,7,22,0
tide,greedy,random,10028,3,1,6,13,30,0,27,0,10,23,0
tide,greedy,random,10028,4,1,8,13,30,0,50,0,13,24,0
tide,greedy,random,10029,0,1,3,30,30,0,4,0,4,20,0
tide,greedy,random,10029,1,1,3,23,30,0,7,0,5,21,0
tide,greedy,random,10029,2,1,4,22,30,0,8,0,6,22,0
tide,greedy,random,10029,3,1,7,23,30,0,43,0,13,23,0
tide,greedy,random,10029,4,1,10,11,30,0,68,0,17,24,0
tide,greedy,random,10030,0,1,2,26,30,0,0,0,3,20,0
tide,greedy,random,10030,1,1,2,23,30,0,0,0,3,21,0
tide,greedy,random,10030,2,1,4,21,30,0,7,0,8,22,0
tide,greedy,random,10030,3,1,8,12,30,0,46,0,14,23,0
tide,greedy,random,10030,4,0,9,0,30,0,66,0,17,24,0
tide,greedy,random,10031,0,1,3,26,30,0,0,0,4,20,0
tide,greedy,random,10031,1,1,3,16,30,0,0,0,5,21,0
tide,greedy,random,10031,2,1,5,14,30,0,8,0,8,22,0
tide,greedy,random,10031,3,1,6,15,30,0,27,0,10,23,0
tide,greedy,random,10031,4,1,10,7,30,0,68,0,17,24,0
tide,greedy,random,10032,0,1,2,30,30,0,0,0,3,20,0
tide,greedy,random,10032,1,1,3,23,30,0,7,0,5,21,0
tide,greedy,random,10032,2,1,5,22,30,0,16,0,8,22,0
tide,greedy,random,10032,3,1,6,8,30,0,20,0,11,23,0
tide,greedy,random,10032,4,1,11,21,30,0,94,0,19,24,0
tide,greedy,random,10033,0,1,2,26,30,0,0,0,3,20,0
tide,greedy,random,10033,1,1,3,16,30,0,0,0,4,21,0
tide,greedy,random,10033,2,1,5,13,30,0,7,0,8,22,0
tide,greedy,random,10033,3,1,6,12,30,0,22,0,10,23,0
tide,greedy,random,10033,4,1,8,16,30,0,53,0,14,24,0
tide,greedy,random,10034,0,1,2,26,30,0,0,0,3,20,0
tide,greedy,random,10034,1,1,3,21,30,0,5,0,4,21,0
tide,greedy,random,10034,2,1,4,14,30,0,0,0,7,22,0
tide,greedy,random,10034,3,1,8,18,30,0,48,0,15,23,0
tide,greedy,random,10034,4,1,8,17,30,0,58,0,14,24,0
tide,greedy,random,10035,0,1,2,26,30,0,0,0,3,20,0
tide,greedy,random,10035,1,1,3,16,30,0,0,0,4,21,0
tide,greedy,random,10035,2,1,4,14,30,0,0,0,6,22,0
tide,greedy,random,10035,3,1,7,19,30,0,39,0,12,23,0
tide,greedy,random,10035,4,1,10,2,30,0,68,0,17,24,0
tide,greedy,random,10036,0,1,3,26,30,0,0,0,4,20,0
tide,greedy,random,10036,1,1,3,23,30,0,7,0,5,21,0
tide,greedy,random,10036,2,1,4,22,30,0,8,0,6,22,0
tide,greedy,random,10036,3,1,8,13,30,0,45,0,15,23,0
tide,greedy,random,10036,4,0,5,0,30,0,17,0,7,24,0
tide,greedy,random,10037,0,1,2,30,30,0,0,0,3,20,0
tide,greedy,random,10037,1,1,3,23,30,0,7,0,5,21,0
tide,greedy,random,10037,2,1,4,22,30,0,8,0,6,22,0
tide,greedy,random,10037,3,1,6,22,30,0,34,0,12,23,0
tide,greedy,random,10037,4,1,9,8,30,0,60,0,17,24,0
tide,greedy,random,10038,0,1,3,30,30,0,4,0,4,20,0
tide,greedy,random,10038,1,1,3,23,30,0,7,0,5,21,0
tide,greedy,random,10038,2,1,4,14,30,0,0,0,7,22,0
tide,greedy,random,10038,3,1,6,12,30,0,26,0,10,23,0
tide,greedy,random,10038,4,1,8,2,30,0,42,0,14,24,0
tide,greedy,random,10039,0,1,2,26,30,0,0,0,3,20,0
tide,greedy,random,10039,1,1,3,23,30,0,7,0,5,21,0
tide,greedy,random,10039,2,1,5,18,30,0,12,0,9,22,0
tide,greedy,random,10039,3,1,6,3,30,0,17,0,11,23,0
tide,greedy,random,10039,4,0,8,0,30,0,52,0,16,24,0
tide,greedy,random,10040,0,1,3,30,30,0,4,0,4,20,0
tide,greedy,random,10040,1,1,3,16,30,0,0,0,4,21,0
tide,greedy,random,10040,2,1,4,14,30,0,0,0,6,22,0
tide,greedy,random,10040,3,1,5,13,30,0,17,0,8,23,0
tide,greedy,random,10040,4,1,9,15,30,0,67,0,16,24,0
tide,greedy,random,10041,0,1,2,28,30,0,0,0,3,20,0
tide,greedy,random,10041,1,1,2,23,30,0,0,0,4,21,0
tide,greedy,random,10041,2,1,5,20,30,0,14,0,9,22,0
tide,greedy,random,10041,3,1,7,19,30,0,41,0,13,23,0
tide,greedy,random,10041,4,1,6,5,30,0,23,0,9,24,0
tide,greedy,random,10042,0,1,3,30,30,0,4,0,4,20,0
tide,greedy,random,10042,1,1,3,23,30,0,7,0,5,21,0
tide,greedy,random,10042,2,1,4,22,30,0,8,0,7,22,0
tide,greedy,random,10042,3,1,6,17,30,0,27,0,10,23,0
tide,greedy,random,10042,4,0,6,0,30,0,29,0,10,24,0
tide,greedy,random,10043,0,1,2,26,30,0,0,0,3,20,0
tide,greedy,random,10043,1,1,4,23,30,0,13,0,6,21,0
tide,greedy,random,10043,2,1,4,22,30,0,8,0,7,22,0
tide,greedy,random,10043,3,1,7,17,30,0,37,0,13,23,0
tide,greedy,random,10043,4,1,10,13,30,0,73,0,17,24,0
tide,greedy,random,10044,0,1,2,26,30,0,0,0,3,20,0
tide,greedy,random,10044,1,1,3,16,30,0,0,0,4,21,0
tide,greedy,random,10044,2,1,4,14,30,0,0,0,6,22,0
tide,greedy,random,10044,3,1,6,18,30,0,28,0,11,23,0
tide,greedy,random,10044,4,1,9,19,30,0,61,0,15,24,0
tide,greedy,random,10045,0,1,2,28,30,0,0,0,3,20,0
tide,greedy,random,10045,1,1,2,24,30,0,0,0,3,21,0
tide,greedy,random,10045,2,1,4,22,30,0,8,0,7,22,0
tide,greedy,random,10045,3,1,6,12,30,0,22,0,10,23,0
tide,greedy,random,10045,4,1,9,11,30,0,64,0,17,24,0
tide,greedy,random,10046,0,1,2,30,30,0,0,0,3,20,0
tide,greedy,random,10046,1,1,3,16,30,0,0,0,4,21,0
tide,greedy,random,10046,2,1,5,21,30,0,15,0,9,22,0
tide,greedy,random,10046,3,1,7,22,30,0,38,0,12,23,0
tide,greedy,random,10046,4,0,6,0,30,0,29,0,10,24,0
tide,greedy,random,10047,0,1,2,26,30,0,0,0,3,20,0
tide,greedy,random,10047,1,1,2,23,30,0,0,0,4,21,0
tide,greedy,random,10047,2,1,4,19,30,0,5,0,8,22,0
tide,greedy,random,10047,3,1,7,15,30,0,33,0,13,23,0
tide,greedy,random,10047,4,1,6,6,30,0,18,0,10,24,0
tide,greedy,random,10048,0,1,3,26,30,0,0,0,4,20,0
tide,greedy,random,10048,1,1,3,23,30,0,7,0,5,21,0
tide,greedy,random,10048,2,1,4,14,30,0,0,0,7,22,0
tide,greedy,random,10048,3,1,8,10,30,0,42,0,14,23,0
tide,greedy,random,10048,4,1,13,19,30,0,108,0,24,24,0
tide,greedy,random,10049,0,1,2,30,30,0,0,0,3,20,0
tide,greedy,random,10049,1,1,3,23,30,0,7,0,5,21,0
tide,greedy,random,10049,2,1,4,14,30,0,0,0,6,22,0
tide,greedy,random,10049,3,1,7,21,30,0,39,0,12,23,0
tide,greedy,random,10049,4,1,14,9,30,0,122,0,24,24,0
tide,greedy,random,10050,0,1,2,26,30,0,0,0,3,20,0
tide,greedy,random,10050,1,1,3,21,30,0,0,0,4,21,0
tide,greedy,random,10050,2,1,4,14,30,0,0,0,6,22,0
tide,greedy,random,10050,3,1,7,19,30,0,37,0,12,23,0
tide,greedy,random,10050,4,1,6,11,30,0,32,0,9,24,0
tide,greedy,random,10051,0,1,3,26,30,0,0,0,4,20,0
tide,greedy,random,10051,1,1,3,23,30,0,7,0,5,21,0
tide,greedy,random,10051,2,1,4,14,30,0,0,0,6,22,0
tide,greedy,random,10051,3,1,6,8,30,0,24,0,11,23,0
tide,greedy,random,10051,4,1,7,1,30,0,33,0,11,24,0
tide,greedy,random,10052,0,1,2,26,30,0,0,0,3,20,0
tide,greedy,random,10052,1,1,2,23,30,0,0,0,3,21,0
tide,greedy,random,10052,2,1,4,14,30,0,0,0,7,22,0
tide,greedy,random,10052,3,1,7,24,30,0,44,0,13,23,0
tide,greedy,random,10052,4,1,7,7,30,0,31,0,12,24,0
tide,greedy,random,10053,0,1,2,26,30,0,0,0,3,20,0
tide,greedy,random,10053,1,1,3,23,30,0,7,0,5,21,0
tide,greedy,random,10053,2,1,5,21,30,0,15,0,8,22,0
tide,greedy,random,10053,3,1,7,17,30,0,39,0,13,23,0
tide,greedy,random,10053,4,0,6,0,30,0,29,0,9,24,0
tide,greedy,random,10054,0,1,2,30,30,0,0,0,3,20,0
tide,greedy,random,10054,1,1,3,16,30,0,0,0,4,21,0
tide,greedy,random,10054,2,1,5,21,30,0,14,0,9,22,0
tide,greedy,random,10054,3,1,7,18,30,0,36,0,13,23,0
tide,greedy,random,10054,4,1,12,17,30,0,104,0,24,24,0
tide,greedy,random,10055,0,1,2,26,30,0,0,0,3,20,0
tide,greedy,random,10055,1,1,4,23,30,0,14,0,6,21,0
tide,greedy,random,10055,2,1,4,22,30,0,8,0,6,22,0
tide,greedy,random,10055,3,1,8,10,30,0,42,0,14,23,0
tide,greedy,random,10055,4,1,8,13,30,0,50,0,12,24,0
tide,greedy,random,10056,0,1,3,30,30,0,4,0,4,20,0
tide,greedy,random,10056,1,1,2,23,30,0,0,0,3,21,0
tide,greedy,random,10056,2,1,4,14,30,0,0,0,6,22,0
tide,greedy,random,10056,3,1,9,14,30,0,56,0,15,23,0
tide,greedy,random,10056,4,1,11,12,30,0,87,0,20,24,0
tide,greedy,random,10057,0,1,2,26,30,0,0,0,3,20,0
tide,greedy,random,10057,1,1,3,23,30,0,7,0,5,21,0
tide,greedy,random,10057,2,1,4,21,30,0,7,0,7,22,0
tide,greedy,random,10057,3,1,7,17,30,0,33,0,12,23,0
tide,greedy,random,10057,4,0,6,0,30,0,35,0,11,24,0
tide,greedy,random,10058,0,1,3,30,30,0,4,0,4,20,0
tide,greedy,random,10058,1,1,2,23,30,0,0,0,4,21,0
tide,greedy,random,10058,2,1,4,14,30,0,0,0,6,22,0
tide,greedy,random,10058,3,1,8,8,30,0,34,0,14,23,0
tide,greedy,random,10058,4,0,3,0,30,0,0,0,4,24,0
tide,greedy,random,10059,0,1,2,26,30,0,0,0,3,20,0
tide,greedy,random,10059,1,1,3,16,30,0,0,0,4,21,0
tide,greedy,random,10059,2,1,4,21,30,0,7,0,8,22,0
tide,greedy,random,10059,3,1,7,21,30,0,39,0,12,23,0
tide,greedy,random,10059,4,1,11,16,30,0,88,0,19,24,0
tide,greedy,random,10060,0,1,3,30,30,0,4,0,4,20,0
tide,greedy,random,10060,1,1,4,23,30,0,14,0,6,21,0
tide,greedy,random,10060,2,1,5,15,30,0,9,0,8,22,0
tide,greedy,random,10060,3,1,5,8,30,0,10,0,8,23,0
tide,greedy,random,10060,4,1,11,5,30,0,79,0,20,24,0
tide,greedy,random,10061,0,1,2,26,30,0,0,0,3,20,0
tide,greedy,random,10061,1,1,3,16,30,0,0,0,4,21,0
tide,greedy,random,10061,2,1,4,14,30,0,0,0,6,22,0
tide,greedy,random,10061,3,1,8,14,30,0,44,0,14,23,0
tide,greedy,random,10061,4,0,7,0,30,0,41,0,12,24,0
tide,greedy,random,10062,0,1,2,30,30,0,0,0,3,20,0
tide,greedy,random,10062,1,1,3,16,30,0,0,0,4,21,0
tide,greedy,random,10062,2,1,5,22,30,0,16,0,8,22,0
tide,greedy,random,10062,3,1,7,17,30,0,37,0,13,23,0
tide,greedy,random,10062,4,1,8,11,30,0,52,0,14,24,0
tide,greedy,random,10063,0,1,3,26,30,0,0,0,3,20,0
tide,greedy,random,10063,1,1,3,23,30,0,7,0,5,21,0
tide,greedy,random,10063,2,1,4,14,30,0,0,0,6,22,0
tide,greedy,random,10063,3,1,7,20,30,0,42,0,13,23,0
tide,greedy,random,10063,4,1,10,9,30,0,71,0,18,24,0
tide,greedy,random,10064,0,1,3,26,30,0,0,0,4,20,0
tide,greedy,random,10064,1,1,3,17,30,0,0,0,4,21,0
tide,greedy,random,10064,2,1,4,21,30,0,7,0,7,22,0
tide,greedy,random,10064,3,1,5,10,30,0,14,0,9,23,0
tide,greedy,random,10064,4,1,11,1,30,0,77,0,19,24,0
tide,greedy,random,10065,0,1,2,26,30,0,0,0,3,20,0
tide,greedy,random,10065,1,1,3,16,30,0,0,0,4,21,0
tide,greedy,random,10065,2,1,5,14,30,0,8,0,8,22,0
tide,greedy,random,10065,3,1,7,16,30,0,34,0,12,23,0
tide,greedy,random,10065,4,0,7,0,30,0,41,0,13,24,0
tide,greedy,random,10066,0,1,2,26,30,0,0,0,3,20,0
tide,greedy,random,10066,1,1,2,23,30,0,0,0,4,21,0
tide,greedy,random,10066,2,1,5,14,30,0,8,0,8,22,0
tide,greedy,random,10066,3,1,6,8,30,0,20,0,10,23,0
tide,greedy,random,10066,4,1,11,8,30,0,82,0,20,24,0
tide,greedy,random,10067,0,1,2,30,30,0,0,0,3,20,0
tide,greedy,random,10067,1,1,3,16,30,0,0,0,4,21,0
tide,greedy,random,10067,2,1,4,19,30,0,5,0,7,22,0
tide,greedy,random,10067,3,1,5,12,30,0,12,0,8,23,0
tide,greedy,random,10067,4,1,9,12,30,0,64,0,14,24,0
tide,greedy,random,10068,0,1,2,26,30,0,0,0,3,20,0
tide,greedy,random,10068,1,1,2,23,30,0,0,0,4,21,0
tide,greedy,random,10068,2,1,4,14,30,0,0,0,6,22,0
tide,greedy,random,10068,3,1,8,13,30,0,47,0,14,23,0
tide,greedy,random,10068,4,1,10,17,30,0,75,0,18,24,0
tide,greedy,random,10069,0,1,3,30,30,0,4,0,4,20,0
tide,greedy,random,10069,1,1,3,21,30,0,5,0,5,21,0
tide,greedy,random,10069,2,1,5,14,30,0,8,0,8,22,0
tide,greedy,random,10069,3,1,8,13,30,0,43,0,14,23,0
tide,greedy,random,10069,4,1,5,4,30,0,10,0,7,24,0
tide,greedy,random,10070,0,1,2,30,30,0,0,0,3,20,0
tide,greedy,random,10070,1,1,3,16,30,0,0,0,4,21,0
tide,greedy,random,10070,2,1,4,21,30,0,7,0,7,22,0
tide,greedy,random,10070,3,1,6,16,30,0,24,0,10,23,0
tide,greedy,random,10070,4,1,7,9,30,0,34,0,11,24,0
tide,greedy,random,10071,0,1,2,26,30,0,0,0,3,20,0
tide,greedy,random,10071,1,1,4,23,30,0,14,0,6,21,0
tide,greedy,random,10071,2,1,4,21,30,0,7,0,7,22,0
tide,greedy,random,10071,3,1,6,10,30,0,22,0,11,23,0
tide,greedy,random,10071,4,1,10,16,30,0,75,0,18,24,0
tide,greedy,random,10072,0,1,2,30,30,0,0,0,3,20,0
tide,greedy,random,10072,1,1,3,23,30,0,2,0,5,21,0
tide,greedy,random,10072,2,1,4,22,30,0,8,0,7,22,0
tide,greedy,random,10072,3,1,7,16,30,0,36,0,13,23,0
tide,greedy,random,10072,4,1,10,9,30,0,68,0,17,24,0
tide,greedy,random,10073,0,1,3,30,30,0,4,0,4,20,0
tide,greedy,random,10073,1,1,2,23,30,0,0,0,3,21,0
tide,greedy,random,10073,2,1,4,22,30,0,8,0,6,22,0
tide,greedy,random,10073,3,1,6,11,30,0,21,0,11,23,0
tide,greedy,random,10073,4,1,12,6,30,0,95,0,21,24,0
tide,greedy,random,10074,0,1,2,30,30,0,0,0,3,20,0
tide,greedy,random,10074,1,1,3,16,30,0,0,0,4,21,0
tide,greedy,random,10074,2,1,4,14,30,0,0,0,6,22,0
tide,greedy,random,10074,3,1,7,14,30,0,32,0,12,23,0
tide,greedy,random,10074,4,1,10,10,30,0,71,0,17,24,0
tide,greedy,random,10075,0,1,2,26,30,0,0,0,3,20,0
tide,greedy,random,10075,1,1,3,21,30,0,5,0,5,21,0
tide,greedy,random,10075,2,1,4,19,30,0,5,0,7,22,0
tide,greedy,random,10075,3,1,6,14,30,0,24,0,11,23,0
tide,greedy,random,10075,4,1,11,16,30,0,84,0,20,24,0
tide,greedy,random,10076,0,1,2,28,30,0,0,0,3,20,0
tide,greedy,random,10076,1,1,3,16,30,0,0,0,4,21,0
tide,greedy,random,10076,2,1,4,14,30,0,0,0,6,22,0
tide,greedy,random,10076,3,1,6,15,30,0,27,0,10,23,0
tide,greedy,random,10076,4,1,10,16,30,0,78,0,16,24,0
tide,greedy,random,10077,0,1,2,26,30,0,0,0,3,20,0
tide,greedy,random,10077,1,1,3,21,30,0,0,0,4,21,0
tide,greedy,random,10077,2,1,4,21,30,0,7,0,7,22,0
tide,greedy,random,10077,3,1,6,9,30,0,25,0,10,23,0
tide,greedy,random,10077,4,1,8,7,30,0,55,0,13,24,0
tide,greedy,random,10078,0,1,2,26,30,0,0,0,3,20,0
tide,greedy,random,10078,1,1,4,23,30,0,14,0,6,21,0
tide,greedy,random,10078,2,1,4,19,30,0,5,0,7,22,0
tide,greedy,random,10078,3,1,5,14,30,0,12,0,8,23,0
tide,greedy,random,10078,4,1,9,8,30,0,59,0,16,24,0
tide,greedy,random,10079,0,1,2,26,30,0,0,0,3,20,0
tide,greedy,random,10079,1,1,3,16,30,0,0,0,4,21,0
tide,greedy,random,10079,2,1,4,14,30,0,0,0,7,22,0
tide,greedy,random,10079,3,1,6,22,30,0,32,0,11,23,0
tide,greedy,random,10079,4,1,7,7,30,0,38,0,13,24,0
tide,greedy,random,10080,0,1,2,26,30,0,0,0,3,20,0
tide,greedy,random,10080,1,1,3,16,30,0,0,0,4,21,0
tide,greedy,random,10080,2,1,4,14,30,0,0,0,6,22,0
tide,greedy,random,10080,3,1,7,24,30,0,42,0,13,23,0
tide,greedy,random,10080,4,1,6,5,30,0,25,0,8,24,0
tide,greedy,random,10081,0,1,3,30,30,0,4,0,4,20,0
tide,greedy,random,10081,1,1,3,16,30,0,0,0,4,21,0
tide,greedy,random,10081,2,1,5,14,30,0,8,0,8,22,0
tide,greedy,random,10081,3,1,6,18,30,0,28,0,11,23,0
tide,greedy,random,10081,4,1,8,10,30,0,50,0,14,24,0
tide,greedy,random,10082,0,1,2,26,30,0,0,0,3,20,0
tide,greedy,random,10082,1,1,2,23,30,0,0,0,4,21,0
tide,greedy,random,10082,2,1,4,14,30,0,0,0,6,22,0
tide,greedy,random,10082,3,1,5,14,30,0,14,0,9,23,0
tide,greedy,random,10082,4,1,7,10,30,0,31,0,12,24,0
tide,greedy,random,10083,0,1,2,26,30,0,0,0,3,20,0
tide,greedy,random,10083,1,1,3,23,30,0,2,0,5,21,0
tide,greedy,random,10083,2,1,4,19,30,0,5,0,7,22,0
tide,greedy,random,10083,3,1,6,12,30,0,22,0,11,23,0
tide,greedy,random,10083,4,1,7,4,30,0,33,0,11,24,0
tide,greedy,random,10084,0,1,3,30,30,0,4,0,4,20,0
tide,greedy,random,10084,1,1,2,23,30,0,0,0,3,21,0
tide,greedy,random,10084,2,1,5,14,30,0,8,0,8,22,0
tide,greedy,random,10084,3,1,7,21,30,0,41,0,13,23,0
tide,greedy,random,10084,4,1,14,7,30,0,117,0,26,24,0
tide,greedy,random,10085,0,1,3,30,30,0,4,0,4,20,0
tide,greedy,random,10085,1,1,3,16,30,0,0,0,4,21,0
tide,greedy,random,10085,2,1,4,14,30,0,0,0,7,22,0
tide,greedy,random,10085,3,1,8,12,30,0,42,0,14,23,0
tide,greedy,random,10085,4,1,8,11,30,0,48,0,13,24,0
tide,greedy,random,10086,0,1,2,28,30,0,0,0,3,20,0
tide,greedy,random,10086,1,1,3,16,30,0,0,0,4,21,0
tide,greedy,random,10086,2,1,4,14,30,0,0,0,7,22,0
tide,greedy,random,10086,3,1,7,24,30,0,40,0,12,23,0
tide,greedy,random,10086,4,0,5,0,30,0,15,0,8,24,0
tide,greedy,random,10087,0,1,2,30,30,0,0,0,3,20,0
tide,greedy,random,10087,1,1,2,23,30,0,0,0,4,21,0
tide,greedy,random,10087,2,1,4,21,30,0,7,0,7,22,0
tide,greedy,random,10087,3,1,5,13,30,0,15,0,8,23,0
tide,greedy,random,10087,4,1,10,15,30,0,76,0,19,24,0
tide,greedy,random,10088,0,1,3,30,30,0,4,0,4,20,0
tide,greedy,random,10088,1,1,3,16,30,0,0,0,4,21,0
tide,greedy,random,10088,2,1,4,14,30,0,0,0,6,22,0
tide,greedy,random,10088,3,1,8,12,30,0,40,0,15,23,0
tide,greedy,random,10088,4,1,10,12,30,0,71,0,18,24,0
tide,greedy,random,10089,0,1,2,30,30,0,0,0,3,20,0
tide,greedy,random,10089,1,1,3,16,30,0,0,0,4,21,0
tide,greedy,random,10089,2,1,5,18,30,0,12,0,9,22,0
tide,greedy,random,10089,3,1,5,19,30,0,17,0,9,23,0
tide,greedy,random,10089,4,1,10,11,30,0,72,0,18,24,0
tide,greedy,random,10090,0,1,3,30,30,0,4,0,4,20,0
tide,greedy,random,10090,1,1,3,21,30,0,0,0,4,21,0
tide,greedy,random,10090,2,1,4,21,30,0,7,0,8,22,0
tide,greedy,random,10090,3,1,6,8,30,0,20,0,11,23,0
tide,greedy,random,10090,4,0,3,0,30,0,0,0,4,24,0
tide,greedy,random,10091,0,1,3,30,30,0,4,0,4,20,0
tide,greedy,random,10091,1,1,3,23,30,0,7,0,4,21,0
tide,greedy,random,10091,2,1,5,22,30,0,16,0,8,22,0
tide,greedy,random,10091,3,1,5,12,30,0,14,0,8,23,0
tide,greedy,random,10091,4,1,6,4,30,0,24,0,9,24,0
tide,greedy,random,10092,0,1,2,30,30,0,0,0,3,20,0
tide,greedy,random,10092,1,1,3,16,30,0,0,0,4,21,0
tide,greedy,random,10092,2,1,4,22,30,0,8,0,7,22,0
tide,greedy,random,10092,3,1,6,13,30,0,25,0,10,23,0
tide,greedy,random,10092,4,1,7,11,30,0,38,0,12,24,0
tide,greedy,random,10093,0,1,2,26,30,0,0,0,3,20,0
tide,greedy,random,10093,1,1,3,16,30,0,0,0,4,21,0
tide,greedy,random,10093,2,1,4,21,30,0,7,0,7,22,0
tide,greedy,random,10093,3,1,5,11,30,0,15,0,8,23,0
tide,greedy,random,10093,4,0,11,0,30,0,87,0,22,24,0
tide,greedy,random,10094,0,1,2,30,30,0,0,0,3,20,0
tide,greedy,random,10094,1,1,3,16,30,0,0,0,4,21,0
tide,greedy,random,10094,2,1,5,15,30,0,9,0,7,22,0
tide,greedy,random,10094,3,1,8,17,30,0,49,0,15,23,0
tide,greedy,random,10094,4,0,9,0,30,0,66,0,15,24,0
tide,greedy,random,10095,0,1,3,28,30,0,0,0,4,20,0
tide,greedy,random,10095,1,1,3,16,30,0,0,0,4,21,0
tide,greedy,random,10095,2,1,4,22,30,0,8,0,6,22,0
tide,greedy,random,10095,3,1,7,16,30,0,34,0,12,23,0
tide,greedy,random,10095,4,1,9,1,30,0,55,0,15,24,0
tide,greedy,random,10096,0,1,2,26,30,0,0,0,3,20,0
tide,greedy,random,10096,1,1,2,23,30,0,0,0,4,21,0
tide,greedy,random,10096,2,1,5,21,30,0,15,0,8,22,0
tide,greedy,random,10096,3,1,6,13,30,0,23,0,10,23,0
tide,greedy,random,10096,4,1,9,16,30,0,65,0,16,24,0
tide,greedy,random,10097,0,1,3,30,30,0,4,0,4,20,0
tide,greedy,random,10097,1,1,3,23,30,0,7,0,5,21,0
tide,greedy,random,10097,2,1,5,14,30,0,8,0,8,22,0
tide,greedy,random,10097,3,1,5,7,30,0,7,0,9,23,0
tide,greedy,random,10097,4,1,9,13,30,0,65,0,17,24,0
tide,greedy,random,10098,0,1,2,30,30,0,0,0,3,20,0
tide,greedy,random,10098,1,1,3,16,30,0,0,0,4,21,0
tide,greedy,random,10098,2,1,4,14,30,0,0,0,6,22,0
tide,greedy,random,10098,3,1,6,13,30,0,25,0,10,23,0
tide,greedy,random,10098,4,1,9,10,30,0,62,0,17,24,0
tide,greedy,random,10099,0,1,2,26,30,0,0,0,3,20,0
tide,greedy,random,10099,1,1,3,23,30,0,7,0,5,21,0
tide,greedy,random,10099,2,1,4,22,30,0,8,0,7,22,0
tide,greedy,random,10099,3,1,7,13,30,0,31,0,12,23,0
tide,greedy,random,10099,4,1,7,4,30,0,34,0,11,24,0
tide,greedy,random,10100,0,1,3,26,30,0,0,0,4,20,0
tide,greedy,random,10100,1,1,2,23,30,0,0,0,4,21,0
tide,greedy,random,10100,2,1,4,14,30,0,0,0,6,22,0
tide,greedy,random,10100,3,1,7,20,30,0,38,0,12,23,0
tide,greedy,random,10100,4,1,9,7,30,0,54,0,17,24,0
tide,greedy,random,10101,0,1,2,28,30,0,0,0,3,20,0
tide,greedy,random,10101,1,1,3,16,30,0,0,0,4,21,0
tide,greedy,random,10101,2,1,4,24,30,0,10,0,6,22,0
tide,greedy,random,10101,3,1,8,8,30,0,40,0,15,23,0
tide,greedy,random,10101,4,0,9,0,30,0,59,0,15,24,0
tide,greedy,random,10102,0,1,2,26,30,0,0,0,3,20,0
tide,greedy,random,10102,1,1,3,16,30,0,0,0,4,21,0
tide,greedy,random,10102,2,1,3,22,30,0,0,0,5,22,0
tide,greedy,random,10102,3,1,7,24,30,0,44,0,13,23,0
tide,greedy,random,10102,4,1,10,13,30,0,76,0,17,24,0
tide,greedy,random,10103,0,1,2,26,30,0,0,0,3,20,0
tide,greedy,random,10103,1,1,2,23,30,0,0,0,4,21,0
tide,greedy,random,10103,2,1,5,14,30,0,8,0,7,22,0
tide,greedy,random,10103,3,1,6,7,30,0,19,0,10,23,0
tide,greedy,random,10103,4,1,9,12,30,0,65,0,17,24,0
tide,greedy,random,10104,0,1,2,26,30,0,0,0,3,20,0
tide,greedy,random,10104,1,1,2,23,30,0,0,0,4,21,0
tide,greedy,random,10104,2,1,4,20,30,0,5,0,7,22,0
tide,greedy,random,10104,3,1,6,13,30,0,27,0,10,23,0
tide,greedy,random,10104,4,1,10,12,30,0,70,0,16,24,0
tide,greedy,random,10105,0,1,3,26,30,0,0,0,4,20,0
tide,greedy,random,10105,1,1,3,23,30,0,6,0,4,21,0
tide,greedy,random,10105,2,1,5,14,30,0,8,0,8,22,0
tide,greedy,random,10105,3,1,7,15,30,0,35,0,13,23,0
tide,greedy,random,10105,4,1,7,11,30,0,39,0,12,24,0
tide,greedy,random,10106,0,1,2,26,30,0,0,0,3,20,0
tide,greedy,random,10106,1,1,3,23,30,0,7,0,4,21,0
tide,greedy,random,10106,2,1,5,14,30,0,8,0,8,22,0
tide,greedy,random,10106,3,1,5,9,30,0,11,0,8,23,0
tide,greedy,random,10106,4,1,8,6,30,0,46,0,14,24,0
tide,greedy,random,10107,0,1,2,26,30,0,0,0,3,20,0
tide,greedy,random,10107,1,1,3,16,30,0,0,0,4,21,0
tide,greedy,random,10107,2,1,4,14,30,0,0,0,6,22,0
tide,greedy,random,10107,3,1,6,12,30,0,26,0,10,23,0
tide,greedy,random,10107,4,1,10,9,30,0,67,0,17,24,0
tide,greedy,random,10108,0,1,2,26,30,0,0,0,3,20,0
tide,greedy,random,10108,1,1,3,16,30,0,0,0,4,21,0
tide,greedy,random,10108,2,1,4,21,30,0,7,0,7,22,0
tide,greedy,random,10108,3,1,6,8,30,0,22,0,11,23,0
tide,greedy,random,10108,4,1,8,11,30,0,49,0,14,24,0
tide,greedy,random,10109,0,1,2,26,30,0,0,0,3,20,0
tide,greedy,random,10109,1,1,3,23,30,0,7,0,4,21,0
tide,greedy,random,10109,2,1,5,22,30,0,16,0,8,22,0
tide,greedy,random,10109,3,1,7,22,30,0,38,0,12,23,0
tide,greedy,random,10109,4,0,8,0,30,0,51,0,14,24,0
tide,greedy,random,10110,0,1,3,26,30,0,4,0,4,20,0
tide,greedy,random,10110,1,1,3,23,30,0,2,0,5,21,0
tide,greedy,random,10110,2,1,5,15,30,0,9,0,8,22,0
tide,greedy,random,10110,3,1,6,9,30,0,17,0,10,23,0
tide,greedy,random,10110,4,1,10,6,30,0,72,0,17,24,0
tide,greedy,random,10111,0,1,2,30,30,0,0,0,3,20,0
tide,greedy,random,10111,1,1,2,23,30,0,0,0,4,21,0
tide,greedy,random,10111,2,1,5,22,30,0,16,0,8,22,0
tide,greedy,random,10111,3,1,7,13,30,0,31,0,13,23,0
tide,greedy,random,10111,4,1,8,1,30,0,41,0,13,24,0
tide,greedy,random,10112,0,1,3,26,30,0,0,0,4,20,0
tide,greedy,random,10112,1,1,3,23,30,0,7,0,5,21,0
tide,greedy,random,10112,2,1,4,22,30,0,8,0,8,22,0
tide,greedy,random,10112,3,1,6,19,30,0,29,0,12,23,0
tide,greedy,random,10112,4,1,9,11,30,0,64,0,16,24,0
tide,greedy,random,10113,0,1,2,26,30,0,0,0,3,20,0
tide,greedy,random,10113,1,1,3,23,30,0,7,0,5,21,0
tide,greedy,random,10113,2,1,5,14,30,0,8,0,8,22,0
tide,greedy,random,10113,3,1,8,14,30,0,44,0,14,23,0
tide,greedy,random,10113,4,1,10,19,30,0,75,0,18,24,0
tide,greedy,random,10114,0,1,2,26,30,0,0,0,3,20,0
tide,greedy,random,10114,1,1,2,23,30,0,0,0,4,21,0
tide,greedy,random,10114,2,1,5,13,30,0,7,0,8,22,0
tide,greedy,random,10114,3,1,8,9,30,0,41,0,13,23,0
tide,greedy,random,10114,4,1,11,9,30,0,87,0,20,24,0
tide,greedy,random,10115,0,1,3,30,30,0,4,0,4,20,0
tide,greedy,random,10115,1,1,3,23,30,0,7,0,5,21,0
tide,greedy,random,10115,2,1,3,22,30,0,0,0,5,22,0
tide,greedy,random,10115,3,1,8,10,30,0,42,0,14,23,0
tide,greedy,random,10115,4,1,9,4,30,0,55,0,16,24,0
tide,greedy,random,10116,0,1,2,26,30,0,0,0,3,20,0
tide,greedy,random,10116,1,1,2,23,30,0,0,0,3,21,0
tide,greedy,random,10116,2,1,4,19,30,0,5,0,8,22,0
tide,greedy,random,10116,3,1,6,9,30,0,23,0,10,23,0
tide,greedy,random,10116,4,1,9,14,30,0,66,0,14,24,0
tide,greedy,random,10117,0,1,2,30,30,0,0,0,3,20,0
tide,greedy,random,10117,1,1,4,9,30,0,0,0,5,21,0
tide,greedy,random,10117,2,1,5,21,30,0,15,0,9,22,0
tide,greedy,random,10117,3,1,5,8,30,0,12,0,9,23,0
tide,greedy,random,10117,4,1,12,13,30,0,98,0,21,24,0
tide,greedy,random,10118,0,1,2,26,30,0,0,0,3,20,0
tide,greedy,random,10118,1,1,2,23,30,0,0,0,4,21,0
tide,greedy,random,10118,2,1,4,14,30,0,0,0,6,22,0
tide,greedy,random,10118,3,1,7,14,30,0,32,0,13,23,0
tide,greedy,random,10118,4,1,8,4,30,0,45,0,14,24,0
tide,greedy,random,10119,0,1,3,30,30,0,4,0,4,20,0
tide,greedy,random,10119,1,1,2,28,30,0,0,0,3,21,0
tide,greedy,random,10119,2,1,4,14,30,0,0,0,6,22,0
tide,greedy,random,10119,3,1,5,18,30,0,18,0,9,23,0
tide,greedy,random,10119,4,1,8,5,30,0,45,0,13,24,0
tide,greedy,random,10120,0,1,2,26,30,0,0,0,3,20,0
tide,greedy,random,10120,1,1,3,23,30,0,7,0,5,21,0
tide,greedy,random,10120,2,1,5,19,30,0,13,0,8,22,0
tide,greedy,random,10120,3,1,7,13,30,0,33,0,13,23,0
tide,greedy,random,10120,4,1,8,9,30,0,52,0,14,24,0
tide,greedy,random,10121,0,1,2,30,30,0,0,0,3,20,0
tide,greedy,random,10121,1,1,3,16,30,0,0,0,4,21,0
tide,greedy,random,10121,2,1,4,19,30,0,5,0,7,22,0
tide,greedy,random,10121,3,1,5,8,30,0,8,0,9,23,0
tide,greedy,random,10121,4,1,9,10,30,0,60,0,16,24,0
tide,greedy,random,10122,0,1,2,26,30,0,0,0,3,20,0
tide,greedy,random,10122,1,1,2,24,30,0,0,0,3,21,0
tide,greedy,random,10122,2,1,4,22,30,0,8,0,7,22,0
tide,greedy,random,10122,3,1,7,16,30,0,30,0,13,23,0
tide,greedy,random,10122,4,0,5,0,30,0,27,0,8,24,0
tide,greedy,random,10123,0,1,2,26,30,0,0,0,3,20,0
tide,greedy,random,10123,1,1,2,23,30,0,0,0,4,21,0
tide,greedy,random,10123,2,1,4,14,30,0,0,0,6,22,0
tide,greedy,random,10123,3,1,6,19,30,0,31,0,11,23,0
tide,greedy,random,10123,4,1,6,7,30,0,25,0,9,24,0
tide,greedy,random,10124,0,1,2,26,30,0,0,0,3,20,0
tide,greedy,random,10124,1,1,3,23,30,0,7,0,5,21,0
tide,greedy,random,10124,2,1,5,18,30,0,12,0,8,22,0
tide,greedy,random,10124,3,1,8,8,30,0,40,0,14,23,0
tide,greedy,random,10124,4,1,12,19,30,0,101,0,21,24,0
tide,greedy,random,10125,0,1,3,30,30,0,4,0,4,20,0
tide,greedy,random,10125,1,1,3,23,30,0,2,0,5,21,0
tide,greedy,random,10125,2,1,4,21,30,0,7,0,7,22,0
tide,greedy,random,10125,3,1,7,13,30,0,31,0,12,23,0
tide,greedy,random,10125,4,1,8,4,30,0,45,0,13,24,0
tide,greedy,random,10126,0,1,2,26,30,0,0,0,3,20,0
tide,greedy,random,10126,1,1,3,16,30,0,0,0,4,21,0
tide,greedy,random,10126,2,1,5,14,30,0,8,0,8,22,0
tide,greedy,random,10126,3,1,7,17,30,0,35,0,12,23,0
tide,greedy,random,10126,4,1,9,5,30,0,54,0,15,24,0
tide,greedy,random,10127,0,1,2,26,30,0,0,0,3,20,0
tide,greedy,random,10127,1,1,3,23,30,0,7,0,4,21,0
tide,greedy,random,10127,2,1,5,19,30,0,13,0,9,22,0
tide,greedy,random,10127,3,1,6,8,30,0,20,0,10,23,0
tide,greedy,random,10127,4,1,7,8,30,0,29,0,10,24,0
tide,greedy,random,10128,0,1,3,30,30,0,4,0,4,20,0
tide,greedy,random,10128,1,1,3,16,30,0,0,0,4,21,0
tide,greedy,random,10128,2,1,4,14,30,0,0,0,6,22,0
tide,greedy,random,10128,3,1,7,17,30,0,37,0,12,23,0
tide,greedy,random,10128,4,1,12,1,30,0,91,0,22,24,0
tide,greedy,random,10129,0,1,3,26,30,0,0,0,4,20,0
tide,greedy,random,10129,1,1,2,23,30,0,0,0,4,21,0
tide,greedy,random,10129,2,1,5,21,30,0,15,0,8,22,0
tide,greedy,random,10129,3,1,6,8,30,0,20,0,10,23,0
tide,greedy,random,10129,4,1,9,5,30,0,54,0,16,24,0
tide,greedy,random,10130,0,1,2,26,30,0,0,0,3,20,0
tide,greedy,random,10130,1,1,3,16,30,0,0,0,4,21,0
tide,greedy,random,10130,2,1,5,19,30,0,13,0,8,22,0
tide,greedy,random,10130,3,1,5,7,30,0,5,0,8,23,0
tide,greedy,random,10130,4,1,9,6,30,0,58,0,14,24,0
tide,greedy,random,10131,0,1,2,26,30,0,0,0,3,20,0
tide,greedy,random,10131,1,1,3,16,30,0,0,0,4,21,0
tide,greedy,random,10131,2,1,5,14,30,0,8,0,7,22,0
tide,greedy,random,10131,3,1,7,13,30,0,31,0,12,23,0
tide,greedy,random,10131,4,1,9,12,30,0,63,0,16,24,0
tide,greedy,random,10132,0,1,2,30,30,0,0,0,3,20,0
tide,greedy,random,10132,1,1,3,23,30,0,7,0,5,21,0
tide,greedy,random,10132,2,1,4,14,30,0,0,0,6,22,0
tide,greedy,random,10132,3,1,8,18,30,0,50,0,15,23,0
tide,greedy,random,10132,4,1,11,16,30,0,88,0,21,24,0
tide,greedy,random,10133,0,1,3,26,30,0,0,0,4,20,0
tide,greedy,random,10133,1,1,2,23,30,0,0,0,3,21,0
tide,greedy,random,10133,2,1,4,21,30,0,7,0,8,22,0
tide,greedy,random,10133,3,1,7,23,30,0,43,0,14,23,0
tide,greedy,random,10133,4,0,5,0,30,0,25,0,9,24,0
tide,greedy,random,10134,0,1,3,30,30,0,4,0,4,20,0
tide,greedy,random,10134,1,1,2,23,30,0,0,0,3,21,0
tide,greedy,random,10134,2,1,4,15,30,0,0,0,7,22,0
tide,greedy,random,10134,3,1,6,12,30,0,24,0,11,23,0
tide,greedy,random,10134,4,1,11,14,30,0,82,0,19,24,0
tide,greedy,random,10135,0,1,2,26,30,0,0,0,3,20,0
tide,greedy,random,10135,1,1,3,23,30,0,6,0,4,21,0
tide,greedy,random,10135,2,1,5,19,30,0,13,0,9,22,0
tide,greedy,random,10135,3,1,6,16,30,0,26,0,10,23,0
tide,greedy,random,10135,4,0,7,0,30,0,40,0,14,24,0
tide,greedy,random,10136,0,1,2,30,30,0,0,0,3,20,0
tide,greedy,random,10136,1,1,3,16,30,0,0,0,4,21,0
tide,greedy,random,10136,2,1,4,22,30,0,8,0,7,22,0
tide,greedy,random,10136,3,1,9,18,30,0,58,0,17,23,0
tide,greedy,random,10136,4,1,12,5,30,0,95,0,22,24,0
tide,greedy,random,10137,0,1,2,26,30,0,0,0,3,20,0
tide,greedy,random,10137,1,1,2,23,30,0,0,0,4,21,0
tide,greedy,random,10137,2,1,4,14,30,0,0,0,6,22,0
tide,greedy,random,10137,3,1,5,10,30,0,14,0,9,23,0
tide,greedy,random,10137,4,1,10,9,30,0,68,0,17,24,0
tide,greedy,random,10138,0,1,2,30,30,0,0,0,3,20,0
tide,greedy,random,10138,1,1,2,24,30,0,0,0,3,21,0
tide,greedy,random,10138,2,1,5,22,30,0,16,0,9,22,0
tide,greedy,random,10138,3,1,6,22,30,0,32,0,11,23,0
tide,greedy,random,10138,4,1,9,7,30,0,58,0,15,24,0
tide,greedy,random,10139,0,1,2,26,30,0,0,0,3,20,0
tide,greedy,random,10139,1,1,3,23,30,0,6,0,5,21,0
tide,greedy,random,10139,2,1,4,14,30,0,0,0,6,22,0
tide,greedy,random,10139,3,1,7,19,30,0,37,0,13,23,0
tide,greedy,random,10139,4,1,10,10,30,0,68,0,17,24,0
tide,greedy,random,10140,0,1,3,26,30,0,4,0,4,20,0
tide,greedy,random,10140,1,1,2,23,30,0,0,0,4,21,0
tide,greedy,random,10140,2,1,4,21,30,0,7,0,7,22,0
tide,greedy,random,10140,3,1,6,11,30,0,25,0,10,23,0
tide,greedy,random,10140,4,1,8,4,30,0,44,0,13,24,0
tide,greedy,random,10141,0,1,3,30,30,0,4,0,4,20,0
tide,greedy,random,10141,1,1,2,23,30,0,0,0,4,21,0
tide,greedy,random,10141,2,1,4,14,30,0,0,0,7,22,0
tide,greedy,random,10141,3,1,7,14,30,0,34,0,12,23,0
tide,greedy,random,10141,4,1,10,11,30,0,72,0,18,24,0
tide,greedy,random,10142,0,1,2,30,30,0,0,0,3,20,0
tide,greedy,random,10142,1,1,2,23,30,0,0,0,3,21,0
tide,greedy,random,10142,2,1,4,14,30,0,0,0,7,22,0
tide,greedy,random,10142,3,1,7,19,30,0,37,0,13,23,0
tide,greedy,random,10142,4,1,7,12,30,0,42,0,12,24,0
tide,greedy,random,10143,0,1,2,30,30,0,0,0,3,20,0
tide,greedy,random,10143,1,1,3,23,30,0,7,0,5,21,0
tide,greedy,random,10143,2,1,5,21,30,0,15,0,8,22,0
tide,greedy,random,10143,3,1,6,12,30,0,22,0,10,23,0
tide,greedy,random,10143,4,1,11,16,30,0,88,0,20,24,0
tide,greedy,random,10144,0,1,2,26,30,0,0,0,3,20,0
tide,greedy,random,10144,1,1,3,16,30,0,0,0,4,21,0
tide,greedy,random,10144,2,1,3,22,30,0,0,0,6,22,0
tide,greedy,random,10144,3,1,5,10,30,0,10,0,8,23,0
tide,greedy,random,10144,4,1,8,16,30,0,52,0,13,24,0
tide,greedy,random,10145,0,1,3,30,30,0,4,0,4,20,0
tide,greedy,random,10145,1,1,3,16,30,0,0,0,5,21,0
tide,greedy,random,10145,2,1,5,14,30,0,8,0,8,22,0
tide,greedy,random,10145,3,1,6,13,30,0,27,0,10,23,0
tide,greedy,random,10145,4,1,7,9,30,0,35,0,11,24,0
tide,greedy,random,10146,0,1,3,30,30,0,4,0,4,20,0
tide,greedy,random,10146,1,1,3,21,30,0,5,0,5,21,0
tide,greedy,random,10146,2,1,4,21,30,0,7,0,8,22,0
tide,greedy,random,10146,3,1,6,13,30,0,25,0,11,23,0
tide,greedy,random,10146,4,1,13,13,30,0,108,0,24,24,0
tide,greedy,random,10147,0,1,3,30,30,0,4,0,4,20,0
tide,greedy,random,10147,1,1,2,23,30,0,0,0,4,21,0
tide,greedy,random,10147,2,1,4,14,30,0,0,0,6,22,0
tide,greedy,random,10147,3,1,7,18,30,0,34,0,12,23,0
tide,greedy,random,10147,4,1,14,15,30,0,123,0,25,24,0
tide,greedy,random,10148,0,1,2,26,30,0,0,0,3,20,0
tide,greedy,random,10148,1,1,3,16,30,0,0,0,4,21,0
tide,greedy,random,10148,2,1,5,21,30,0,15,0,8,22,0
tide,greedy,random,10148,3,1,7,16,30,0,36,0,13,23,0
tide,greedy,random,10148,4,1,12,16,30,0,97,0,22,24,0
tide,greedy,random,10149,0,1,2,26,30,0,0,0,3,20,0
tide,greedy,random,10149,1,1,3,16,30,0,0,0,4,21,0
tide,greedy,random,10149,2,1,4,14,30,0,0,0,6,22,0
tide,greedy,random,10149,3,1,8,10,30,0,40,0,14,23,0
tide,greedy,random,10149,4,1,9,18,30,0,69,0,16,24,0
tide,greedy,random,10150,0,1,3,26,30,0,0,0,4,20,0
tide,greedy,random,10150,1,1,3,16,30,0,0,0,5,21,0
tide,greedy,random,10150,2,1,4,14,30,0,0,0,6,22,0
tide,greedy,random,10150,3,1,7,21,30,0,41,0,13,23,0
tide,greedy,random,10150,4,1,8,14,30,0,51,0,14,24,0
tide,greedy,random,10151,0,1,2,26,30,0,0,0,3,20,0
tide,greedy,random,10151,1,1,3,16,30,0,0,0,4,21,0
tide,greedy,random,10151,2,1,4,22,30,0,8,0,7,22,0
tide,greedy,random,10151,3,1,7,17,30,0,37,0,14,23,0
tide,greedy,random,10151,4,1,8,4,30,0,41,0,14,24,0
tide,greedy,random,10152,0,1,3,30,30,0,2,0,4,20,0
tide,greedy,random,10152,1,1,3,23,30,0,7,0,5,21,0
tide,greedy,random,10152,2,1,5,13,30,0,7,0,8,22,0
tide,greedy,random,10152,3,1,5,10,30,0,8,0,8,23,0
tide,greedy,random,10152,4,1,9,10,30,0,62,0,16,24,0
tide,greedy,random,10153,0,1,2,26,30,0,0,0,3,20,0
tide,greedy,random,10153,1,1,2,23,30,0,0,0,4,21,0
tide,greedy,random,10153,2,1,3,22,30,0,0,0,6,22,0
tide,greedy,random,10153,3,1,6,11,30,0,21,0,10,23,0
tide,greedy,random,10153,4,1,9,16,30,0,71,0,16,24,0
tide,greedy,random,10154,0,1,2,26,30,0,0,0,3,20,0
tide,greedy,random,10154,1,1,3,16,30,0,0,0,4,21,0
tide,greedy,random,10154,2,1,4,22,30,0,7,0,7,22,0
tide,greedy,random,10154,3,1,7,21,30,0,39,0,13,23,0
tide,greedy,random,10154,4,1,8,12,30,0,48,0,14,24,0
tide,greedy,random,10155,0,1,3,26,30,0,0,0,4,20,0
tide,greedy,random,10155,1,1,2,23,30,0,0,0,3,21,0
tide,greedy,random,10155,2,1,4,19,30,0,5,0,7,22,0
tide,greedy,random,10155,3,1,7,16,30,0,36,0,12,23,0
tide,greedy,random,10155,4,1,6,1,30,0,19,0,9,24,0
tide,greedy,random,10156,0,1,3,30,30,0,4,0,4,20,0
tide,greedy,random,10156,1,1,4,23,30,0,14,0,6,21,0
tide,greedy,random,10156,2,1,5,22,30,0,16,0,9,22,0
tide,greedy,random,10156,3,1,6,20,30,0,28,0,12,23,0
tide,greedy,random,10156,4,1,15,17,30,0,137,0,29,24,0
tide,greedy,random,10157,0,1,3,30,30,0,4,0,4,20,0
tide,greedy,random,10157,1,1,2,23,30,0,0,0,4,21,0
tide,greedy,random,10157,2,1,4,14,30,0,0,0,6,22,0
tide,greedy,random,10157,3,1,4,14,30,0,0,0,7,23,0
tide,greedy,random,10157,4,1,8,6,30,0,43,0,14,24,0
tide,greedy,random,10158,0,1,2,30,30,0,0,0,3,20,0
tide,greedy,random,10158,1,1,3,16,30,0,0,0,4,21,0
tide,greedy,random,10158,2,1,5,13,30,0,7,0,8,22,0
tide,greedy,random,10158,3,1,6,8,30,0,22,0,10,23,0
tide,greedy,random,10158,4,1,9,16,30,0,64,0,15,24,0
tide,greedy,random,10159,0,1,3,26,30,0,0,0,4,20,0
tide,greedy,random,10159,1,1,3,16,30,0,0,0,4,21,0
tide,greedy,random,10159,2,1,5,11,30,0,5,0,8,22,0
tide,greedy,random,10159,3,1,6,9,30,0,21,0,11,23,0
tide,greedy,random,10159,4,1,6,3,30,0,21,0,9,24,0
tide,greedy,random,10160,0,1,2,26,30,0,0,0,3,20,0
tide,greedy,random,10160,1,1,4,16,30,0,7,0,6,21,0
tide,greedy,random,10160,2,1,4,14,30,0,0,0,6,22,0
tide,greedy,random,10160,3,1,8,15,30,0,47,0,15,23,0
tide,greedy,random,10160,4,1,10,13,30,0,74,0,18,24,0
tide,greedy,random,10161,0,1,2,26,30,0,0,0,3,20,0
tide,greedy,random,10161,1,1,3,21,30,0,5,0,5,21,0
tide,greedy,random,10161,2,1,4,23,30,0,9,0,7,22,0
tide,greedy,random,10161,3,1,8,12,30,0,42,0,15,23,0
tide,greedy,random,10161,4,1,11,16,30,0,85,0,19,24,0
tide,greedy,random,10162,0,1,2,26,30,0,0,0,3,20,0
tide,greedy,random,10162,1,1,4,23,30,0,9,0,6,21,0
tide,greedy,random,10162,2,1,4,14,30,0,0,0,6,22,0
tide,greedy,random,10162,3,1,7,21,30,0,39,0,12,23,0
tide,greedy,random,10162,4,1,9,5,30,0,57,0,15,24,0
tide,greedy,random,10163,0,1,3,26,30,0,0,0,4,20,0
tide,greedy,random,10163,1,1,3,23,30,0,7,0,5,21,0
tide,greedy,random,10163,2,1,4,19,30,0,5,0,7,22,0
tide,greedy,random,10163,3,1,6,12,30,0,22,0,11,23,0
tide,greedy,random,10163,4,1,10,9,30,0,68,0,17,24,0
tide,greedy,random,10164,0,1,3,30,30,0,4,0,4,20,0
tide,greedy,random,10164,1,1,3,23,30,0,7,0,5,21,0
tide,greedy,random,10164,2,1,5,19,30,0,13,0,8,22,0
tide,greedy,random,10164,3,1,7,23,30,0,41,0,14,23,0
tide,greedy,random,10164,4,1,10,9,30,0,70,0,18,24,0
tide,greedy,random,10165,0,1,2,30,30,0,0,0,3,20,0
tide,greedy,random,10165,1,1,3,16,30,0,0,0,4,21,0
tide,greedy,random,10165,2,1,4,14,30,0,0,0,6,22,0
tide,greedy,random,10165,3,1,7,21,30,0,37,0,13,23,0
tide,greedy,random,10165,4,0,6,0,30,0,29,0,11,24,0
tide,greedy,random,10166,0,1,3,30,30,0,4,0,4,20,0
tide,greedy,random,10166,1,1,2,23,30,0,0,0,4,21,0
tide,greedy,random,10166,2,1,5,20,30,0,14,0,8,22,0
tide,greedy,random,10166,3,1,8,18,30,0,50,0,15,23,0
tide,greedy,random,10166,4,0,6,0,30,0,23,0,10,24,0
tide,greedy,random,10167,0,1,2,26,30,0,0,0,3,20,0
tide,greedy,random,10167,1,1,3,16,30,0,0,0,4,21,0
tide,greedy,random,10167,2,1,4,15,30,0,0,0,7,22,0
tide,greedy,random,10167,3,1,5,15,30,0,17,0,8,23,0
tide,greedy,random,10167,4,1,10,17,30,0,79,0,18,24,0
tide,greedy,random,10168,0,1,3,30,30,0,4,0,4,20,0
tide,greedy,random,10168,1,1,2,23,30,0,0,0,4,21,0
tide,greedy,random,10168,2,1,4,14,30,0,0,0,6,22,0
tide,greedy,random,10168,3,1,6,14,30,0,26,0,11,23,0
tide,greedy,random,10168,4,1,10,9,30,0,73,0,17,24,0
tide,greedy,random,10169,0,1,2,26,30,0,0,0,3,20,0
tide,greedy,random,10169,1,1,3,16,30,0,0,0,4,21,0
tide,greedy,random,10169,2,1,4,19,30,0,5,0,7,22,0
tide,greedy,random,10169,3,1,7,20,30,0,36,0,13,23,0
tide,greedy,random,10169,4,1,11,12,30,0,86,0,21,24,0
tide,greedy,random,10170,0,1,3,26,30,0,0,0,4,20,0
tide,greedy,random,10170,1,1,3,23,30,0,2,0,5,21,0
tide,greedy,random,10170,2,1,5,14,30,0,8,0,7,22,0
tide,greedy,random,10170,3,1,5,10,30,0,14,0,9,23,0
tide,greedy,random,10170,4,1,9,7,30,0,56,0,16,24,0
tide,greedy,random,10171,0,1,2,30,30,0,0,0,3,20,0
tide,greedy,random,10171,1,1,3,16,30,0,0,0,4,21,0
tide,greedy,random,10171,2,1,4,19,30,0,5,0,7,22,0
tide,greedy,random,10171,3,1,5,12,30,0,12,0,9,23,0
tide,greedy,random,10171,4,1,9,11,30,0,65,0,15,24,0
tide,greedy,random,10172,0,1,2,30,30,0,0,0,3,20,0
tide,greedy,random,10172,1,1,3,23,30,0,7,0,5,21,0
tide,greedy,random,10172,2,1,4,14,30,0,0,0,6,22,0
tide,greedy,random,10172,3,1,6,14,30,0,28,0,10,23,0
tide,greedy,random,10172,4,1,10,17,30,0,77,0,16,24,0
tide,greedy,random,10173,0,1,2,26,30,0,0,0,3,20,0
tide,greedy,random,10173,1,1,3,23,30,0,7,0,5,21,0
tide,greedy,random,10173,2,1,5,19,30,0,13,0,8,22,0
tide,greedy,random,10173,3,1,6,8,30,0,20,0,10,23,0
tide,greedy,random,10173,4,1,10,5,30,0,71,0,18,24,0
tide,greedy,random,10174,0,1,3,30,30,0,4,0,4,20,0
tide,greedy,random,10174,1,1,3,23,30,0,7,0,5,21,0
tide,greedy,random,10174,2,1,5,13,30,0,7,0,8,22,0
tide,greedy,random,10174,3,1,7,4,30,0,22,0,13,23,0
tide,greedy,random,10174,4,1,12,21,30,0,101,0,22,24,0
tide,greedy,random,10175,0,1,3,26,30,0,4,0,4,20,0
tide,greedy,random,10175,1,1,3,23,30,0,7,0,5,21,0
tide,greedy,random,10175,2,1,5,13,30,0,7,0,8,22,0
tide,greedy,random,10175,3,1,7,20,30,0,36,0,13,23,0
tide,greedy,random,10175,4,1,6,7,30,0,21,0,10,24,0
tide,greedy,random,10176,0,1,3,26,30,0,0,0,4,20,0
tide,greedy,random,10176,1,1,3,23,30,0,7,0,5,21,0
tide,greedy,random,10176,2,1,4,22,30,0,7,0,7,22,0
tide,greedy,random,10176,3,1,6,11,30,0,27,0,11,23,0
tide,greedy,random,10176,4,1,9,8,30,0,57,0,16,24,0
tide,greedy,random,10177,0,1,2,26,30,0,0,0,3,20,0
tide,greedy,random,10177,1,1,3,23,30,0,7,0,4,21,0
tide,greedy,random,10177,2,1,4,21,30,0,7,0,7,22,0
tide,greedy,random,10177,3,1,6,11,30,0,25,0,10,23,0
tide,greedy,random,10177,4,0,4,0,30,0,14,0,7,24,0
tide,greedy,random,10178,0,1,2,26,30,0,0,0,3,20,0
tide,greedy,random,10178,1,1,2,23,30,0,0,0,4,21,0
tide,greedy,random,10178,2,1,4,14,30,0,0,0,6,22,0
tide,greedy,random,10178,3,1,6,7,30,0,19,0,9,23,0
tide,greedy,random,10178,4,1,8,1,30,0,44,0,13,24,0
tide,greedy,random,10179,0,1,2,26,30,0,0,0,3,20,0
tide,greedy,random,10179,1,1,3,21,30,0,5,0,5,21,0
tide,greedy,random,10179,2,1,4,14,30,0,0,0,6,22,0
tide,greedy,random,10179,3,1,5,13,30,0,15,0,8,23,0
tide,greedy,random,10179,4,1,9,13,30,0,66,0,14,24,0
tide,greedy,random,10180,0,1,3,30,30,0,4,0,4,20,0
tide,greedy,random,10180,1,1,3,23,30,0,7,0,5,21,0
tide,greedy,random,10180,2,1,3,22,30,0,0,0,5,22,0
tide,greedy,random,10180,3,1,8,9,30,0,41,0,14,23,0
tide,greedy,random,10180,4,1,7,7,30,0,34,0,12,24,0
tide,greedy,random,10181,0,1,2,26,30,0,0,0,3,20,0
tide,greedy,random,10181,1,1,4,14,30,0,5,0,6,21,0
tide,greedy,random,10181,2,1,4,19,30,0,5,0,7,22,0
tide,greedy,random,10181,3,1,8,17,30,0,47,0,14,23,0
tide,greedy,random,10181,4,1,6,4,30,0,21,0,10,24,0
tide,greedy,random,10182,0,1,2,26,30,0,0,0,3,20,0
tide,greedy,random,10182,1,1,3,23,30,0,7,0,5,21,0
tide,greedy,random,10182,2,1,5,14,30,0,8,0,7,22,0
tide,greedy,random,10182,3,1,5,14,30,0,14,0,9,23,0
tide,greedy,random,10182,4,1,7,11,30,0,33,0,12,24,0
tide,greedy,random,10183,0,1,2,30,30,0,0,0,3,20,0
tide,greedy,random,10183,1,1,3,16,30,0,0,0,4,21,0
tide,greedy,random,10183,2,1,3,22,30,0,0,0,6,22,0
tide,greedy,random,10183,3,1,8,9,30,0,41,0,15,23,0
tide,greedy,random,10183,4,1,11,13,30,0,88,0,20,24,0
tide,greedy,random,10184,0,1,3,26,30,0,0,0,4,20,0
tide,greedy,random,10184,1,1,3,21,30,0,0,0,4,21,0
tide,greedy,random,10184,2,1,4,21,30,0,7,0,7,22,0
tide,greedy,random,10184,3,1,8,14,30,0,42,0,14,23,0
tide,greedy,random,10184,4,1,14,12,30,0,116,0,26,24,0
tide,greedy,random,10185,0,1,3,30,30,0,4,0,4,20,0
tide,greedy,random,10185,1,1,2,23,30,0,0,0,4,21,0
tide,greedy,random,10185,2,1,4,22,30,0,8,0,7,22,0
tide,greedy,random,10185,3,1,6,13,30,0,27,0,10,23,0
tide,greedy,random,10185,4,1,7,18,30,0,40,0,11,24,0
tide,greedy,random,10186,0,1,2,26,30,0,0,0,3,20,0
tide,greedy,random,10186,1,1,3,23,30,0,7,0,5,21,0
tide,greedy,random,10186,2,1,4,22,30,0,7,0,7,22,0
tide,greedy,random,10186,3,1,6,10,30,0,22,0,10,23,0
tide,greedy,random,10186,4,1,8,11,30,0,52,0,15,24,0
tide,greedy,random,10187,0,1,3,26,30,0,0,0,4,20,0
tide,greedy,random,10187,1,1,3,23,30,0,7,0,5,21,0
tide,greedy,random,10187,2,1,4,19,30,0,5,0,7,22,0
tide,greedy,random,10187,3,1,6,9,30,0,21,0,11,23,0
tide,greedy,random,10187,4,1,7,8,30,0,32,0,11,24,0
tide,greedy,random,10188,0,1,2,26,30,0,0,0,3,20,0
tide,greedy,random,10188,1,1,3,21,30,0,0,0,4,21,0
tide,greedy,random,10188,2,1,5,22,30,0,16,0,9,22,0
tide,greedy,random,10188,3,1,6,8,30,0,22,0,10,23,0
tide,greedy,random,10188,4,1,8,16,30,0,53,0,14,24,0
tide,greedy,random,10189,0,1,2,26,30,0,0,0,3,20,0
tide,greedy,random,10189,1,1,3,16,30,0,0,0,4,21,0
tide,greedy,random,10189,2,1,5,22,30,0,16,0,9,22,0
tide,greedy,random,10189,3,1,5,7,30,0,9,0,9,23,0
tide,greedy,random,10189,4,0,8,0,30,0,51,0,15,24,0
tide,greedy,random,10190,0,1,2,26,30,0,0,0,3,20,0
tide,greedy,random,10190,1,1,3,23,30,0,7,0,5,21,0
tide,greedy,random,10190,2,1,4,14,30,0,0,0,6,22,0
tide,greedy,random,10190,3,1,5,9,30,0,9,0,9,23,0
tide,greedy,random,10190,4,1,5,14,30,0,20,0,8,24,0
tide,greedy,random,10191,0,1,3,30,30,0,4,0,4,20,0
tide,greedy,random,10191,1,1,2,23,30,0,0,0,4,21,0
tide,greedy,random,10191,2,1,5,14,30,0,8,0,8,22,0
tide,greedy,random,10191,3,1,6,10,30,0,22,0,10,23,0
tide,greedy,random,10191,4,1,10,4,30,0,66,0,18,24,0
tide,greedy,random,10192,0,1,2,30,30,0,0,0,3,20,0
tide,greedy,random,10192,1,1,3,23,30,0,7,0,5,21,0
tide,greedy,random,10192,2,1,4,14,30,0,0,0,6,22,0
tide,greedy,random,10192,3,1,6,8,30,0,24,0,10,23,0
tide,greedy,random,10192,4,1,10,7,30,0,68,0,18,24,0
tide,greedy,random,10193,0,1,2,28,30,0,0,0,3,20,0
tide,greedy,random,10193,1,1,3,23,30,0,7,0,5,21,0
tide,greedy,random,10193,2,1,4,22,30,0,8,0,7,22,0
tide,greedy,random,10193,3,1,7,16,30,0,36,0,13,23,0
tide,greedy,random,10193,4,1,7,22,30,0,45,0,12,24,0
tide,greedy,random,10194,0,1,2,26,30,0,0,0,3,20,0
tide,greedy,random,10194,1,1,2,24,30,0,0,0,4,21,0
tide,greedy,random,10194,2,1,4,22,30,0,8,0,8,22,0
tide,greedy,random,10194,3,1,6,15,30,0,25,0,11,23,0
tide,greedy,random,10194,4,1,10,2,30,0,68,0,16,24,0
tide,greedy,random,10195,0,1,2,30,30,0,0,0,3,20,0
tide,greedy,random,10195,1,1,4,23,30,0,14,0,6,21,0
tide,greedy,random,10195,2,1,5,16,30,0,10,0,9,22,0
tide,greedy,random,10195,3,1,7,14,30,0,34,0,13,23,0
tide,greedy,random,10195,4,0,6,0,30,0,27,0,10,24,0
tide,greedy,random,10196,0,1,2,30,30,0,0,0,3,20,0
tide,greedy,random,10196,1,1,3,16,30,0,0,0,4,21,0
tide,greedy,random,10196,2,1,4,14,30,0,0,0,6,22,0
tide,greedy,random,10196,3,1,5,11,30,0,17,0,8,23,0
tide,greedy,random,10196,4,1,11,7,30,0,82,0,21,24,0
tide,greedy,random,10197,0,1,2,26,30,0,0,0,3,20,0
tide,greedy,random,10197,1,1,3,23,30,0,7,0,5,21,0
tide,greedy,random,10197,2,1,4,14,30,0,0,0,6,22,0
tide,greedy,random,10197,3,1,7,24,30,0,42,0,13,23,0
tide,greedy,random,10197,4,1,11,16,30,0,90,0,19,24,0
tide,greedy,random,10198,0,1,2,30,30,0,0,0,3,20,0
tide,greedy,random,10198,1,1,2,28,30,0,0,0,3,21,0
tide,greedy,random,10198,2,1,4,14,30,0,0,0,6,22,0
tide,greedy,random,10198,3,1,7,22,30,0,42,0,13,23,0
tide,greedy,random,10198,4,1,10,11,30,0,65,0,19,24,0
tide,greedy,random,10199,0,1,2,30,30,0,0,0,3,20,0
tide,greedy,random,10199,1,1,2,23,30,0,0,0,4,21,0
tide,greedy,random,10199,2,1,5,14,30,0,8,0,9,22,0
tide,greedy,random,10199,3,1,6,12,30,0,24,0,10,23,0
tide,greedy,random,10199,4,1,15,3,30,0,125,0,27,24,0
tide,greedy,random,10200,0,1,2,26,30,0,0,0,3,20,0
tide,greedy,random,10200,1,1,3,16,30,0,0,0,4,21,0
tide,greedy,random,10200,2,1,4,23,30,0,9,0,7,22,0
tide,greedy,random,10200,3,1,5,12,30,0,14,0,8,23,0
tide,greedy,random,10200,4,1,11,19,30,0,89,0,21,24,0
tide,greedy,random,10201,0,1,2,26,30,0,0,0,3,20,0
tide,greedy,random,10201,1,1,3,23,30,0,2,0,5,21,0
tide,greedy,random,10201,2,1,5,15,30,0,9,0,8,22,0
tide,greedy,random,10201,3,1,6,13,30,0,25,0,10,23,0
tide,greedy,random,10201,4,1,6,6,30,0,22,0,9,24,0
tide,greedy,random,10202,0,1,3,30,30,0,4,0,4,20,0
tide,greedy,random,10202,1,1,3,16,30,0,0,0,4,21,0
tide,greedy,random,10202,2,1,5,19,30,0,13,0,8,22,0
tide,greedy,random,10202,3,1,7,14,30,0,34,0,12,23,0
tide,greedy,random,10202,4,0,6,0,30,0,25,0,11,24,0
tide,greedy,random,10203,0,1,2,26,30,0,0,0,3,20,0
tide,greedy,random,10203,1,1,2,23,30,0,0,0,3,21,0
tide,greedy,random,10203,2,1,5,21,30,0,15,0,9,22,0
tide,greedy,random,10203,3,1,7,14,30,0,36,0,13,23,0
tide,greedy,random,10203,4,1,16,14,30,0,149,0,29,24,0
tide,greedy,random,10204,0,1,2,26,30,0,0,0,3,20,0
tide,greedy,random,10204,1,1,3,16,30,0,0,0,4,21,0
tide,greedy,random,10204,2,1,5,22,30,0,16,0,8,22,0
tide,greedy,random,10204,3,1,8,15,30,0,47,0,14,23,0
tide,greedy,random,10204,4,1,9,10,30,0,63,0,17,24,0
tide,greedy,random,10205,0,1,2,28,30,0,0,0,3,20,0
tide,greedy,random,10205,1,1,3,16,30,0,0,0,4,21,0
tide,greedy,random,10205,2,1,4,21,30,0,7,0,7,22,0
tide,greedy,random,10205,3,1,6,17,30,0,29,0,10,23,0
tide,greedy,random,10205,4,1,7,8,30,0,36,0,11,24,0
tide,greedy,random,10206,0,1,3,26,30,0,0,0,4,20,0
tide,greedy,random,10206,1,1,2,23,30,0,0,0,4,21,0
tide,greedy,random,10206,2,1,4,14,30,0,0,0,6,22,0
tide,greedy,random,10206,3,1,7,19,30,0,35,0,12,23,0
tide,greedy,random,10206,4,1,9,10,30,0,62,0,15,24,0
tide,greedy,random,10207,0,1,2,30,30,0,0,0,3,20,0
tide,greedy,random,10207,1,1,4,16,30,0,7,0,6,21,0
tide,greedy,random,10207,2,1,5,20,30,0,14,0,9,22,0
tide,greedy,random,10207,3,1,9,13,30,0,57,0,16,23,0
tide,greedy,random,10207,4,1,8,6,30,0,46,0,14,24,0
tide,greedy,random,10208,0,1,2,26,30,0,0,0,3,20,0
tide,greedy,random,10208,1,1,3,16,30,0,0,0,4,21,0
tide,greedy,random,10208,2,1,4,14,30,0,0,0,6,22,0
tide,greedy,random,10208,3,1,6,22,30,0,34,0,11,23,0
tide,greedy,random,10208,4,1,17,16,30,0,158,0,32,24,0
tide,greedy,random,10209,0,1,3,30,30,0,4,0,4,20,0
tide,greedy,random,10209,1,1,3,16,30,0,0,0,4,21,0
tide,greedy,random,10209,2,1,3,22,30,0,0,0,5,22,0
tide,greedy,random,10209,3,1,7,15,30,0,31,0,12,23,0
tide,greedy,random,10209,4,1,10,11,30,0,74,0,18,24,0
tide,greedy,random,10210,0,1,3,30,30,0,2,0,4,20,0
tide,greedy,random,10210,1,1,3,23,30,0,7,0,5,21,0
tide,greedy,random,10210,2,1,4,21,30,0,7,0,7,22,0
tide,greedy,random,10210,3,1,6,12,30,0,22,0,10,23,0
tide,greedy,random,10210,4,1,7,5,30,0,37,0,11,24,0
tide,greedy,random,10211,0,1,2,26,30,0,0,0,3,20,0
tide,greedy,random,10211,1,1,4,21,30,0,12,0,6,21,0
tide,greedy,random,10211,2,1,4,21,30,0,7,0,8,22,0
tide,greedy,random,10211,3,1,6,8,30,0,20,0,10,23,0
tide,greedy,random,10211,4,1,7,7,30,0,36,0,11,24,0
tide,greedy,random,10212,0,1,2,30,30,0,0,0,3,20,0
tide,greedy,random,10212,1,1,2,23,30,0,0,0,4,21,0
tide,greedy,random,10212,2,1,5,14,30,0,8,0,9,22,0
tide,greedy,random,10212,3,1,9,11,30,0,53,0,16,23,0
tide,greedy,random,10212,4,1,8,3,30,0,43,0,13,24,0
tide,greedy,random,10213,0,1,3,30,30,0,4,0,4,20,0
tide,greedy,random,10213,1,1,2,23,30,0,0,0,3,21,0
tide,greedy,random,10213,2,1,4,21,30,0,7,0,7,22,0
tide,greedy,random,10213,3,1,7,17,30,0,37,0,12,23,0
tide,greedy,random,10213,4,1,8,1,30,0,41,0,15,24,0
tide,greedy,random,10214,0,1,2,26,30,0,0,0,3,20,0
tide,greedy,random,10214,1,1,3,23,30,0,7,0,4,21,0
tide,greedy,random,10214,2,1,5,22,30,0,16,0,9,22,0
tide,greedy,random,10214,3,1,5,8,30,0,10,0,8,23,0
tide,greedy,random,10214,4,1,9,11,30,0,61,0,16,24,0
tide,greedy,random,10215,0,1,3,30,30,0,4,0,4,20,0
tide,greedy,random,10215,1,1,3,21,30,0,5,0,4,21,0
tide,greedy,random,10215,2,1,4,22,30,0,8,0,8,22,0
tide,greedy,random,10215,3,1,6,9,30,0,23,0,10,23,0
tide,greedy,random,10215,4,1,9,3,30,0,56,0,16,24,0
tide,greedy,random,10216,0,1,2,30,30,0,0,0,3,20,0
tide,greedy,random,10216,1,1,3,23,30,0,7,0,5,21,0
tide,greedy,random,10216,2,1,4,21,30,0,7,0,7,22,0
tide,greedy,random,10216,3,1,7,18,30,0,32,0,12,23,0
tide,greedy,random,10216,4,1,9,2,30,0,52,0,15,24,0
tide,greedy,random,10217,0,1,3,26,30,0,0,0,4,20,0
tide,greedy,random,10217,1,1,3,16,30,0,0,0,4,21,0
tide,greedy,random,10217,2,1,5,13,30,0,7,0,8,22,0
tide,greedy,random,10217,3,1,5,9,30,0,7,0,8,23,0
tide,greedy,random,10217,4,1,9,12,30,0,64,0,16,24,0
tide,greedy,random,10218,0,1,2,26,30,0,0,0,3,20,0
tide,greedy,random,10218,1,1,3,16,30,0,0,0,4,21,0
tide,greedy,random,10218,2,1,4,14,30,0,0,0,6,22,0
tide,greedy,random,10218,3,1,9,15,30,0,57,0,16,23,0
tide,greedy,random,10218,4,1,12,20,30,0,101,0,20,24,0
tide,greedy,random,10219,0,1,2,26,30,0,0,0,3,20,0
tide,greedy,random,10219,1,1,3,16,30,0,0,0,4,21,0
tide,greedy,random,10219,2,1,4,19,30,0,5,0,7,22,0
tide,greedy,random,10219,3,1,5,12,30,0,10,0,8,23,0
tide,greedy,random,10219,4,1,5,5,30,0,16,0,8,24,0
tide,greedy,random,10220,0,1,2,26,30,0,0,0,3,20,0
tide,greedy,random,10220,1,1,4,23,30,0,14,0,6,21,0
tide,greedy,random,10220,2,1,5,21,30,0,15,0,9,22,0
tide,greedy,random,10220,3,1,7,18,30,0,34,0,13,23,0
tide,greedy,random,10220,4,1,8,8,30,0,48,0,13,24,0
tide,greedy,random,10221,0,1,3,30,30,0,4,0,4,20,0
tide,greedy,random,10221,1,1,2,23,30,0,0,0,3,21,0
tide,greedy,random,10221,2,1,5,11,30,0,5,0,8,22,0
tide,greedy,random,10221,3,1,7,13,30,0,31,0,13,23,0
tide,greedy,random,10221,4,1,8,4,30,0,43,0,12,24,0
tide,greedy,random,10222,0,1,2,28,30,0,0,0,3,20,0
tide,greedy,random,10222,1,1,3,23,30,0,7,0,4,21,0
tide,greedy,random,10222,2,1,5,14,30,0,8,0,7,22,0
tide,greedy,random,10222,3,1,6,11,30,0,25,0,10,23,0
tide,greedy,random,10222,4,1,7,5,30,0,31,0,12,24,0
tide,greedy,random,10223,0,1,2,30,30,0,0,0,3,20,0
tide,greedy,random,10223,1,1,2,23,30,0,0,0,3,21,0
tide,greedy,random,10223,2,1,4,14,30,0,0,0,6,22,0
tide,greedy,random,10223,3,1,6,26,30,0,36,0,11,23,0
tide,greedy,random,10223,4,1,10,7,30,0,66,0,17,24,0
tide,greedy,random,10224,0,1,2,26,30,0,0,0,3,20,0
tide,greedy,random,10224,1,1,3,23,30,0,7,0,5,21,0
tide,greedy,random,10224,2,1,4,21,30,0,7,0,7,22,0
tide,greedy,random,10224,3,1,6,8,30,0,22,0,11,23,0
tide,greedy,random,10224,4,1,9,12,30,0,65,0,16,24,0
tide,greedy,random,10225,0,1,3,30,30,0,4,0,4,20,0
tide,greedy,random,10225,1,1,2,23,30,0,0,0,3,21,0
tide,greedy,random,10225,2,1,5,22,30,0,16,0,9,22,0
tide,greedy,random,10225,3,1,8,17,30,0,47,0,14,23,0
tide,greedy,random,10225,4,1,9,1,30,0,51,0,14,24,0
tide,greedy,random,10226,0,1,2,26,30,0,0,0,3,20,0
tide,greedy,random,10226,1,1,2,23,30,0,0,0,4,21,0
tide,greedy,random,10226,2,1,5,14,30,0,8,0,8,22,0
tide,greedy,random,10226,3,1,7,21,30,0,39,0,12,23,0
tide,greedy,random,10226,4,1,8,9,30,0,49,0,14,24,0
tide,greedy,random,10227,0,1,3,30,30,0,4,0,4,20,0
tide,greedy,random,10227,1,1,2,28,30,0,0,0,4,21,0
tide,greedy,random,10227,2,1,5,18,30,0,12,0,9,22,0
tide,greedy,random,10227,3,1,6,13,30,0,23,0,10,23,0
tide,greedy,random,10227,4,1,8,7,30,0,45,0,14,24,0
tide,greedy,random,10228,0,1,3,30,30,0,4,0,4,20,0
tide,greedy,random,10228,1,1,2,23,30,0,0,0,4,21,0
tide,greedy,random,10228,2,1,5,21,30,0,15,0,8,22,0
tide,greedy,random,10228,3,1,5,20,30,0,18,0,9,23,0
tide,greedy,random,10228,4,1,10,8,30,0,64,0,18,24,0
tide,greedy,random,10229,0,1,3,24,30,0,0,0,4,20,0
tide,greedy,random,10229,1,1,3,16,30,0,0,0,4,21,0
tide,greedy,random,10229,2,1,4,21,30,0,7,0,7,22,0
tide,greedy,random,10229,3,1,6,13,30,0,25,0,11,23,0
tide,greedy,random,10229,4,1,9,7,30,0,56,0,15,24,0
tide,greedy,random,10230,0,1,2,26,30,0,0,0,3,20,0
tide,greedy,random,10230,1,1,3,23,30,0,7,0,5,21,0
tide,greedy,random,10230,2,1,4,14,30,0,0,0,6,22,0
tide,greedy,random,10230,3,1,6,19,30,0,33,0,12,23,0
tide,greedy,random,10230,4,0,8,0,30,0,51,0,14,24,0
tide,greedy,random,10231,0,1,2,26,30,0,0,0,3,20,0
tide,greedy,random,10231,1,1,3,16,30,0,0,0,4,21,0
tide,greedy,random,10231,2,1,4,21,30,0,7,0,7,22,0
tide,greedy,random,10231,3,1,6,15,30,0,25,0,11,23,0
tide,greedy,random,10231,4,1,8,1,30,0,44,0,14,24,0
tide,greedy,random,10232,0,1,2,26,30,0,0,0,3,20,0
tide,greedy,random,10232,1,1,2,23,30,0,0,0,3,21,0
tide,greedy,random,10232,2,1,4,14,30,0,0,0,6,22,0
tide,greedy,random,10232,3,1,6,19,30,0,29,0,10,23,0
tide,greedy,random,10232,4,1,9,13,30,0,58,0,15,24,0
tide,greedy,random,10233,0,1,2,26,30,0,0,0,3,20,0
tide,greedy,random,10233,1,1,3,23,30,0,7,0,5,21,0
tide,greedy,random,10233,2,1,4,22,30,0,7,0,7,22,0
tide,greedy,random,10233,3,1,8,9,30,0,41,0,14,23,0
tide,greedy,random,10233,4,0,7,0,30,0,41,0,12,24,0
tide,greedy,random,10234,0,1,2,26,30,0,0,0,3,20,0
tide,greedy,random,10234,1,1,2,23,30,0,0,0,3,21,0
tide,greedy,random,10234,2,1,4,20,30,0,5,0,8,22,0
tide,greedy,random,10234,3,1,7,14,30,0,34,0,12,23,0
tide,greedy,random,10234,4,1,9,16,30,0,69,0,15,24,0
tide,greedy,random,10235,0,1,2,30,30,0,0,0,3,20,0
tide,greedy,random,10235,1,1,3,23,30,0,6,0,4,21,0
tide,greedy,random,10235,2,1,5,21,30,0,15,0,8,22,0
tide,greedy,random,10235,3,1,6,9,30,0,23,0,11,23,0
tide,greedy,random,10235,4,1,10,14,30,0,69,0,18,24,0
tide,greedy,random,10236,0,1,3,30,30,0,4,0,4,20,0
tide,greedy,random,10236,1,1,3,16,30,0,0,0,4,21,0
tide,greedy,random,10236,2,1,5,21,30,0,15,0,9,22,0
tide,greedy,random,10236,3,1,7,16,30,0,34,0,11,23,0
tide,greedy,random,10236,4,1,13,14,30,0,113,0,24,24,0
tide,greedy,random,10237,0,1,2,30,30,0,0,0,3,20,0
tide,greedy,random,10237,1,1,3,16,30,0,0,0,4,21,0
tide,greedy,random,10237,2,1,5,14,30,0,8,0,7,22,0
tide,greedy,random,10237,3,1,6,14,30,0,28,0,11,23,0
tide,greedy,random,10237,4,1,13,17,30,0,107,0,23,24,0
tide,greedy,random,10238,0,1,3,30,30,0,4,0,4,20,0
tide,greedy,random,10238,1,1,3,23,30,0,7,0,5,21,0
tide,greedy,random,10238,2,1,4,22,30,0,8,0,7,22,0
tide,greedy,random,10238,3,1,9,17,30,0,59,0,16,23,0
tide,greedy,random,10238,4,1,8,5,30,0,41,0,13,24,0
tide,greedy,random,10239,0,1,2,26,30,0,0,0,3,20,0
tide,greedy,random,10239,1,1,2,23,30,0,0,0,3,21,0
tide,greedy,random,10239,2,1,3,22,30,0,0,0,6,22,0
tide,greedy,random,10239,3,1,7,20,30,0,40,0,13,23,0
tide,greedy,random,10239,4,1,13,22,30,0,116,0,24,24,0
tide,greedy,random,10240,0,1,2,26,30,0,0,0,3,20,0
tide,greedy,random,10240,1,1,3,23,30,0,7,0,5,21,0
tide,greedy,random,10240,2,1,4,14,30,0,0,0,6,22,0
tide,greedy,random,10240,3,1,7,16,30,0,36,0,12,23,0
tide,greedy,random,10240,4,1,7,3,30,0,32,0,12,24,0
tide,greedy,random,10241,0,1,2,30,30,0,0,0,3,20,0
tide,greedy,random,10241,1,1,3,16,30,0,0,0,4,21,0
tide,greedy,random,10241,2,1,4,22,30,0,8,0,8,22,0
tide,greedy,random,10241,3,1,5,12,30,0,12,0,8,23,0
tide,greedy,random,10241,4,1,10,16,30,0,76,0,16,24,0
tide,greedy,random,10242,0,1,3,30,30,0,2,0,4,20,0
tide,greedy,random,10242,1,1,3,23,30,0,7,0,5,21,0
tide,greedy,random,10242,2,1,4,14,30,0,0,0,6,22,0
tide,greedy,random,10242,3,1,8,13,30,0,47,0,14,23,0
tide,greedy,random,10242,4,1,8,8,30,0,46,0,14,24,0
tide,greedy,random,10243,0,1,2,28,30,0,0,0,3,20,0
tide,greedy,random,10243,1,1,3,23,30,0,7,0,5,21,0
tide,greedy,random,10243,2,1,4,14,30,0,0,0,6,22,0
tide,greedy,random,10243,3,1,6,10,30,0,22,0,10,23,0
tide,greedy,random,10243,4,1,9,15,30,0,64,0,14,24,0
tide,greedy,random,10244,0,1,2,26,30,0,0,0,3,20,0
tide,greedy,random,10244,1,1,3,23,30,0,7,0,4,21,0
tide,greedy,random,10244,2,1,4,14,30,0,0,0,6,22,0
tide,greedy,random,10244,3,1,7,18,30,0,36,0,12,23,0
tide,greedy,random,10244,4,0,5,0,30,0,22,0,9,24,0
tide,greedy,random,10245,0,1,3,30,30,0,4,0,4,20,0
tide,greedy,random,10245,1,1,2,23,30,0,0,0,4,21,0
tide,greedy,random,10245,2,1,4,14,30,0,0,0,6,22,0
tide,greedy,random,10245,3,1,5,8,30,0,10,0,8,23,0
tide,greedy,random,10245,4,1,10,20,30,0,76,0,18,24,0
tide,greedy,random,10246,0,1,2,30,30,0,0,0,3,20,0
tide,greedy,random,10246,1,1,3,21,30,0,5,0,5,21,0
tide,greedy,random,10246,2,1,4,22,30,0,8,0,7,22,0
tide,greedy,random,10246,3,1,6,13,30,0,23,0,10,23,0
tide,greedy,random,10246,4,1,11,2,30,0,80,0,18,24,0
tide,greedy,random,10247,0,1,3,30,30,0,4,0,4,20,0
tide,greedy,random,10247,1,1,3,16,30,0,0,0,4,21,0
tide,greedy,random,10247,2,1,5,14,30,0,7,0,8,22,0
tide,greedy,random,10247,3,1,5,8,30,0,12,0,8,23,0
tide,greedy,random,10247,4,1,9,8,30,0,59,0,15,24,0
tide,greedy,random,10248,0,1,2,26,30,0,0,0,3,20,0
tide,greedy,random,10248,1,1,4,23,30,0,14,0,6,21,0
tide,greedy,random,10248,2,1,4,21,30,0,7,0,7,22,0
tide,greedy,random,10248,3,1,6,19,30,0,33,0,11,23,0
tide,greedy,random,10248,4,1,11,7,30,0,82,0,18,24,0
tide,greedy,random,10249,0,1,2,26,30,0,0,0,3,20,0
tide,greedy,random,10249,1,1,3,16,30,0,0,0,4,21,0
tide,greedy,random,10249,2,1,4,14,30,0,0,0,6,22,0
tide,greedy,random,10249,3,1,8,16,30,0,46,0,15,23,0
tide,greedy,random,10249,4,1,9,12,30,0,61,0,14,24,0
tide,greedy,random,10250,0,1,2,26,30,0,0,0,3,20,0
tide,greedy,random,10250,1,1,2,23,30,0,0,0,3,21,0
tide,greedy,random,10250,2,1,5,14,30,0,8,0,8,22,0
tide,greedy,random,10250,3,1,7,24,30,0,42,0,12,23,0
tide,greedy,random,10250,4,1,8,12,30,0,53,0,14,24,0
tide,greedy,random,10251,0,1,2,26,30,0,0,0,3,20,0
tide,greedy,random,10251,1,1,3,16,30,0,0,0,4,21,0
tide,greedy,random,10251,2,1,4,14,30,0,0,0,6,22,0
tide,greedy,random,10251,3,1,8,11,30,0,43,0,14,23,0
tide,greedy,random,10251,4,1,8,9,30,0,47,0,13,24,0
tide,greedy,random,10252,0,1,2,26,30,0,0,0,3,20,0
tide,greedy,random,10252,1,1,3,23,30,0,7,0,4,21,0
tide,greedy,random,10252,2,1,5,14,30,0,8,0,8,22,0
tide,greedy,random,10252,3,1,5,7,30,0,5,0,9,23,0
tide,greedy,random,10252,4,1,9,9,30,0,61,0,16,24,0
tide,greedy,random,10253,0,1,3,30,30,0,4,0,4,20,0
tide,greedy,random,10253,1,1,2,23,30,0,0,0,3,21,0
tide,greedy,random,10253,2,1,5,19,30,0,13,0,9,22,0
tide,greedy,random,10253,3,1,7,15,30,0,35,0,13,23,0
tide,greedy,random,10253,4,1,9,5,30,0,57,0,15,24,0
tide,greedy,random,10254,0,1,3,30,30,0,4,0,4,20,0
tide,greedy,random,10254,1,1,3,21,30,0,5,0,5,21,0
tide,greedy,random,10254,2,1,4,14,30,0,0,0,6,22,0
tide,greedy,random,10254,3,1,7,7,30,0,27,0,13,23,0
tide,greedy,random,10254,4,1,8,4,30,0,44,0,14,24,0
tide,greedy,random,10255,0,1,3,30,30,0,4,0,4,20,0
tide,greedy,random,10255,1,1,3,23,30,0,7,0,5,21,0
tide,greedy,random,10255,2,1,5,14,30,0,8,0,9,22,0
tide,greedy,random,10255,3,1,6,7,30,0,21,0,10,23,0
tide,greedy,random,10255,4,1,13,12,30,0,110,0,25,24,0
tide,greedy,random,10256,0,1,3,26,30,0,0,0,4,20,0
tide,greedy,random,10256,1,1,3,16,30,0,0,0,4,21,0
tide,greedy,random,10256,2,1,4,21,30,0,7,0,7,22,0
tide,greedy,random,10256,3,1,7,13,30,0,29,0,12,23,0
tide,greedy,random,10256,4,1,7,8,30,0,44,0,13,24,0
tide,greedy,random,10257,0,1,2,26,30,0,0,0,3,20,0
tide,greedy,random,10257,1,1,2,23,30,0,0,0,3,21,0
tide,greedy,random,10257,2,1,5,14,30,0,8,0,8,22,0
tide,greedy,random,10257,3,1,8,22,30,0,50,0,15,23,0
tide,greedy,random,10257,4,0,6,0,30,0,25,0,9,24,0
tide,greedy,random,10258,0,1,3,30,30,0,4,0,4,20,0
tide,greedy,random,10258,1,1,3,23,30,0,7,0,5,21,0
tide,greedy,random,10258,2,1,4,19,30,0,5,0,7,22,0
tide,greedy,random,10258,3,1,6,9,30,0,19,0,9,23,0
tide,greedy,random,10258,4,1,10,21,30,0,79,0,17,24,0
tide,greedy,random,10259,0,1,2,26,30,0,0,0,3,20,0
tide,greedy,random,10259,1,1,3,23,30,0,7,0,5,21,0
tide,greedy,random,10259,2,1,4,22,30,0,8,0,6,22,0
tide,greedy,random,10259,3,1,7,17,30,0,35,0,12,23,0
tide,greedy,random,10259,4,1,6,1,30,0,26,0,10,24,0
tide,greedy,random,10260,0,1,2,26,30,0,0,0,3,20,0
tide,greedy,random,10260,1,1,2,23,30,0,0,0,3,21,0
tide,greedy,random,10260,2,1,4,22,30,0,8,0,6,22,0
tide,greedy,random,10260,3,1,8,16,30,0,48,0,14,23,0
tide,greedy,random,10260,4,1,9,6,30,0,60,0,15,24,0
tide,greedy,random,10261,0,1,2,26,30,0,0,0,3,20,0
tide,greedy,random,10261,1,1,2,23,30,0,0,0,4,21,0
tide,greedy,random,10261,2,1,4,21,30,0,7,0,7,22,0
tide,greedy,random,10261,3,1,8,12,30,0,40,0,14,23,0
tide,greedy,random,10261,4,1,11,17,30,0,91,0,20,24,0
tide,greedy,random,10262,0,1,2,26,30,0,0,0,3,20,0
tide,greedy,random,10262,1,1,3,16,30,0,0,0,4,21,0
tide,greedy,random,10262,2,1,5,22,30,0,16,0,8,22,0
tide,greedy,random,10262,3,1,6,15,30,0,27,0,10,23,0
tide,greedy,random,10262,4,1,9,7,30,0,63,0,15,24,0
tide,greedy,random,10263,0,1,3,30,30,0,2,0,4,20,0
tide,greedy,random,10263,1,1,3,16,30,0,0,0,4,21,0
tide,greedy,random,10263,2,1,4,22,30,0,8,0,6,22,0
tide,greedy,random,10263,3,1,8,19,30,0,49,0,14,23,0
tide,greedy,random,10263,4,1,11,11,30,0,83,0,19,24,0
tide,greedy,random,10264,0,1,2,30,30,0,0,0,3,20,0
tide,greedy,random,10264,1,1,3,17,30,0,0,0,4,21,0
tide,greedy,random,10264,2,1,5,14,30,0,8,0,8,22,0
tide,greedy,random,10264,3,1,6,12,30,0,24,0,10,23,0
tide,greedy,random,10264,4,1,7,7,30,0,29,0,12,24,0
tide,greedy,random,10265,0,1,3,26,30,0,0,0,4,20,0
tide,greedy,random,10265,1,1,3,16,30,0,0,0,4,21,0
tide,greedy,random,10265,2,1,4,22,30,0,8,0,8,22,0
tide,greedy,random,10265,3,1,8,11,30,0,39,0,14,23,0
tide,greedy,random,10265,4,1,9,10,30,0,53,0,15,24,0
tide,greedy,random,10266,0,1,2,26,30,0,0,0,3,20,0
tide,greedy,random,10266,1,1,4,16,30,0,7,0,5,21,0
tide,greedy,random,10266,2,1,4,22,30,0,8,0,8,22,0
tide,greedy,random,10266,3,1,7,14,30,0,36,0,13,23,0
tide,greedy,random,10266,4,0,9,0,30,0,61,0,15,24,0
tide,greedy,random,10267,0,1,3,30,30,0,4,0,4,20,0
tide,greedy,random,10267,1,1,3,16,30,0,0,0,4,21,0
tide,greedy,random,10267,2,1,5,14,30,0,8,0,8,22,0
tide,greedy,random,10267,3,1,6,11,30,0,23,0,10,23,0
tide,greedy,random,10267,4,1,10,16,30,0,72,0,19,24,0
tide,greedy,random,10268,0,1,2,26,30,0,0,0,3,20,0
tide,greedy,random,10268,1,1,3,16,30,0,0,0,4,21,0
tide,greedy,random,10268,2,1,5,18,30,0,12,0,9,22,0
tide,greedy,random,10268,3,1,8,15,30,0,49,0,15,23,0
tide,greedy,random,10268,4,1,11,14,30,0,84,0,20,24,0
tide,greedy,random,10269,0,1,3,30,30,0,4,0,4,20,0
tide,greedy,random,10269,1,1,3,23,30,0,7,0,5,21,0
tide,greedy,random,10269,2,1,5,13,30,0,7,0,8,22,0
tide,greedy,random,10269,3,1,6,17,30,0,25,0,10,23,0
tide,greedy,random,10269,4,0,6,0,30,0,35,0,11,24,0
tide,greedy,random,10270,0,1,2,26,30,0,0,0,3,20,0
tide,greedy,random,10270,1,1,2,23,30,0,0,0,4,21,0
tide,greedy,random,10270,2,1,5,18,30,0,12,0,8,22,0
tide,greedy,random,10270,3,1,7,15,30,0,33,0,12,23,0
tide,greedy,random,10270,4,0,4,0,30,0,7,0,7,24,0
tide,greedy,random,10271,0,1,2,26,30,0,0,0,3,20,0
tide,greedy,random,10271,1,1,4,23,30,0,14,0,6,21,0
tide,greedy,random,10271,2,1,5,14,30,0,8,0,8,22,0
tide,greedy,random,10271,3,1,7,17,30,0,39,0,13,23,0
tide,greedy,random,10271,4,1,11,8,30,0,83,0,19,24,0
tide,greedy,random,10272,0,1,2,30,30,0,0,0,3,20,0
tide,greedy,random,10272,1,1,3,16,30,0,0,0,5,21,0
tide,greedy,random,10272,2,1,5,19,30,0,13,0,9,22,0
tide,greedy,random,10272,3,1,7,20,30,0,38,0,12,23,0
tide,greedy,random,10272,4,1,11,16,30,0,84,0,21,24,0
tide,greedy,random,10273,0,1,2,26,30,0,0,0,3,20,0
tide,greedy,random,10273,1,1,3,21,30,0,5,0,5,21,0
tide,greedy,random,10273,2,1,4,14,30,0,0,0,6,22,0
tide,greedy,random,10273,3,1,7,23,30,0,45,0,14,23,0
tide,greedy,random,10273,4,1,8,3,30,0,43,0,13,24,0
tide,greedy,random,10274,0,1,2,30,30,0,0,0,3,20,0
tide,greedy,random,10274,1,1,2,23,30,0,0,0,4,21,0
tide,greedy,random,10274,2,1,4,14,30,0,0,0,7,22,0
tide,greedy,random,10274,3,1,5,12,30,0,14,0,9,23,0
tide,greedy,random,10274,4,1,8,4,30,0,45,0,13,24,0
tide,greedy,random,10275,0,1,2,30,30,0,0,0,3,20,0
tide,greedy,random,10275,1,1,3,16,30,0,0,0,4,21,0
tide,greedy,random,10275,2,1,5,18,30,0,12,0,9,22,0
tide,greedy,random,10275,3,1,5,8,30,0,10,0,8,23,0
tide,greedy,random,10275,4,1,10,12,30,0,71,0,17,24,0
tide,greedy,random,10276,0,1,2,30,30,0,0,0,3,20,0
tide,greedy,random,10276,1,1,3,16,30,0,0,0,4,21,0
tide,greedy,random,10276,2,1,5,21,30,0,15,0,8,22,0
tide,greedy,random,10276,3,1,6,6,30,0,22,0,11,23,0
tide,greedy,random,10276,4,1,9,10,30,0,57,0,16,24,0
tide,greedy,random,10277,0,1,2,26,30,0,0,0,3,20,0
tide,greedy,random,10277,1,1,3,16,30,0,0,0,4,21,0
tide,greedy,random,10277,2,1,4,22,30,0,8,0,7,22,0
tide,greedy,random,10277,3,1,5,8,30,0,10,0,8,23,0
tide,greedy,random,10277,4,1,11,10,30,0,86,0,21,24,0
tide,greedy,random,10278,0,1,3,30,30,0,4,0,4,20,0
tide,greedy,random,10278,1,1,3,16,30,0,0,0,4,21,0
tide,greedy,random,10278,2,1,5,15,30,0,9,0,7,22,0
tide,greedy,random,10278,3,1,6,12,30,0,24,0,11,23,0
tide,greedy,random,10278,4,1,9,11,30,0,63,0,15,24,0
tide,greedy,random,10279,0,1,3,26,30,0,4,0,4,20,0
tide,greedy,random,10279,1,1,3,23,30,0,7,0,5,21,0
tide,greedy,random,10279,2,1,4,21,30,0,7,0,7,22,0
tide,greedy,random,10279,3,1,8,18,30,0,46,0,14,23,0
tide,greedy,random,10279,4,1,6,15,30,0,30,0,10,24,0
tide,greedy,random,10280,0,1,2,26,30,0,0,0,3,20,0
tide,greedy,random,10280,1,1,4,21,30,0,12,0,6,21,0
tide,greedy,random,10280,2,1,4,21,30,0,7,0,7,22,0
tide,greedy,random,10280,3,1,6,8,30,0,20,0,10,23,0
tide,greedy,random,10280,4,1,8,9,30,0,49,0,14,24,0
tide,greedy,random,10281,0,1,2,26,30,0,0,0,3,20,0
tide,greedy,random,10281,1,1,3,16,30,0,0,0,4,21,0
tide,greedy,random,10281,2,1,4,14,30,0,0,0,6,22,0
tide,greedy,random,10281,3,1,6,12,30,0,26,0,11,23,0
tide,greedy,random,10281,4,1,10,3,30,0,66,0,17,24,0
tide,greedy,random,10282,0,1,3,30,30,0,4,0,4,20,0
tide,greedy,random,10282,1,1,3,23,30,0,7,0,5,21,0
tide,greedy,random,10282,2,1,4,14,30,0,0,0,6,22,0
tide,greedy,random,10282,3,1,7,16,30,0,30,0,13,23,0
tide,greedy,random,10282,4,1,8,11,30,0,44,0,13,24,0
tide,greedy,random,10283,0,1,2,26,30,0,0,0,3,20,0
tide,greedy,random,10283,1,1,3,23,30,0,7,0,5,21,0
tide,greedy,random,10283,2,1,4,14,30,0,0,0,6,22,0
tide,greedy,random,10283,3,1,6,7,30,0,21,0,9,23,0
tide,greedy,random,10283,4,1,7,5,30,0,30,0,11,24,0
tide,greedy,random,10284,0,1,2,26,30,0,0,0,3,20,0
tide,greedy,random,10284,1,1,3,16,30,0,0,0,4,21,0
tide,greedy,random,10284,2,1,4,19,30,0,5,0,7,22,0
tide,greedy,random,10284,3,1,6,12,30,0,20,0,11,23,0
tide,greedy,random,10284,4,1,10,8,30,0,75,0,19,24,0
tide,greedy,random,10285,0,1,3,30,30,0,4,0,4,20,0
tide,greedy,random,10285,1,1,3,23,30,0,7,0,5,21,0
tide,greedy,random,10285,2,1,4,21,30,0,7,0,7,22,0
tide,greedy,random,10285,3,1,5,12,30,0,16,0,8,23,0
tide,greedy,random,10285,4,1,11,15,30,0,87,0,21,24,0
tide,greedy,random,10286,0,1,3,30,30,0,4,0,4,20,0
tide,greedy,random,10286,1,1,2,23,30,0,0,0,4,21,0
tide,greedy,random,10286,2,1,5,22,30,0,16,0,8,22,0
tide,greedy,random,10286,3,1,7,13,30,0,33,0,12,23,0
tide,greedy,random,10286,4,1,8,7,30,0,48,0,13,24,0
tide,greedy,random,10287,0,1,3,30,30,0,4,0,4,20,0
tide,greedy,random,10287,1,1,2,23,30,0,0,0,3,21,0
tide,greedy,random,10287,2,1,4,22,30,0,8,0,8,22,0
tide,greedy,random,10287,3,1,6,6,30,0,20,0,11,23,0
tide,greedy,random,10287,4,1,8,13,30,0,51,0,14,24,0
tide,greedy,random,10288,0,1,2,26,30,0,0,0,3,20,0
tide,greedy,random,10288,1,1,3,23,30,0,7,0,4,21,0
tide,greedy,random,10288,2,1,5,14,30,0,8,0,8,22,0
tide,greedy,random,10288,3,1,6,12,30,0,24,0,10,23,0
tide,greedy,random,10288,4,1,13,19,30,0,112,0,24,24,0
tide,greedy,random,10289,0,1,2,26,30,0,0,0,3,20,0
tide,greedy,random,10289,1,1,3,23,30,0,7,0,5,21,0
tide,greedy,random,10289,2,1,4,22,30,0,8,0,7,22,0
tide,greedy,random,10289,3,1,6,14,30,0,24,0,10,23,0
tide,greedy,random,10289,4,1,11,21,30,0,95,0,20,24,0
tide,greedy,random,10290,0,1,2,30,30,0,0,0,3,20,0
tide,greedy,random,10290,1,1,3,23,30,0,7,0,4,21,0
tide,greedy,random,10290,2,1,4,22,30,0,8,0,8,22,0
tide,greedy,random,10290,3,1,7,20,30,0,40,0,12,23,0
tide,greedy,random,10290,4,1,7,4,30,0,29,0,10,24,0
tide,greedy,random,10291,0,1,2,30,30,0,0,0,3,20,0
tide,greedy,random,10291,1,1,3,17,30,0,0,0,4,21,0
tide,greedy,random,10291,2,1,4,22,30,0,8,0,7,22,0
tide,greedy,random,10291,3,1,6,12,30,0,26,0,10,23,0
tide,greedy,random,10291,4,1,7,8,30,0,36,0,11,24,0
tide,greedy,random,10292,0,1,2,26,30,0,0,0,3,20,0
tide,greedy,random,10292,1,1,2,23,30,0,0,0,4,21,0
tide,greedy,random,10292,2,1,4,15,30,0,0,0,6,22,0
tide,greedy,random,10292,3,1,6,14,30,0,26,0,10,23,0
tide,greedy,random,10292,4,1,11,6,30,0,83,0,21,24,0
tide,greedy,random,10293,0,1,3,26,30,0,0,0,4,20,0
tide,greedy,random,10293,1,1,3,16,30,0,0,0,4,21,0
tide,greedy,random,10293,2,1,4,14,30,0,0,0,6,22,0
tide,greedy,random,10293,3,1,8,10,30,0,38,0,12,23,0
tide,greedy,random,10293,4,1,7,8,30,0,33,0,11,24,0
tide,greedy,random,10294,0,1,2,30,30,0,0,0,3,20,0
tide,greedy,random,10294,1,1,3,16,30,0,0,0,4,21,0
tide,greedy,random,10294,2,1,5,14,30,0,8,0,8,22,0
tide,greedy,random,10294,3,1,6,11,30,0,25,0,10,23,0
tide,greedy,random,10294,4,1,10,2,30,0,68,0,18,24,0
tide,greedy,random,10295,0,1,2,30,30,0,0,0,3,20,0
tide,greedy,random,10295,1,1,3,21,30,0,5,0,5,21,0
tide,greedy,random,10295,2,1,4,14,30,0,0,0,7,22,0
tide,greedy,random,10295,3,1,6,11,30,0,25,0,11,23,0
tide,greedy,random,10295,4,1,9,7,30,0,54,0,15,24,0
tide,greedy,random,10296,0,1,2,26,30,0,0,0,3,20,0
tide,greedy,random,10296,1,1,3,21,30,0,5,0,4,21,0
tide,greedy,random,10296,2,1,4,14,30,0,0,0,6,22,0
tide,greedy,random,10296,3,1,5,8,30,0,10,0,8,23,0
tide,greedy,random,10296,4,1,13,18,30,0,117,0,24,24,0
tide,greedy,random,10297,0,1,2,26,30,0,0,0,3,20,0
tide,greedy,random,10297,1,1,3,16,30,0,0,0,4,21,0
tide,greedy,random,10297,2,1,4,21,30,0,7,0,7,22,0
tide,greedy,random,10297,3,1,6,9,30,0,21,0,10,23,0
tide,greedy,random,10297,4,0,4,0,30,0,15,0,6,24,0
tide,greedy,random,10298,0,1,3,30,30,0,4,0,4,20,0
tide,greedy,random,10298,1,1,3,16,30,0,0,0,4,21,0
tide,greedy,random,10298,2,1,4,14,30,0,0,0,6,22,0
tide,greedy,random,10298,3,1,7,23,30,0,43,0,13,23,0
tide,greedy,random,10298,4,1,8,4,30,0,42,0,12,24,0
tide,greedy,random,10299,0,1,2,26,30,0,0,0,3,20,0
tide,greedy,random,10299,1,1,3,23,30,0,7,0,5,21,0
tide,greedy,random,10299,2,1,5,14,30,0,8,0,8,22,0
tide,greedy,random,10299,3,1,7,15,30,0,35,0,13,23,0
tide,greedy,random,10299,4,1,8,11,30,0,49,0,14,24,0
tide,greedy,random,10300,0,1,2,26,30,0,0,0,3,20,0
tide,greedy,random,10300,1,1,3,16,30,0,0,0,4,21,0
tide,greedy,random,10300,2,1,4,14,30,0,0,0,6,22,0
tide,greedy,random,10300,3,1,6,21,30,0,29,0,12,23,0
tide,greedy,random,10300,4,1,9,11,30,0,60,0,15,24,0
tide,greedy,random,10301,0,1,2,26,30,0,0,0,3,20,0
tide,greedy,random,10301,1,1,3,16,30,0,0,0,4,21,0
tide,greedy,random,10301,2,1,5,19,30,0,13,0,9,22,0
tide,greedy,random,10301,3,1,7,18,30,0,36,0,12,23,0
tide,greedy,random,10301,4,1,8,5,30,0,45,0,13,24,0
tide,greedy,random,10302,0,1,2,26,30,0,0,0,3,20,0
tide,greedy,random,10302,1,1,3,16,30,0,0,0,4,21,0
tide,greedy,random,10302,2,1,4,21,30,0,7,0,7,22,0
tide,greedy,random,10302,3,1,6,8,30,0,20,0,10,23,0
tide,greedy,random,10302,4,1,11,14,30,0,88,0,20,24,0
tide,greedy,random,10303,0,1,2,26,30,0,0,0,3,20,0
tide,greedy,random,10303,1,1,3,23,30,0,7,0,5,21,0
tide,greedy,random,10303,2,1,4,21,30,0,7,0,7,22,0
tide,greedy,random,10303,3,1,6,18,30,0,30,0,11,23,0
tide,greedy,random,10303,4,1,9,10,30,0,57,0,16,24,0
tide,greedy,random,10304,0,1,2,26,30,0,0,0,3,20,0
tide,greedy,random,10304,1,1,3,16,30,0,0,0,4,21,0
tide,greedy,random,10304,2,1,4,19,30,0,5,0,7,22,0
tide,greedy,random,10304,3,1,6,11,30,0,25,0,10,23,0
tide,greedy,random,10304,4,1,8,9,30,0,48,0,13,24,0
tide,greedy,random,10305,0,1,2,26,30,0,0,0,3,20,0
tide,greedy,random,10305,1,1,3,16,30,0,0,0,4,21,0
tide,greedy,random,10305,2,1,5,14,30,0,8,0,8,22,0
tide,greedy,random,10305,3,1,6,7,30,0,21,0,11,23,0
tide,greedy,random,10305,4,1,8,9,30,0,49,0,13,24,0
tide,greedy,random,10306,0,1,3,30,30,0,4,0,4,20,0
tide,greedy,random,10306,1,1,2,23,30,0,0,0,4,21,0
tide,greedy,random,10306,2,1,3,22,30,0,0,0,5,22,0
tide,greedy,random,10306,3,1,8,16,30,0,44,0,15,23,0
tide,greedy,random,10306,4,1,8,12,30,0,51,0,13,24,0
tide,greedy,random,10307,0,1,2,26,30,0,0,0,3,20,0
tide,greedy,random,10307,1,1,3,16,30,0,0,0,4,21,0
tide,greedy,random,10307,2,1,4,14,30,0,0,0,7,22,0
tide,greedy,random,10307,3,1,7,17,30,0,37,0,12,23,0
tide,greedy,random,10307,4,0,10,0,30,0,75,0,20,24,0
tide,greedy,random,10308,0,1,3,30,30,0,4,0,4,20,0
tide,greedy,random,10308,1,1,3,16,30,0,0,0,4,21,0
tide,greedy,random,10308,2,1,5,21,30,0,15,0,9,22,0
tide,greedy,random,10308,3,1,5,14,30,0,16,0,9,23,0
tide,greedy,random,10308,4,1,12,14,30,0,98,0,22,24,0
tide,greedy,random,10309,0,1,2,30,30,0,0,0,3,20,0
tide,greedy,random,10309,1,1,3,23,30,0,7,0,5,21,0
tide,greedy,random,10309,2,1,4,26,30,0,12,0,7,22,0
tide,greedy,random,10309,3,1,9,18,30,0,58,0,15,23,0
tide,greedy,random,10309,4,1,6,16,30,0,24,0,9,24,0
tide,greedy,random,10310,0,1,2,26,30,0,0,0,3,20,0
tide,greedy,random,10310,1,1,3,23,30,0,7,0,5,21,0
tide,greedy,random,10310,2,1,4,22,30,0,8,0,8,22,0
tide,greedy,random,10310,3,1,6,16,30,0,28,0,11,23,0
tide,greedy,random,10310,4,1,9,6,30,0,58,0,15,24,0
tide,greedy,random,10311,0,1,2,26,30,0,0,0,3,20,0
tide,greedy,random,10311,1,1,3,23,30,0,2,0,5,21,0
tide,greedy,random,10311,2,1,4,14,30,0,0,0,6,22,0
tide,greedy,random,10311,3,1,5,8,30,0,8,0,8,23,0
tide,greedy,random,10311,4,1,8,6,30,0,46,0,13,24,0
tide,greedy,random,10312,0,1,2,30,30,0,0,0,3,20,0
tide,greedy,random,10312,1,1,3,16,30,0,0,0,4,21,0
tide,greedy,random,10312,2,1,5,14,30,0,8,0,7,22,0
tide,greedy,random,10312,3,1,5,10,30,0,12,0,9,23,0
tide,greedy,random,10312,4,1,8,2,30,0,39,0,13,24,0
tide,greedy,random,10313,0,1,3,26,30,0,0,0,4,20,0
tide,greedy,random,10313,1,1,3,23,30,0,6,0,5,21,0
tide,greedy,random,10313,2,1,4,14,30,0,0,0,6,22,0
tide,greedy,random,10313,3,1,7,14,30,0,32,0,13,23,0
tide,greedy,random,10313,4,1,9,7,30,0,58,0,14,24,0
tide,greedy,random,10314,0,1,2,26,30,0,0,0,3,20,0
tide,greedy,random,10314,1,1,3,16,30,0,0,0,4,21,0
tide,greedy,random,10314,2,1,4,22,30,0,8,0,6,22,0
tide,greedy,random,10314,3,1,7,17,30,0,35,0,13,23,0
tide,greedy,random,10314,4,1,10,5,30,0,71,0,18,24,0
tide,greedy,random,10315,0,1,3,30,30,0,4,0,4,20,0
tide,greedy,random,10315,1,1,2,23,30,0,0,0,3,21,0
tide,greedy,random,10315,2,1,4,14,30,0,0,0,7,22,0
tide,greedy,random,10315,3,1,6,8,30,0,22,0,11,23,0
tide,greedy,random,10315,4,1,11,7,30,0,86,0,20,24,0
tide,greedy,random,10316,0,1,2,30,30,0,0,0,3,20,0
tide,greedy,random,10316,1,1,2,23,30,0,0,0,4,21,0
tide,greedy,random,10316,2,1,4,14,30,0,0,0,6,22,0
tide,greedy,random,10316,3,1,6,10,30,0,24,0,11,23,0
tide,greedy,random,10316,4,1,11,2,30,0,76,0,19,24,0
tide,greedy,random,10317,0,1,2,26,30,0,0,0,3,20,0
tide,greedy,random,10317,1,1,2,23,30,0,0,0,3,21,0
tide,greedy,random,10317,2,1,4,14,30,0,0,0,6,22,0
tide,greedy,random,10317,3,1,7,17,30,0,37,0,12,23,0
tide,greedy,random,10317,4,1,10,9,30,0,73,0,16,24,0
tide,greedy,random,10318,0,1,3,22,30,0,0,0,4,20,0
tide,greedy,random,10318,1,1,3,16,30,0,0,0,4,21,0
tide,greedy,random,10318,2,1,5,19,30,0,13,0,8,22,0
tide,greedy,random,10318,3,1,8,18,30,0,50,0,15,23,0
tide,greedy,random,10318,4,1,10,1,30,0,66,0,17,24,0
tide,greedy,random,10319,0,1,2,26,30,0,0,0,3,20,0
tide,greedy,random,10319,1,1,2,23,30,0,0,0,4,21,0
tide,greedy,random,10319,2,1,4,21,30,0,7,0,8,22,0
tide,greedy,random,10319,3,1,4,16,30,0,0,0,6,23,0
tide,greedy,random,10319,4,1,6,7,30,0,20,0,9,24,0
tide,greedy,random,10320,0,1,3,30,30,0,2,0,4,20,0
tide,greedy,random,10320,1,1,3,23,30,0,7,0,5,21,0
tide,greedy,random,10320,2,1,5,14,30,0,8,0,8,22,0
tide,greedy,random,10320,3,1,6,11,30,0,23,0,11,23,0
tide,greedy,random,10320,4,1,12,17,30,0,101,0,22,24,0
tide,greedy,random,10321,0,1,2,26,30,0,0,0,3,20,0
tide,greedy,random,10321,1,1,3,21,30,0,5,0,5,21,0
tide,greedy,random,10321,2,1,5,14,30,0,8,0,8,22,0
tide,greedy,random,10321,3,1,6,12,30,0,22,0,10,23,0
tide,greedy,random,10321,4,1,13,19,30,0,111,0,24,24,0
tide,greedy,random,10322,0,1,3,26,30,0,0,0,4,20,0
tide,greedy,random,10322,1,1,3,16,30,0,0,0,5,21,0
tide,greedy,random,10322,2,1,4,22,30,0,8,0,7,22,0
tide,greedy,random,10322,3,1,8,12,30,0,46,0,14,23,0
tide,greedy,random,10322,4,1,12,21,30,0,105,0,21,24,0
tide,greedy,random,10323,0,1,3,30,30,0,4,0,4,20,0
tide,greedy,random,10323,1,1,4,14,30,0,5,0,6,21,0
tide,greedy,random,10323,2,1,4,21,30,0,7,0,6,22,0
tide,greedy,random,10323,3,1,6,9,30,0,21,0,10,23,0
tide,greedy,random,10323,4,1,9,13,30,0,61,0,15,24,0
tide,greedy,random,10324,0,1,2,30,30,0,0,0,3,20,0
tide,greedy,random,10324,1,1,3,23,30,0,2,0,4,21,0
tide,greedy,random,10324,2,1,3,22,30,0,0,0,5,22,0
tide,greedy,random,10324,3,1,5,12,30,0,12,0,9,23,0
tide,greedy,random,10324,4,1,8,5,30,0,45,0,14,24,0
tide,greedy,random,10325,0,1,3,30,30,0,4,0,4,20,0
tide,greedy,random,10325,1,1,2,23,30,0,0,0,3,21,0
tide,greedy,random,10325,2,1,4,22,30,0,8,0,8,22,0
tide,greedy,random,10325,3,1,8,16,30,0,46,0,13,23,0
tide,greedy,random,10325,4,1,6,6,30,0,24,0,9,24,0
tide,greedy,random,10326,0,1,2,26,30,0,0,0,3,20,0
tide,greedy,random,10326,1,1,3,23,30,0,7,0,5,21,0
tide,greedy,random,10326,2,1,4,14,30,0,0,0,6,22,0
tide,greedy,random,10326,3,1,8,17,30,0,45,0,13,23,0
tide,greedy,random,10326,4,1,6,2,30,0,22,0,9,24,0
tide,greedy,random,10327,0,1,2,26,30,0,0,0,3,20,0
tide,greedy,random,10327,1,1,3,23,30,0,2,0,5,21,0
tide,greedy,random,10327,2,1,4,21,30,0,7,0,7,22,0
tide,greedy,random,10327,3,1,6,11,30,0,19,0,11,23,0
tide,greedy,random,10327,4,1,7,3,30,0,32,0,11,24,0
tide,greedy,random,10328,0,1,2,26,30,0,0,0,3,20,0
tide,greedy,random,10328,1,1,3,16,30,0,0,0,4,21,0
tide,greedy,random,10328,2,1,4,23,30,0,9,0,7,22,0
tide,greedy,random,10328,3,1,7,16,30,0,36,0,12,23,0
tide,greedy,random,10328,4,1,7,7,30,0,36,0,12,24,0
tide,greedy,random,10329,0,1,2,30,30,0,0,0,3,20,0
tide,greedy,random,10329,1,1,3,23,30,0,7,0,5,21,0
tide,greedy,random,10329,2,1,5,19,30,0,13,0,8,22,0
tide,greedy,random,10329,3,1,7,17,30,0,35,0,13,23,0
tide,greedy,random,10329,4,1,7,13,30,0,37,0,12,24,0
tide,greedy,random,10330,0,1,2,26,30,0,0,0,3,20,0
tide,greedy,random,10330,1,1,3,16,30,0,0,0,5,21,0
tide,greedy,random,10330,2,1,4,14,30,0,0,0,7,22,0
tide,greedy,random,10330,3,1,7,14,30,0,32,0,12,23,0
tide,greedy,random,10330,4,1,11,11,30,0,86,0,19,24,0
tide,greedy,random,10331,0,1,3,30,30,0,4,0,4,20,0
tide,greedy,random,10331,1,1,3,16,30,0,0,0,4,21,0
tide,greedy,random,10331,2,1,5,14,30,0,8,0,8,22,0
tide,greedy,random,10331,3,1,8,16,30,0,46,0,15,23,0
tide,greedy,random,10331,4,1,9,20,30,0,65,0,17,24,0
tide,greedy,random,10332,0,1,2,26,30,0,0,0,3,20,0
tide,greedy,random,10332,1,1,3,21,30,0,5,0,5,21,0
tide,greedy,random,10332,2,1,4,14,30,0,0,0,6,22,0
tide,greedy,random,10332,3,1,6,8,30,0,22,0,10,23,0
tide,greedy,random,10332,4,1,10,14,30,0,72,0,17,24,0
tide,greedy,random,10333,0,1,2,30,30,0,0,0,3,20,0
tide,greedy,random,10333,1,1,2,23,30,0,0,0,4,21,0
tide,greedy,random,10333,2,1,4,14,30,0,0,0,6,22,0
tide,greedy,random,10333,3,1,5,4,30,0,10,0,9,23,0
tide,greedy,random,10333,4,1,12,10,30,0,96,0,21,24,0
tide,greedy,random,10334,0,1,3,26,30,0,0,0,4,20,0
tide,greedy,random,10334,1,1,3,23,30,0,7,0,5,21,0
tide,greedy,random,10334,2,1,5,14,30,0,8,0,9,22,0
tide,greedy,random,10334,3,1,6,17,30,0,25,0,10,23,0
tide,greedy,random,10334,4,1,7,6,30,0,31,0,12,24,0
tide,greedy,random,10335,0,1,4,26,30,0,4,0,5,20,0
tide,greedy,random,10335,1,1,3,16,30,0,0,0,4,21,0
tide,greedy,random,10335,2,1,4,22,30,0,8,0,6,22,0
tide,greedy,random,10335,3,1,8,18,30,0,48,0,15,23,0
tide,greedy,random,10335,4,1,10,12,30,0,71,0,16,24,0
tide,greedy,random,10336,0,1,3,30,30,0,4,0,4,20,0
tide,greedy,random,10336,1,1,3,23,30,0,7,0,5,21,0
tide,greedy,random,10336,2,1,4,14,30,0,0,0,6,22,0
tide,greedy,random,10336,3,1,5,16,30,0,16,0,9,23,0
tide,greedy,random,10336,4,1,8,8,30,0,49,0,12,24,0
tide,greedy,random,10337,0,1,2,26,30,0,0,0,3,20,0
tide,greedy,random,10337,1,1,3,16,30,0,0,0,4,21,0
tide,greedy,random,10337,2,1,5,11,30,0,5,0,8,22,0
tide,greedy,random,10337,3,1,7,13,30,0,31,0,12,23,0
tide,greedy,random,10337,4,1,8,8,30,0,49,0,14,24,0
tide,greedy,random,10338,0,1,2,30,30,0,0,0,3,20,0
tide,greedy,random,10338,1,1,2,23,30,0,0,0,4,21,0
tide,greedy,random,10338,2,1,4,22,30,0,8,0,7,22,0
tide,greedy,random,10338,3,1,6,20,30,0,32,0,11,23,0
tide,greedy,random,10338,4,1,14,16,30,0,123,0,26,24,0
tide,greedy,random,10339,0,1,2,26,30,0,0,0,3,20,0
tide,greedy,random,10339,1,1,3,16,30,0,0,0,4,21,0
tide,greedy,random,10339,2,1,5,21,30,0,15,0,8,22,0
tide,greedy,random,10339,3,1,6,8,30,0,22,0,11,23,0
tide,greedy,random,10339,4,1,8,2,30,0,40,0,13,24,0
tide,greedy,random,10340,0,1,2,26,30,0,0,0,3,20,0
tide,greedy,random,10340,1,1,3,16,30,0,0,0,4,21,0
tide,greedy,random,10340,2,1,5,14,30,0,8,0,7,22,0
tide,greedy,random,10340,3,1,5,7,30,0,9,0,8,23,0
tide,greedy,random,10340,4,1,10,16,30,0,66,0,18,24,0
tide,greedy,random,10341,0,1,2,26,30,0,0,0,3,20,0
tide,greedy,random,10341,1,1,4,23,30,0,14,0,6,21,0
tide,greedy,random,10341,2,1,4,19,30,0,5,0,7,22,0
tide,greedy,random,10341,3,1,7,19,30,0,37,0,13,23,0
tide,greedy,random,10341,4,1,9,4,30,0,56,0,15,24,0
tide,greedy,random,10342,0,1,2,26,30,0,0,0,3,20,0
tide,greedy,random,10342,1,1,2,23,30,0,0,0,3,21,0
tide,greedy,random,10342,2,1,3,22,30,0,0,0,6,22,0
tide,greedy,random,10342,3,1,6,11,30,0,27,0,11,23,0
tide,greedy,random,10342,4,1,8,4,30,0,44,0,14,24,0
tide,greedy,random,10343,0,1,2,26,30,0,0,0,3,20,0
tide,greedy,random,10343,1,1,2,23,30,0,0,0,4,21,0
tide,greedy,random,10343,2,1,3,22,30,0,0,0,5,22,0
tide,greedy,random,10343,3,1,5,11,30,0,15,0,8,23,0
tide,greedy,random,10343,4,1,9,5,30,0,60,0,16,24,0
tide,greedy,random,10344,0,1,2,26,30,0,0,0,3,20,0
tide,greedy,random,10344,1,1,3,21,30,0,5,0,5,21,0
tide,greedy,random,10344,2,1,4,14,30,0,0,0,6,22,0
tide,greedy,random,10344,3,1,6,14,30,0,22,0,10,23,0
tide,greedy,random,10344,4,1,9,9,30,0,65,0,15,24,0
tide,greedy,random,10345,0,1,2,30,30,0,0,0,3,20,0
tide,greedy,random,10345,1,1,3,23,30,0,7,0,5,21,0
tide,greedy,random,10345,2,1,4,14,30,0,0,0,7,22,0
tide,greedy,random,10345,3,1,6,9,30,0,23,0,11,23,0
tide,greedy,random,10345,4,1,11,16,30,0,86,0,19,24,0
tide,greedy,random,10346,0,1,3,26,30,0,0,0,4,20,0
tide,greedy,random,10346,1,1,3,16,30,0,0,0,4,21,0
tide,greedy,random,10346,2,1,4,14,30,0,0,0,7,22,0
tide,greedy,random,10346,3,1,7,24,30,0,42,0,14,23,0
tide,greedy,random,10346,4,1,7,10,30,0,36,0,11,24,0
tide,greedy,random,10347,0,1,2,26,30,0,0,0,3,20,0
tide,greedy,random,10347,1,1,3,16,30,0,0,0,4,21,0
tide,greedy,random,10347,2,1,4,14,30,0,0,0,6,22,0
tide,greedy,random,10347,3,1,8,13,30,0,47,0,14,23,0
tide,greedy,random,10347,4,1,11,16,30,0,82,0,20,24,0
tide,greedy,random,10348,0,1,2,26,30,0,0,0,3,20,0
tide,greedy,random,10348,1,1,3,16,30,0,0,0,4,21,0
tide,greedy,random,10348,2,1,4,22,30,0,8,0,8,22,0
tide,greedy,random,10348,3,1,8,14,30,0,44,0,15,23,0
tide,greedy,random,10348,4,1,7,11,30,0,35,0,12,24,0
tide,greedy,random,10349,0,1,3,30,30,0,4,0,4,20,0
tide,greedy,random,10349,1,1,2,23,30,0,0,0,3,21,0
tide,greedy,random,10349,2,1,4,21,30,0,7,0,7,22,0
tide,greedy,random,10349,3,1,7,16,30,0,32,0,12,23,0
tide,greedy,random,10349,4,1,8,9,30,0,51,0,13,24,0
tide,greedy,random,10350,0,1,2,26,30,0,0,0,3,20,0
tide,greedy,random,10350,1,1,3,23,30,0,7,0,5,21,0
tide,greedy,random,10350,2,1,5,14,30,0,8,0,8,22,0
tide,greedy,random,10350,3,1,8,12,30,0,46,0,15,23,0
tide,greedy,random,10350,4,1,11,7,30,0,83,0,19,24,0
tide,greedy,random,10351,0,1,2,26,30,0,0,0,3,20,0
tide,greedy,random,10351,1,1,3,23,30,0,7,0,4,21,0
tide,greedy,random,10351,2,1,4,21,30,0,7,0,7,22,0
tide,greedy,random,10351,3,1,5,7,30,0,9,0,9,23,0
tide,greedy,random,10351,4,0,4,0,30,0,14,0,7,24,0
tide,greedy,random,10352,0,1,3,30,30,0,4,0,4,20,0
tide,greedy,random,10352,1,1,2,23,30,0,0,0,4,21,0
tide,greedy,random,10352,2,1,5,21,30,0,15,0,8,22,0
tide,greedy,random,10352,3,1,7,16,30,0,34,0,12,23,0
tide,greedy,random,10352,4,1,12,19,30,0,104,0,21,24,0
tide,greedy,random,10353,0,1,3,26,30,0,0,0,4,20,0
tide,greedy,random,10353,1,1,3,16,30,0,0,0,4,21,0
tide,greedy,random,10353,2,1,4,19,30,0,5,0,7,22,0
tide,greedy,random,10353,3,1,7,20,30,0,40,0,13,23,0
tide,greedy,random,10353,4,1,6,6,30,0,30,0,10,24,0
tide,greedy,random,10354,0,1,3,30,30,0,4,0,4,20,0
tide,greedy,random,10354,1,1,2,23,30,0,0,0,4,21,0
tide,greedy,random,10354,2,1,5,21,30,0,15,0,8,22,0
tide,greedy,random,10354,3,1,7,17,30,0,35,0,12,23,0
tide,greedy,random,10354,4,1,9,6,30,0,55,0,15,24,0
tide,greedy,random,10355,0,1,3,22,30,0,0,0,4,20,0
tide,greedy,random,10355,1,1,2,23,30,0,0,0,4,21,0
tide,greedy,random,10355,2,1,4,14,30,0,0,0,6,22,0
tide,greedy,random,10355,3,1,7,20,30,0,34,0,12,23,0
tide,greedy,random,10355,4,1,12,9,30,0,91,0,21,24,0
tide,greedy,random,10356,0,1,2,26,30,0,0,0,3,20,0
tide,greedy,random,10356,1,1,2,24,30,0,0,0,3,21,0
tide,greedy,random,10356,2,1,4,19,30,0,5,0,7,22,0
tide,greedy,random,10356,3,1,7,14,30,0,30,0,12,23,0
tide,greedy,random,10356,4,0,6,0,30,0,23,0,10,24,0
tide,greedy,random,10357,0,1,2,26,30,0,0,0,3,20,0
tide,greedy,random,10357,1,1,3,16,30,0,0,0,4,21,0
tide,greedy,random,10357,2,1,5,15,30,0,9,0,8,22,0
tide,greedy,random,10357,3,1,7,16,30,0,34,0,12,23,0
tide,greedy,random,10357,4,1,7,19,30,0,39,0,12,24,0
tide,greedy,random,10358,0,1,2,30,30,0,0,0,3,20,0
tide,greedy,random,10358,1,1,3,16,30,0,0,0,4,21,0
tide,greedy,random,10358,2,1,4,15,30,0,0,0,7,22,0
tide,greedy,random,10358,3,1,6,12,30,0,26,0,10,23,0
tide,greedy,random,10358,4,1,10,4,30,0,65,0,19,24,0
tide,greedy,random,10359,0,1,2,26,30,0,0,0,3,20,0
tide,greedy,random,10359,1,1,3,16,30,0,0,0,4,21,0
tide,greedy,random,10359,2,1,4,22,30,0,8,0,6,22,0
tide,greedy,random,10359,3,1,6,10,30,0,22,0,10,23,0
tide,greedy,random,10359,4,0,5,0,30,0,26,0,8,24,0
tide,greedy,random,10360,0,1,2,28,30,0,0,0,3,20,0
tide,greedy,random,10360,1,1,3,16,30,0,0,0,4,21,0
tide,greedy,random,10360,2,1,5,14,30,0,8,0,9,22,0
tide,greedy,random,10360,3,1,5,22,30,0,18,0,9,23,0
tide,greedy,random,10360,4,1,12,8,30,0,97,0,22,24,0
tide,greedy,random,10361,0,1,2,26,30,0,0,0,3,20,0
tide,greedy,random,10361,1,1,3,16,30,0,0,0,4,21,0
tide,greedy,random,10361,2,1,5,21,30,0,15,0,9,22,0
tide,greedy,random,10361,3,1,8,10,30,0,36,0,14,23,0
tide,greedy,random,10361,4,1,9,1,30,0,56,0,15,24,0
tide,greedy,random,10362,0,1,3,30,30,0,4,0,4,20,0
tide,greedy,random,10362,1,1,3,23,30,0,7,0,5,21,0
tide,greedy,random,10362,2,1,4,15,30,0,0,0,7,22,0
tide,greedy,random,10362,3,1,8,15,30,0,47,0,15,23,0
tide,greedy,random,10362,4,0,5,0,30,0,8,0,8,24,0
tide,greedy,random,10363,0,1,2,30,30,0,0,0,3,20,0
tide,greedy,random,10363,1,1,3,23,30,0,7,0,5,21,0
tide,greedy,random,10363,2,1,5,21,30,0,15,0,8,22,0
tide,greedy,random,10363,3,1,6,9,30,0,23,0,11,23,0
tide,greedy,random,10363,4,1,10,7,30,0,73,0,18,24,0
tide,greedy,random,10364,0,1,2,26,30,0,0,0,3,20,0
tide,greedy,random,10364,1,1,2,23,30,0,0,0,4,21,0
tide,greedy,random,10364,2,1,4,19,30,0,5,0,7,22,0
tide,greedy,random,10364,3,1,5,10,30,0,14,0,9,23,0
tide,greedy,random,10364,4,1,9,10,30,0,59,0,16,24,0
tide,greedy,random,10365,0,1,3,26,30,0,0,0,4,20,0
tide,greedy,random,10365,1,1,2,23,30,0,0,0,4,21,0
tide,greedy,random,10365,2,1,4,22,30,0,8,0,6,22,0
tide,greedy,random,10365,3,1,7,18,30,0,36,0,12,23,0
tide,greedy,random,10365,4,1,10,8,30,0,67,0,18,24,0
tide,greedy,random,10366,0,1,2,26,30,0,0,0,3,20,0
tide,greedy,random,10366,1,1,3,16,30,0,0,0,4,21,0
tide,greedy,random,10366,2,1,5,14,30,0,8,0,8,22,0
tide,greedy,random,10366,3,1,8,14,30,0,48,0,15,23,0
tide,greedy,random,10366,4,1,11,21,30,0,90,0,20,24,0
tide,greedy,random,10367,0,1,2,26,30,0,0,0,3,20,0
tide,greedy,random,10367,1,1,3,16,30,0,0,0,4,21,0
tide,greedy,random,10367,2,1,5,20,30,0,14,0,9,22,0
tide,greedy,random,10367,3,1,8,13,30,0,45,0,14,23,0
tide,greedy,random,10367,4,1,12,15,30,0,99,0,23,24,0
tide,greedy,random,10368,0,1,2,26,30,0,0,0,3,20,0
tide,greedy,random,10368,1,1,2,24,30,0,0,0,4,21,0
tide,greedy,random,10368,2,1,5,14,30,0,8,0,8,22,0
tide,greedy,random,10368,3,1,5,10,30,0,10,0,8,23,0
tide,greedy,random,10368,4,1,9,9,30,0,58,0,15,24,0
tide,greedy,random,10369,0,1,2,30,30,0,0,0,3,20,0
tide,greedy,random,10369,1,1,3,16,30,0,0,0,4,21,0
tide,greedy,random,10369,2,1,5,14,30,0,8,0,8,22,0
tide,greedy,random,10369,3,1,6,10,30,0,26,0,11,23,0
tide,greedy,random,10369,4,1,10,7,30,0,66,0,17,24,0
tide,greedy,random,10370,0,1,2,26,30,0,0,0,3,20,0
tide,greedy,random,10370,1,1,3,23,30,0,7,0,5,21,0
tide,greedy,random,10370,2,1,4,14,30,0,0,0,6,22,0
tide,greedy,random,10370,3,1,6,16,30,0,28,0,10,23,0
tide,greedy,random,10370,4,1,10,2,30,0,67,0,17,24,0
tide,greedy,random,10371,0,1,3,26,30,0,0,0,4,20,0
tide,greedy,random,10371,1,1,3,21,30,0,5,0,5,21,0
tide,greedy,random,10371,2,1,4,14,30,0,0,0,6,22,0
tide,greedy,random,10371,3,1,6,5,30,0,19,0,11,23,0
tide,greedy,random,10371,4,1,10,16,30,0,77,0,16,24,0
tide,greedy,random,10372,0,1,2,26,30,0,0,0,3,20,0
tide,greedy,random,10372,1,1,2,28,30,0,0,0,3,21,0
tide,greedy,random,10372,2,1,5,14,30,0,8,0,7,22,0
tide,greedy,random,10372,3,1,7,18,30,0,38,0,12,23,0
tide,greedy,random,10372,4,1,10,12,30,0,71,0,17,24,0
tide,greedy,random,10373,0,1,2,30,30,0,0,0,3,20,0
tide,greedy,random,10373,1,1,3,23,30,0,7,0,5,21,0
tide,greedy,random,10373,2,1,4,22,30,0,8,0,7,22,0
tide,greedy,random,10373,3,1,6,17,30,0,29,0,11,23,0
tide,greedy,random,10373,4,1,11,16,30,0,89,0,21,24,0
tide,greedy,random,10374,0,1,3,30,30,0,4,0,4,20,0
tide,greedy,random,10374,1,1,3,23,30,0,7,0,5,21,0
tide,greedy,random,10374,2,1,4,14,30,0,0,0,6,22,0
tide,greedy,random,10374,3,1,7,20,30,0,38,0,13,23,0
tide,greedy,random,10374,4,1,9,15,30,0,67,0,16,24,0
tide,greedy,random,10375,0,1,2,26,30,0,0,0,3,20,0
tide,greedy,random,10375,1,1,3,16,30,0,0,0,4,21,0
tide,greedy,random,10375,2,1,4,21,30,0,7,0,7,22,0
tide,greedy,random,10375,3,1,6,18,30,0,28,0,10,23,0
tide,greedy,random,10375,4,1,8,2,30,0,45,0,13,24,0
tide,greedy,random,10376,0,1,2,26,30,0,0,0,3,20,0
tide,greedy,random,10376,1,1,3,16,30,0,0,0,4,21,0
tide,greedy,random,10376,2,1,4,21,30,0,7,0,7,22,0
tide,greedy,random,10376,3,1,8,11,30,0,41,0,14,23,0
tide,greedy,random,10376,4,1,11,15,30,0,87,0,20,24,0
tide,greedy,random,10377,0,1,2,26,30,0,0,0,3,20,0
tide,greedy,random,10377,1,1,3,23,30,0,7,0,5,21,0
tide,greedy,random,10377,2,1,4,19,30,0,5,0,6,22,0
tide,greedy,random,10377,3,1,4,14,30,0,0,0,7,23,0
tide,greedy,random,10377,4,1,14,15,30,0,123,0,26,24,0
tide,greedy,random,10378,0,1,3,26,30,0,0,0,4,20,0
tide,greedy,random,10378,1,1,3,16,30,0,0,0,4,21,0
tide,greedy,random,10378,2,1,5,21,30,0,15,0,9,22,0
tide,greedy,random,10378,3,1,8,7,30,0,39,0,13,23,0
tide,greedy,random,10378,4,1,9,7,30,0,57,0,17,24,0
tide,greedy,random,10379,0,1,3,30,30,0,4,0,4,20,0
tide,greedy,random,10379,1,1,3,21,30,0,5,0,5,21,0
tide,greedy,random,10379,2,1,5,18,30,0,12,0,9,22,0
tide,greedy,random,10379,3,1,7,13,30,0,33,0,13,23,0
tide,greedy,random,10379,4,0,8,0,30,0,47,0,13,24,0
tide,greedy,random,10380,0,1,2,26,30,0,0,0,3,20,0
tide,greedy,random,10380,1,1,3,16,30,0,0,0,4,21,0
tide,greedy,random,10380,2,1,4,19,30,0,5,0,7,22,0
tide,greedy,random,10380,3,1,6,16,30,0,28,0,11,23,0
tide,greedy,random,10380,4,1,9,7,30,0,59,0,15,24,0
tide,greedy,random,10381,0,1,2,26,30,0,0,0,3,20,0
tide,greedy,random,10381,1,1,2,23,30,0,0,0,4,21,0
tide,greedy,random,10381,2,1,3,22,30,0,0,0,5,22,0
tide,greedy,random,10381,3,1,7,20,30,0,36,0,12,23,0
tide,greedy,random,10381,4,1,10,4,30,0,69,0,18,24,0
tide,greedy,random,10382,0,1,2,30,30,0,0,0,3,20,0
tide,greedy,random,10382,1,1,2,23,30,0,0,0,4,21,0
tide,greedy,random,10382,2,1,5,21,30,0,15,0,8,22,0
tide,greedy,random,10382,3,1,8,12,30,0,44,0,15,23,0
tide,greedy,random,10382,4,1,10,14,30,0,73,0,18,24,0
tide,greedy,random,10383,0,1,3,30,30,0,4,0,4,20,0
tide,greedy,random,10383,1,1,4,21,30,0,12,0,6,21,0
tide,greedy,random,10383,2,1,4,15,30,0,0,0,6,22,0
tide,greedy,random,10383,3,1,5,8,30,0,8,0,8,23,0
tide,greedy,random,10383,4,1,8,13,30,0,53,0,13,24,0
tide,greedy,random,10384,0,1,3,30,30,0,4,0,4,20,0
tide,greedy,random,10384,1,1,3,16,30,0,0,0,4,21,0
tide,greedy,random,10384,2,1,4,21,30,0,7,0,7,22,0
tide,greedy,random,10384,3,1,5,10,30,0,16,0,8,23,0
tide,greedy,random,10384,4,1,15,3,30,0,122,0,28,24,0
tide,greedy,random,10385,0,1,2,30,30,0,0,0,3,20,0
tide,greedy,random,10385,1,1,3,17,30,0,0,0,4,21,0
tide,greedy,random,10385,2,1,5,13,30,0,7,0,8,22,0
tide,greedy,random,10385,3,1,6,16,30,0,26,0,10,23,0
tide,greedy,random,10385,4,1,6,5,30,0,23,0,9,24,0
tide,greedy,random,10386,0,1,2,30,30,0,0,0,3,20,0
tide,greedy,random,10386,1,1,3,23,30,0,7,0,5,21,0
tide,greedy,random,10386,2,1,5,21,30,0,15,0,8,22,0
tide,greedy,random,10386,3,1,7,15,30,0,33,0,13,23,0
tide,greedy,random,10386,4,1,8,14,30,0,51,0,16,24,0
tide,greedy,random,10387,0,1,2,28,30,0,0,0,3,20,0
tide,greedy,random,10387,1,1,2,23,30,0,0,0,4,21,0
tide,greedy,random,10387,2,1,5,22,30,0,16,0,9,22,0
tide,greedy,random,10387,3,1,6,15,30,0,27,0,10,23,0
tide,greedy,random,10387,4,1,9,6,30,0,55,0,16,24,0
tide,greedy,random,10388,0,1,3,30,30,0,4,0,4,20,0
tide,greedy,random,10388,1,1,3,16,30,0,0,0,5,21,0
tide,greedy,random,10388,2,1,4,14,30,0,0,0,7,22,0
tide,greedy,random,10388,3,1,7,16,30,0,38,0,13,23,0
tide,greedy,random,10388,4,0,5,0,30,0,19,0,8,24,0
tide,greedy,random,10389,0,1,2,26,30,0,0,0,3,20,0
tide,greedy,random,10389,1,1,3,23,30,0,7,0,5,21,0
tide,greedy,random,10389,2,1,5,19,30,0,13,0,9,22,0
tide,greedy,random,10389,3,1,5,8,30,0,10,0,8,23,0
tide,greedy,random,10389,4,0,7,0,30,0,48,0,13,24,0
tide,greedy,random,10390,0,1,2,26,30,0,0,0,3,20,0
tide,greedy,random,10390,1,1,3,23,30,0,7,0,5,21,0
tide,greedy,random,10390,2,1,5,14,30,0,8,0,8,22,0
tide,greedy,random,10390,3,1,8,9,30,0,39,0,15,23,0
tide,greedy,random,10390,4,1,12,15,30,0,97,0,22,24,0
tide,greedy,random,10391,0,1,3,30,30,0,4,0,4,20,0
tide,greedy,random,10391,1,1,3,16,30,0,0,0,4,21,0
tide,greedy,random,10391,2,1,4,14,30,0,0,0,6,22,0
tide,greedy,random,10391,3,1,6,11,30,0,21,0,11,23,0
tide,greedy,random,10391,4,1,12,19,30,0,102,0,21,24,0
tide,greedy,random,10392,0,1,2,30,30,0,0,0,3,20,0
tide,greedy,random,10392,1,1,3,23,30,0,7,0,5,21,0
tide,greedy,random,10392,2,1,5,18,30,0,12,0,9,22,0
tide,greedy,random,10392,3,1,8,12,30,0,46,0,14,23,0
tide,greedy,random,10392,4,1,12,13,30,0,102,0,22,24,0
tide,greedy,random,10393,0,1,3,30,30,0,4,0,4,20,0
tide,greedy,random,10393,1,1,3,16,30,0,0,0,5,21,0
tide,greedy,random,10393,2,1,4,21,30,0,7,0,7,22,0
tide,greedy,random,10393,3,1,5,15,30,0,17,0,9,23,0
tide,greedy,random,10393,4,1,8,3,30,0,42,0,14,24,0
tide,greedy,random,10394,0,1,3,26,30,0,0,0,4,20,0
tide,greedy,random,10394,1,1,2,23,30,0,0,0,4,21,0
tide,greedy,random,10394,2,1,6,13,30,0,15,0,10,22,0
tide,greedy,random,10394,3,1,7,21,30,0,41,0,12,23,0
tide,greedy,random,10394,4,1,7,7,30,0,33,0,11,24,0
tide,greedy,random,10395,0,1,2,30,30,0,0,0,3,20,0
tide,greedy,random,10395,1,1,3,16,30,0,0,0,4,21,0
tide,greedy,random,10395,2,1,5,11,30,0,5,0,8,22,0
tide,greedy,random,10395,3,1,7,25,30,0,41,0,13,23,0
tide,greedy,random,10395,4,1,7,5,30,0,32,0,12,24,0
tide,greedy,random,10396,0,1,2,28,30,0,0,0,3,20,0
tide,greedy,random,10396,1,1,2,23,30,0,0,0,3,21,0
tide,greedy,random,10396,2,1,4,14,30,0,0,0,6,22,0
tide,greedy,random,10396,3,1,6,11,30,0,23,0,11,23,0
tide,greedy,random,10396,4,0,4,0,30,0,5,0,6,24,0
tide,greedy,random,10397,0,1,2,30,30,0,0,0,3,20,0
tide,greedy,random,10397,1,1,2,23,30,0,0,0,4,21,0
tide,greedy,random,10397,2,1,5,14,30,0,8,0,8,22,0
tide,greedy,random,10397,3,1,8,14,30,0,42,0,15,23,0
tide,greedy,random,10397,4,1,10,12,30,0,68,0,16,24,0
tide,greedy,random,10398,0,1,2,26,30,0,0,0,3,20,0
tide,greedy,random,10398,1,1,2,23,30,0,0,0,4,21,0
tide,greedy,random,10398,2,1,5,19,30,0,13,0,9,22,0
tide,greedy,random,10398,3,1,8,12,30,0,44,0,15,23,0
tide,greedy,random,10398,4,1,6,4,30,0,18,0,10,24,0
tide,greedy,random,10399,0,1,2,26,30,0,0,0,3,20,0
tide,greedy,random,10399,1,1,4,16,30,0,7,0,5,21,0
tide,greedy,random,10399,2,1,4,19,30,0,5,0,7,22,0
tide,greedy,random,10399,3,1,8,18,30,0,50,0,15,23,0
tide,greedy,random,10399,4,0,4,0,30,0,14,0,7,24,0
tide,greedy,random,10400,0,1,2,26,30,0,0,0,3,20,0
tide,greedy,random,10400,1,1,3,16,30,0,0,0,4,21,0
tide,greedy,random,10400,2,1,4,14,30,0,0,0,6,22,0
tide,greedy,random,10400,3,1,7,20,30,0,40,0,12,23,0
tide,greedy,random,10400,4,0,8,0,30,0,52,0,14,24,0
tide,greedy,random,10401,0,1,3,30,30,0,4,0,4,20,0
tide,greedy,random,10401,1,1,3,21,30,0,5,0,5,21,0
tide,greedy,random,10401,2,1,4,14,30,0,0,0,6,22,0
tide,greedy,random,10401,3,1,6,9,30,0,23,0,10,23,0
tide,greedy,random,10401,4,1,10,5,30,0,72,0,17,24,0
tide,greedy,random,10402,0,1,2,26,30,0,0,0,3,20,0
tide,greedy,random,10402,1,1,3,23,30,0,7,0,5,21,0
tide,greedy,random,10402,2,1,5,14,30,0,8,0,8,22,0
tide,greedy,random,10402,3,1,7,15,30,0,33,0,12,23,0
tide,greedy,random,10402,4,1,10,19,30,0,77,0,20,24,0
tide,greedy,random,10403,0,1,2,30,30,0,0,0,3,20,0
tide,greedy,random,10403,1,1,3,16,30,0,0,0,4,21,0
tide,greedy,random,10403,2,1,5,14,30,0,8,0,8,22,0
tide,greedy,random,10403,3,1,8,20,30,0,50,0,14,23,0
tide,greedy,random,10403,4,1,8,12,30,0,47,0,12,24,0
tide,greedy,random,10404,0,1,2,26,30,0,0,0,3,20,0
tide,greedy,random,10404,1,1,2,23,30,0,0,0,4,21,0
tide,greedy,random,10404,2,1,4,15,30,0,0,0,7,22,0
tide,greedy,random,10404,3,1,8,10,30,0,42,0,15,23,0
tide,greedy,random,10404,4,1,9,11,30,0,63,0,15,24,0
tide,greedy,random,10405,0,1,2,26,30,0,0,0,3,20,0
tide,greedy,random,10405,1,1,3,16,30,0,0,0,4,21,0
tide,greedy,random,10405,2,1,4,14,30,0,0,0,7,22,0
tide,greedy,random,10405,3,1,6,7,30,0,17,0,10,23,0
tide,greedy,random,10405,4,1,8,12,30,0,55,0,13,24,0
tide,greedy,random,10406,0,1,2,26,30,0,0,0,3,20,0
tide,greedy,random,10406,1,1,3,23,30,0,7,0,5,21,0
tide,greedy,random,10406,2,1,5,14,30,0,8,0,8,22,0
tide,greedy,random,10406,3,1,5,16,30,0,16,0,8,23,0
tide,greedy,random,10406,4,1,9,12,30,0,63,0,15,24,0
tide,greedy,random,10407,0,1,2,26,30,0,0,0,3,20,0
tide,greedy,random,10407,1,1,3,16,30,0,0,0,4,21,0
tide,greedy,random,10407,2,1,4,14,30,0,0,0,6,22,0
tide,greedy,random,10407,3,1,7,15,30,0,35,0,12,23,0
tide,greedy,random,10407,4,1,9,3,30,0,52,0,16,24,0
tide,greedy,random,10408,0,1,3,30,30,0,4,0,4,20,0
tide,greedy,random,10408,1,1,3,16,30,0,0,0,5,21,0
tide,greedy,random,10408,2,1,5,14,30,0,8,0,9,22,0
tide,greedy,random,10408,3,1,8,17,30,0,45,0,14,23,0
tide,greedy,random,10408,4,1,9,7,30,0,56,0,16,24,0
tide,greedy,random,10409,0,1,2,26,30,0,0,0,3,20,0
tide,greedy,random,10409,1,1,4,23,30,0,14,0,6,21,0
tide,greedy,random,10409,2,1,4,22,30,0,8,0,7,22,0
tide,greedy,random,10409,3,1,6,9,30,0,23,0,10,23,0
tide,greedy,random,10409,4,1,6,11,30,0,26,0,9,24,0
tide,greedy,random,10410,0,1,3,30,30,0,2,0,4,20,0
tide,greedy,random,10410,1,1,3,16,30,0,0,0,4,21,0
tide,greedy,random,10410,2,1,4,14,30,0,0,0,6,22,0
tide,greedy,random,10410,3,1,7,18,30,0,40,0,12,23,0
tide,greedy,random,10410,4,1,11,12,30,0,83,0,20,24,0
tide,greedy,random,10411,0,1,2,26,30,0,0,0,3,20,0
tide,greedy,random,10411,1,1,3,23,30,0,7,0,4,21,0
tide,greedy,random,10411,2,1,5,18,30,0,12,0,8,22,0
tide,greedy,random,10411,3,1,6,12,30,0,26,0,10,23,0
tide,greedy,random,10411,4,1,10,6,30,0,71,0,19,24,0
tide,greedy,random,10412,0,1,2,26,30,0,0,0,3,20,0
tide,greedy,random,10412,1,1,3,16,30,0,0,0,4,21,0
tide,greedy,random,10412,2,1,4,14,30,0,0,0,6,22,0
tide,greedy,random,10412,3,1,7,23,30,0,43,0,13,23,0
tide,greedy,random,10412,4,1,10,6,30,0,64,0,18,24,0
tide,greedy,random,10413,0,1,2,26,30,0,0,0,3,20,0
tide,greedy,random,10413,1,1,2,23,30,0,0,0,4,21,0
tide,greedy,random,10413,2,1,4,14,30,0,0,0,7,22,0
tide,greedy,random,10413,3,1,6,20,30,0,32,0,12,23,0
tide,greedy,random,10413,4,1,10,2,30,0,65,0,18,24,0
tide,greedy,random,10414,0,1,3,26,30,0,0,0,4,20,0
tide,greedy,random,10414,1,1,3,21,30,0,5,0,5,21,0
tide,greedy,random,10414,2,1,5,21,30,0,15,0,9,22,0
tide,greedy,random,10414,3,1,7,20,30,0,38,0,12,23,0
tide,greedy,random,10414,4,1,9,7,30,0,58,0,16,24,0
tide,greedy,random,10415,0,1,2,30,30,0,0,0,3,20,0
tide,greedy,random,10415,1,1,2,23,30,0,0,0,3,21,0
tide,greedy,random,10415,2,1,4,21,30,0,7,0,7,22,0
tide,greedy,random,10415,3,1,7,21,30,0,43,0,12,23,0
tide,greedy,random,10415,4,1,8,11,30,0,51,0,14,24,0
tide,greedy,random,10416,0,1,3,30,30,0,4,0,4,20,0
tide,greedy,random,10416,1,1,2,23,30,0,0,0,4,21,0
tide,greedy,random,10416,2,1,5,14,30,0,8,0,9,22,0
tide,greedy,random,10416,3,1,6,11,30,0,23,0,11,23,0
tide,greedy,random,10416,4,1,12,2,30,0,91,0,22,24,0
tide,greedy,random,10417,0,1,2,26,30,0,0,0,3,20,0
tide,greedy,random,10417,1,1,3,23,30,0,7,0,5,21,0
tide,greedy,random,10417,2,1,5,21,30,0,15,0,8,22,0
tide,greedy,random,10417,3,1,5,12,30,0,12,0,9,23,0
tide,greedy,random,10417,4,1,7,8,30,0,34,0,11,24,0
tide,greedy,random,10418,0,1,2,30,30,0,0,0,3,20,0
tide,greedy,random,10418,1,1,2,23,30,0,0,0,4,21,0
tide,greedy,random,10418,2,1,4,14,30,0,0,0,7,22,0
tide,greedy,random,10418,3,1,7,21,30,0,39,0,11,23,0
tide,greedy,random,10418,4,1,10,2,30,0,68,0,18,24,0
tide,greedy,random,10419,0,1,3,26,30,0,0,0,4,20,0
tide,greedy,random,10419,1,1,3,23,30,0,7,0,5,21,0
tide,greedy,random,10419,2,1,5,21,30,0,15,0,8,22,0
tide,greedy,random,10419,3,1,6,9,30,0,23,0,11,23,0
tide,greedy,random,10419,4,1,10,11,30,0,71,0,17,24,0
tide,greedy,random,10420,0,1,3,30,30,0,4,0,4,20,0
tide,greedy,random,10420,1,1,3,16,30,0,0,0,4,21,0
tide,greedy,random,10420,2,1,4,22,30,0,8,0,6,22,0
tide,greedy,random,10420,3,1,7,14,30,0,34,0,13,23,0
tide,greedy,random,10420,4,1,12,12,30,0,100,0,21,24,0
tide,greedy,random,10421,0,1,2,30,30,0,0,0,3,20,0
tide,greedy,random,10421,1,1,3,21,30,0,5,0,5,21,0
tide,greedy,random,10421,2,1,4,14,30,0,0,0,6,22,0
tide,greedy,random,10421,3,1,6,8,30,0,16,0,10,23,0
tide,greedy,random,10421,4,1,7,17,30,0,39,0,12,24,0
tide,greedy,random,10422,0,1,2,30,30,0,0,0,3,20,0
tide,greedy,random,10422,1,1,2,23,30,0,0,0,4,21,0
tide,greedy,random,10422,2,1,4,14,30,0,0,0,6,22,0
tide,greedy,random,10422,3,1,5,9,30,0,9,0,8,23,0
tide,greedy,random,10422,4,1,9,2,30,0,58,0,15,24,0
tide,greedy,random,10423,0,1,3,30,30,0,4,0,4,20,0
tide,greedy,random,10423,1,1,3,16,30,0,0,0,4,21,0
tide,greedy,random,10423,2,1,4,14,30,0,0,0,6,22,0
tide,greedy,random,10423,3,1,6,17,30,0,29,0,10,23,0
tide,greedy,random,10423,4,1,11,16,30,0,87,0,18,24,0
tide,greedy,random,10424,0,1,2,26,30,0,0,0,3,20,0
tide,greedy,random,10424,1,1,3,16,30,0,0,0,4,21,0
tide,greedy,random,10424,2,1,5,19,30,0,13,0,8,22,0
tide,greedy,random,10424,3,1,5,7,30,0,9,0,9,23,0
tide,greedy,random,10424,4,1,6,16,30,0,28,0,10,24,0
tide,greedy,random,10425,0,1,3,28,30,0,2,0,4,20,0
tide,greedy,random,10425,1,1,3,23,30,0,7,0,5,21,0
tide,greedy,random,10425,2,1,4,21,30,0,7,0,7,22,0
tide,greedy,random,10425,3,1,5,19,30,0,21,0,10,23,0
tide,greedy,random,10425,4,1,8,10,30,0,50,0,15,24,0
tide,greedy,random,10426,0,1,2,26,30,0,0,0,3,20,0
tide,greedy,random,10426,1,1,2,23,30,0,0,0,4,21,0
tide,greedy,random,10426,2,1,4,14,30,0,0,0,6,22,0
tide,greedy,random,10426,3,1,5,8,30,0,12,0,8,23,0
tide,greedy,random,10426,4,1,9,21,30,0,66,0,18,24,0
tide,greedy,random,10427,0,1,2,30,30,0,0,0,3,20,0
tide,greedy,random,10427,1,1,3,23,30,0,7,0,5,21,0
tide,greedy,random,10427,2,1,5,14,30,0,8,0,8,22,0
tide,greedy,random,10427,3,1,6,10,30,0,24,0,10,23,0
tide,greedy,random,10427,4,1,10,13,30,0,72,0,19,24,0
tide,greedy,random,10428,0,1,2,30,30,0,0,0,3,20,0
tide,greedy,random,10428,1,1,3,23,30,0,7,0,5,21,0
tide,greedy,random,10428,2,1,4,14,30,0,0,0,6,22,0
tide,greedy,random,10428,3,1,6,11,30,0,23,0,10,23,0
tide,greedy,random,10428,4,1,11,16,30,0,84,0,18,24,0
tide,greedy,random,10429,0,1,2,30,30,0,0,0,3,20,0
tide,greedy,random,10429,1,1,2,23,30,0,0,0,4,21,0
tide,greedy,random,10429,2,1,5,16,30,0,10,0,9,22,0
tide,greedy,random,10429,3,1,6,9,30,0,21,0,10,23,0
tide,greedy,random,10429,4,1,11,7,30,0,81,0,19,24,0
tide,greedy,random,10430,0,1,2,30,30,0,0,0,3,20,0
tide,greedy,random,10430,1,1,2,23,30,0,0,0,3,21,0
tide,greedy,random,10430,2,1,4,22,30,0,8,0,7,22,0
tide,greedy,random,10430,3,1,6,12,30,0,26,0,10,23,0
tide,greedy,random,10430,4,0,4,0,30,0,0,0,6,24,0
tide,greedy,random,10431,0,1,3,30,30,0,4,0,4,20,0
tide,greedy,random,10431,1,1,3,16,30,0,0,0,4,21,0
tide,greedy,random,10431,2,1,4,21,30,0,7,0,7,22,0
tide,greedy,random,10431,3,1,6,8,30,0,22,0,10,23,0
tide,greedy,random,10431,4,1,8,6,30,0,47,0,14,24,0
tide,greedy,random,10432,0,1,3,26,30,0,0,0,4,20,0
tide,greedy,random,10432,1,1,3,16,30,0,0,0,4,21,0
tide,greedy,random,10432,2,1,4,14,30,0,0,0,6,22,0
tide,greedy,random,10432,3,1,8,13,30,0,41,0,14,23,0
tide,greedy,random,10432,4,1,8,14,30,0,50,0,16,24,0
tide,greedy,random,10433,0,1,2,26,30,0,0,0,3,20,0
tide,greedy,random,10433,1,1,3,23,30,0,7,0,4,21,0
tide,greedy,random,10433,2,1,5,19,30,0,13,0,9,22,0
tide,greedy,random,10433,3,1,7,13,30,0,33,0,12,23,0
tide,greedy,random,10433,4,1,10,18,30,0,76,0,18,24,0
tide,greedy,random,10434,0,1,3,26,30,0,0,0,4,20,0
tide,greedy,random,10434,1,1,3,16,30,0,0,0,4,21,0
tide,greedy,random,10434,2,1,4,15,30,0,0,0,7,22,0
tide,greedy,random,10434,3,1,7,14,30,0,34,0,12,23,0
tide,greedy,random,10434,4,1,10,2,30,0,68,0,18,24,0
tide,greedy,random,10435,0,1,2,26,30,0,0,0,3,20,0
tide,greedy,random,10435,1,1,3,21,30,0,5,0,5,21,0
tide,greedy,random,10435,2,1,4,21,30,0,7,0,7,22,0
tide,greedy,random,10435,3,1,7,17,30,0,33,0,12,23,0
tide,greedy,random,10435,4,1,7,12,30,0,33,0,12,24,0
tide,greedy,random,10436,0,1,3,26,30,0,0,0,4,20,0
tide,greedy,random,10436,1,1,3,16,30,0,0,0,4,21,0
tide,greedy,random,10436,2,1,4,14,30,0,0,0,7,22,0
tide,greedy,random,10436,3,1,6,14,30,0,28,0,11,23,0
tide,greedy,random,10436,4,1,14,8,30,0,121,0,26,24,0
tide,greedy,random,10437,0,1,3,28,30,0,0,0,4,20,0
tide,greedy,random,10437,1,1,2,23,30,0,0,0,3,21,0
tide,greedy,random,10437,2,1,4,14,30,0,0,0,6,22,0
tide,greedy,random,10437,3,1,5,12,30,0,10,0,8,23,0
tide,greedy,random,10437,4,1,11,23,30,0,92,0,20,24,0
tide,greedy,random,10438,0,1,3,30,30,0,4,0,4,20,0
tide,greedy,random,10438,1,1,3,23,30,0,7,0,5,21,0
tide,greedy,random,10438,2,1,5,14,30,0,8,0,8,22,0
tide,greedy,random,10438,3,1,7,20,30,0,38,0,13,23,0
tide,greedy,random,10438,4,0,8,0,30,0,49,0,15,24,0
tide,greedy,random,10439,0,1,3,30,30,0,4,0,4,20,0
tide,greedy,random,10439,1,1,3,16,30,0,0,0,4,21,0
tide,greedy,random,10439,2,1,4,22,30,0,8,0,8,22,0
tide,greedy,random,10439,3,1,8,16,30,0,48,0,14,23,0
tide,greedy,random,10439,4,1,8,7,30,0,44,0,14,24,0
tide,greedy,random,10440,0,1,2,26,30,0,0,0,3,20,0
tide,greedy,random,10440,1,1,3,16,30,0,0,0,4,21,0
tide,greedy,random,10440,2,1,5,14,30,0,8,0,8,22,0
tide,greedy,random,10440,3,1,5,10,30,0,10,0,9,23,0
tide,greedy,random,10440,4,1,7,7,30,0,32,0,11,24,0
tide,greedy,random,10441,0,1,2,26,30,0,0,0,3,20,0
tide,greedy,random,10441,1,1,3,16,30,0,0,0,4,21,0
tide,greedy,random,10441,2,1,5,11,30,0,5,0,8,22,0
tide,greedy,random,10441,3,1,7,20,30,0,36,0,12,23,0
tide,greedy,random,10441,4,0,5,0,30,0,17,0,9,24,0
tide,greedy,random,10442,0,1,3,26,30,0,0,0,4,20,0
tide,greedy,random,10442,1,1,3,23,30,0,2,0,5,21,0
tide,greedy,random,10442,2,1,4,14,30,0,0,0,6,22,0
tide,greedy,random,10442,3,1,6,10,30,0,22,0,11,23,0
tide,greedy,random,10442,4,1,6,4,30,0,21,0,10,24,0
tide,greedy,random,10443,0,1,2,30,30,0,0,0,3,20,0
tide,greedy,random,10443,1,1,3,16,30,0,0,0,4,21,0
tide,greedy,random,10443,2,1,5,22,30,0,16,0,9,22,0
tide,greedy,random,10443,3,1,6,8,30,0,20,0,10,23,0
tide,greedy,random,10443,4,1,11,14,30,0,89,0,18,24,0
tide,greedy,random,10444,0,1,2,30,30,0,0,0,3,20,0
tide,greedy,random,10444,1,1,3,23,30,0,2,0,5,21,0
tide,greedy,random,10444,2,1,5,20,30,0,14,0,9,22,0
tide,greedy,random,10444,3,1,7,14,30,0,34,0,12,23,0
tide,greedy,random,10444,4,1,13,16,30,0,111,0,23,24,0
tide,greedy,random,10445,0,1,2,26,30,0,0,0,3,20,0
tide,greedy,random,10445,1,1,3,16,30,0,0,0,5,21,0
tide,greedy,random,10445,2,1,4,19,30,0,5,0,7,22,0
tide,greedy,random,10445,3,1,8,13,30,0,43,0,14,23,0
tide,greedy,random,10445,4,1,9,10,30,0,57,0,15,24,0
tide,greedy,random,10446,0,1,2,28,30,0,0,0,3,20,0
tide,greedy,random,10446,1,1,3,23,30,0,7,0,5,21,0
tide,greedy,random,10446,2,1,4,22,30,0,8,0,8,22,0
tide,greedy,random,10446,3,1,8,12,30,0,40,0,14,23,0
tide,greedy,random,10446,4,1,10,19,30,0,80,0,17,24,0
tide,greedy,random,10447,0,1,3,26,30,0,0,0,4,20,0
tide,greedy,random,10447,1,1,3,23,30,0,7,0,4,21,0
tide,greedy,random,10447,2,1,5,21,30,0,15,0,9,22,0
tide,greedy,random,10447,3,1,5,20,30,0,16,0,9,23,0
tide,greedy,random,10447,4,1,11,12,30,0,87,0,19,24,0
tide,greedy,random,10448,0,1,3,30,30,0,4,0,4,20,0
tide,greedy,random,10448,1,1,3,16,30,0,0,0,4,21,0
tide,greedy,random,10448,2,1,5,14,30,0,8,0,7,22,0
tide,greedy,random,10448,3,1,6,7,30,0,17,0,10,23,0
tide,greedy,random,10448,4,1,9,4,30,0,54,0,15,24,0
tide,greedy,random,10449,0,1,3,30,30,0,4,0,4,20,0
tide,greedy,random,10449,1,1,3,23,30,0,7,0,5,21,0
tide,greedy,random,10449,2,1,5,22,30,0,16,0,8,22,0
tide,greedy,random,10449,3,1,6,13,30,0,25,0,11,23,0
tide,greedy,random,10449,4,0,7,0,30,0,42,0,14,24,0
tide,greedy,random,10450,0,1,2,26,30,0,0,0,3,20,0
tide,greedy,random,10450,1,1,2,23,30,0,0,0,3,21,0
tide,greedy,random,10450,2,1,4,22,30,0,8,0,7,22,0
tide,greedy,random,10450,3,1,5,9,30,0,9,0,8,23,0
tide,greedy,random,10450,4,1,12,19,30,0,101,0,21,24,0
tide,greedy,random,10451,0,1,2,28,30,0,0,0,3,20,0
tide,greedy,random,10451,1,1,2,23,30,0,0,0,4,21,0
tide,greedy,random,10451,2,1,5,14,30,0,8,0,8,22,0
tide,greedy,random,10451,3,1,7,22,30,0,38,0,13,23,0
tide,greedy,random,10451,4,1,9,7,30,0,56,0,16,24,0
tide,greedy,random,10452,0,1,2,26,30,0,0,0,3,20,0
tide,greedy,random,10452,1,1,3,23,30,0,7,0,5,21,0
tide,greedy,random,10452,2,1,4,22,30,0,8,0,8,22,0
tide,greedy,random,10452,3,1,5,17,30,0,19,0,8,23,0
tide,greedy,random,10452,4,1,7,4,30,0,32,0,11,24,0
tide,greedy,random,10453,0,1,3,30,30,0,4,0,4,20,0
tide,greedy,random,10453,1,1,3,16,30,0,0,0,5,21,0
tide,greedy,random,10453,2,1,4,21,30,0,7,0,7,22,0
tide,greedy,random,10453,3,1,8,15,30,0,41,0,14,23,0
tide,greedy,random,10453,4,1,7,19,30,0,38,0,12,24,0
tide,greedy,random,10454,0,1,3,30,30,0,4,0,4,20,0
tide,greedy,random,10454,1,1,3,16,30,0,0,0,5,21,0
tide,greedy,random,10454,2,1,5,14,30,0,8,0,8,22,0
tide,greedy,random,10454,3,1,7,19,30,0,35,0,12,23,0
tide,greedy,random,10454,4,1,6,4,30,0,21,0,9,24,0
tide,greedy,random,10455,0,1,3,30,30,0,4,0,4,20,0
tide,greedy,random,10455,1,1,3,16,30,0,0,0,4,21,0
tide,greedy,random,10455,2,1,4,21,30,0,7,0,7,22,0
tide,greedy,random,10455,3,1,5,20,30,0,16,0,9,23,0
tide,greedy,random,10455,4,0,9,0,30,0,67,0,16,24,0
tide,greedy,random,10456,0,1,3,30,30,0,4,0,4,20,0
tide,greedy,random,10456,1,1,3,16,30,0,0,0,4,21,0
tide,greedy,random,10456,2,1,5,20,30,0,14,0,8,22,0
tide,greedy,random,10456,3,1,7,19,30,0,33,0,13,23,0
tide,greedy,random,10456,4,1,12,11,30,0,98,0,21,24,0
tide,greedy,random,10457,0,1,3,30,30,0,4,0,4,20,0
tide,greedy,random,10457,1,1,3,21,30,0,0,0,4,21,0
tide,greedy,random,10457,2,1,5,22,30,0,16,0,9,22,0
tide,greedy,random,10457,3,1,7,16,30,0,36,0,12,23,0
tide,greedy,random,10457,4,1,7,12,30,0,35,0,11,24,0
tide,greedy,random,10458,0,1,3,26,30,0,0,0,4,20,0
tide,greedy,random,10458,1,1,4,23,30,0,14,0,6,21,0
tide,greedy,random,10458,2,1,4,22,30,0,8,0,6,22,0
tide,greedy,random,10458,3,1,7,24,30,0,38,0,14,23,0
tide,greedy,random,10458,4,1,10,17,30,0,76,0,17,24,0
tide,greedy,random,10459,0,1,2,26,30,0,0,0,3,20,0
tide,greedy,random,10459,1,1,2,23,30,0,0,0,4,21,0
tide,greedy,random,10459,2,1,4,21,30,0,7,0,7,22,0
tide,greedy,random,10459,3,1,5,17,30,0,19,0,8,23,0
tide,greedy,random,10459,4,1,8,15,30,0,49,0,13,24,0
tide,greedy,random,10460,0,1,2,26,30,0,0,0,3,20,0
tide,greedy,random,10460,1,1,3,23,30,0,7,0,5,21,0
tide,greedy,random,10460,2,1,5,13,30,0,7,0,8,22,0
tide,greedy,random,10460,3,1,7,13,30,0,33,0,12,23,0
tide,greedy,random,10460,4,1,7,3,30,0,42,0,11,24,0
tide,greedy,random,10461,0,1,2,30,30,0,0,0,3,20,0
tide,greedy,random,10461,1,1,3,16,30,0,0,0,4,21,0
tide,greedy,random,10461,2,1,5,18,30,0,12,0,8,22,0
tide,greedy,random,10461,3,1,7,16,30,0,34,0,13,23,0
tide,greedy,random,10461,4,1,7,5,30,0,31,0,12,24,0
tide,greedy,random,10462,0,1,3,30,30,0,4,0,4,20,0
tide,greedy,random,10462,1,1,3,23,30,0,7,0,5,21,0
tide,greedy,random,10462,2,1,4,14,30,0,0,0,6,22,0
tide,greedy,random,10462,3,1,6,13,30,0,25,0,10,23,0
tide,greedy,random,10462,4,0,6,0,30,0,29,0,11,24,0
tide,greedy,random,10463,0,1,2,26,30,0,0,0,3,20,0
tide,greedy,random,10463,1,1,3,16,30,0,0,0,4,21,0
tide,greedy,random,10463,2,1,4,14,30,0,0,0,6,22,0
tide,greedy,random,10463,3,1,6,15,30,0,25,0,10,23,0
tide,greedy,random,10463,4,1,9,5,30,0,56,0,15,24,0
tide,greedy,random,10464,0,1,2,26,30,0,0,0,3,20,0
tide,greedy,random,10464,1,1,3,24,30,0,7,0,5,21,0
tide,greedy,random,10464,2,1,5,19,30,0,12,0,9,22,0
tide,greedy,random,10464,3,1,7,14,30,0,36,0,13,23,0
tide,greedy,random,10464,4,1,13,10,30,0,109,0,24,24,0
tide,greedy,random,10465,0,1,2,26,30,0,0,0,3,20,0
tide,greedy,random,10465,1,1,3,16,30,0,0,0,4,21,0
tide,greedy,random,10465,2,1,5,22,30,0,16,0,8,22,0
tide,greedy,random,10465,3,1,8,14,30,0,46,0,14,23,0
tide,greedy,random,10465,4,1,9,7,30,0,62,0,15,24,0
tide,greedy,random,10466,0,1,2,30,30,0,0,0,3,20,0
tide,greedy,random,10466,1,1,3,23,30,0,7,0,5,21,0
tide,greedy,random,10466,2,1,4,19,30,0,5,0,7,22,0
tide,greedy,random,10466,3,1,7,19,30,0,37,0,12,23,0
tide,greedy,random,10466,4,0,8,0,30,0,51,0,14,24,0
tide,greedy,random,10467,0,1,2,30,30,0,0,0,3,20,0
tide,greedy,random,10467,1,1,3,23,30,0,7,0,5,21,0
tide,greedy,random,10467,2,1,5,13,30,0,7,0,8,22,0
tide,greedy,random,10467,3,1,6,15,30,0,23,0,11,23,0
tide,greedy,random,10467,4,0,3,0,30,0,0,0,4,24,0
tide,greedy,random,10468,0,1,3,30,30,0,4,0,4,20,0
tide,greedy,random,10468,1,1,3,16,30,0,0,0,4,21,0
tide,greedy,random,10468,2,1,5,14,30,0,8,0,8,22,0
tide,greedy,random,10468,3,1,6,15,30,0,29,0,10,23,0
tide,greedy,random,10468,4,1,9,2,30,0,53,0,15,24,0
tide,greedy,random,10469,0,1,3,26,30,0,0,0,4,20,0
tide,greedy,random,10469,1,1,2,23,30,0,0,0,3,21,0
tide,greedy,random,10469,2,1,5,19,30,0,13,0,9,22,0
tide,greedy,random,10469,3,1,7,22,30,0,40,0,12,23,0
tide,greedy,random,10469,4,1,7,12,30,0,34,0,11,24,0
tide,greedy,random,10470,0,1,2,30,30,0,0,0,3,20,0
tide,greedy,random,10470,1,1,3,16,30,0,0,0,4,21,0
tide,greedy,random,10470,2,1,4,19,30,0,5,0,7,22,0
tide,greedy,random,10470,3,1,5,19,30,0,15,0,9,23,0
tide,greedy,random,10470,4,1,7,19,30,0,41,0,12,24,0
tide,greedy,random,10471,0,1,2,30,30,0,0,0,3,20,0
tide,greedy,random,10471,1,1,3,23,30,0,7,0,5,21,0
tide,greedy,random,10471,2,1,4,22,30,0,8,0,7,22,0
tide,greedy,random,10471,3,1,7,13,30,0,27,0,13,23,0
tide,greedy,random,10471,4,1,9,7,30,0,55,0,17,24,0
tide,greedy,random,10472,0,1,3,26,30,0,4,0,4,20,0
tide,greedy,random,10472,1,1,3,16,30,0,0,0,4,21,0
tide,greedy,random,10472,2,1,4,14,30,0,0,0,6,22,0
tide,greedy,random,10472,3,1,8,18,30,0,48,0,15,23,0
tide,greedy,random,10472,4,1,12,20,30,0,102,0,22,24,0
tide,greedy,random,10473,0,1,2,26,30,0,0,0,3,20,0
tide,greedy,random,10473,1,1,3,21,30,0,5,0,5,21,0
tide,greedy,random,10473,2,1,4,14,30,0,0,0,6,22,0
tide,greedy,random,10473,3,1,8,14,30,0,44,0,14,23,0
tide,greedy,random,10473,4,1,11,15,30,0,87,0,20,24,0
tide,greedy,random,10474,0,1,2,26,30,0,0,0,3,20,0
tide,greedy,random,10474,1,1,3,21,30,0,0,0,4,21,0
tide,greedy,random,10474,2,1,4,21,30,0,7,0,7,22,0
tide,greedy,random,10474,3,1,6,11,30,0,23,0,10,23,0
tide,greedy,random,10474,4,1,11,11,30,0,84,0,20,24,0
tide,greedy,random,10475,0,1,2,26,30,0,0,0,3,20,0
tide,greedy,random,10475,1,1,3,23,30,0,7,0,5,21,0
tide,greedy,random,10475,2,1,5,15,30,0,9,0,8,22,0
tide,greedy,random,10475,3,1,8,15,30,0,45,0,15,23,0
tide,greedy,random,10475,4,1,7,6,30,0,34,0,11,24,0
tide,greedy,random,10476,0,1,2,26,30,0,0,0,3,20,0
tide,greedy,random,10476,1,1,3,21,30,0,0,0,4,21,0
tide,greedy,random,10476,2,1,5,18,30,0,12,0,9,22,0
tide,greedy,random,10476,3,1,6,12,30,0,24,0,10,23,0
tide,greedy,random,10476,4,1,7,11,30,0,42,0,12,24,0
tide,greedy,random,10477,0,1,3,30,30,0,4,0,4,20,0
tide,greedy,random,10477,1,1,3,23,30,0,7,0,5,21,0
tide,greedy,random,10477,2,1,4,14,30,0,0,0,7,22,0
tide,greedy,random,10477,3,1,5,10,30,0,16,0,8,23,0
tide,greedy,random,10477,4,0,5,0,30,0,19,0,9,24,0
tide,greedy,random,10478,0,1,3,26,30,0,0,0,4,20,0
tide,greedy,random,10478,1,1,3,16,30,0,0,0,4,21,0
tide,greedy,random,10478,2,1,4,22,30,0,8,0,7,22,0
tide,greedy,random,10478,3,1,6,10,30,0,22,0,11,23,0
tide,greedy,random,10478,4,1,10,9,30,0,68,0,18,24,0
tide,greedy,random,10479,0,1,3,30,30,0,4,0,4,20,0
tide,greedy,random,10479,1,1,3,16,30,0,0,0,4,21,0
tide,greedy,random,10479,2,1,4,21,30,0,7,0,7,22,0
tide,greedy,random,10479,3,1,8,11,30,0,41,0,14,23,0
tide,greedy,random,10479,4,1,11,4,30,0,81,0,21,24,0
tide,greedy,random,10480,0,1,2,30,30,0,0,0,3,20,0
tide,greedy,random,10480,1,1,3,16,30,0,0,0,4,21,0
tide,greedy,random,10480,2,1,4,14,30,0,0,0,6,22,0
tide,greedy,random,10480,3,1,6,11,30,0,23,0,10,23,0
tide,greedy,random,10480,4,0,5,0,30,0,15,0,9,24,0
tide,greedy,random,10481,0,1,2,26,30,0,0,0,3,20,0
tide,greedy,random,10481,1,1,3,23,30,0,7,0,5,21,0
tide,greedy,random,10481,2,1,5,16,30,0,10,0,8,22,0
tide,greedy,random,10481,3,1,6,12,30,0,24,0,11,23,0
tide,greedy,random,10481,4,1,9,3,30,0,55,0,17,24,0
tide,greedy,random,10482,0,1,3,30,30,0,4,0,4,20,0
tide,greedy,random,10482,1,1,2,23,30,0,0,0,4,21,0
tide,greedy,random,10482,2,1,5,21,30,0,15,0,8,22,0
tide,greedy,random,10482,3,1,7,21,30,0,43,0,13,23,0
tide,greedy,random,10482,4,1,10,11,30,0,68,0,16,24,0
tide,greedy,random,10483,0,1,3,30,30,0,4,0,4,20,0
tide,greedy,random,10483,1,1,2,23,30,0,0,0,4,21,0
tide,greedy,random,10483,2,1,4,14,30,0,0,0,6,22,0
tide,greedy,random,10483,3,1,6,16,30,0,26,0,11,23,0
tide,greedy,random,10483,4,1,7,3,30,0,31,0,11,24,0
tide,greedy,random,10484,0,1,2,26,30,0,0,0,3,20,0
tide,greedy,random,10484,1,1,3,16,30,0,0,0,4,21,0
tide,greedy,random,10484,2,1,4,22,30,0,8,0,8,22,0
tide,greedy,random,10484,3,1,5,9,30,0,7,0,9,23,0
tide,greedy,random,10484,4,1,8,6,30,0,50,0,13,24,0
tide,greedy,random,10485,0,1,2,26,30,0,0,0,3,20,0
tide,greedy,random,10485,1,1,2,28,30,0,0,0,4,21,0
tide,greedy,random,10485,2,1,4,15,30,0,0,0,7,22,0
tide,greedy,random,10485,3,1,7,19,30,0,35,0,12,23,0
tide,greedy,random,10485,4,1,8,3,30,0,38,0,13,24,0
tide,greedy,random,10486,0,1,2,26,30,0,0,0,3,20,0
tide,greedy,random,10486,1,1,3,16,30,0,0,0,4,21,0
tide,greedy,random,10486,2,1,5,22,30,0,16,0,9,22,0
tide,greedy,random,10486,3,1,5,8,30,0,8,0,8,23,0
tide,greedy,random,10486,4,1,7,8,30,0,33,0,11,24,0
tide,greedy,random,10487,0,1,2,30,30,0,0,0,3,20,0
tide,greedy,random,10487,1,1,3,21,30,0,5,0,5,21,0
tide,greedy,random,10487,2,1,4,19,30,0,5,0,8,22,0
tide,greedy,random,10487,3,1,8,12,30,0,46,0,14,23,0
tide,greedy,random,10487,4,1,8,11,30,0,55,0,14,24,0
tide,greedy,random,10488,0,1,2,30,30,0,0,0,3,20,0
tide,greedy,random,10488,1,1,3,16,30,0,0,0,4,21,0
tide,greedy,random,10488,2,1,4,19,30,0,5,0,7,22,0
tide,greedy,random,10488,3,1,7,24,30,0,40,0,14,23,0
tide,greedy,random,10488,4,1,12,2,30,0,91,0,21,24,0
tide,greedy,random,10489,0,1,3,30,30,0,4,0,4,20,0
tide,greedy,random,10489,1,1,2,23,30,0,0,0,4,21,0
tide,greedy,random,10489,2,1,4,14,30,0,0,0,6,22,0
tide,greedy,random,10489,3,1,8,8,30,0,38,0,14,23,0
tide,greedy,random,10489,4,0,5,0,30,0,21,0,9,24,0
tide,greedy,random,10490,0,1,2,30,30,0,0,0,3,20,0
tide,greedy,random,10490,1,1,3,17,30,0,0,0,4,21,0
tide,greedy,random,10490,2,1,4,22,30,0,7,0,8,22,0
tide,greedy,random,10490,3,1,7,19,30,0,39,0,14,23,0
tide,greedy,random,10490,4,1,7,8,30,0,33,0,10,24,0
tide,greedy,random,10491,0,1,3,26,30,0,0,0,4,20,0
tide,greedy,random,10491,1,1,3,16,30,0,0,0,4,21,0
tide,greedy,random,10491,2,1,4,21,30,0,7,0,8,22,0
tide,greedy,random,10491,3,1,5,7,30,0,9,0,8,23,0
tide,greedy,random,10491,4,1,7,10,30,0,37,0,10,24,0
tide,greedy,random,10492,0,1,2,26,30,0,0,0,3,20,0
tide,greedy,random,10492,1,1,2,23,30,0,0,0,4,21,0
tide,greedy,random,10492,2,1,4,15,30,0,0,0,6,22,0
tide,greedy,random,10492,3,1,7,22,30,0,38,0,13,23,0
tide,greedy,random,10492,4,1,7,5,30,0,29,0,12,24,0
tide,greedy,random,10493,0,1,2,26,30,0,0,0,3,20,0
tide,greedy,random,10493,1,1,3,16,30,0,0,0,4,21,0
tide,greedy,random,10493,2,1,4,29,30,0,15,0,7,22,0
tide,greedy,random,10493,3,1,7,14,30,0,34,0,12,23,0
tide,greedy,random,10493,4,1,8,8,30,0,50,0,13,24,0
tide,greedy,random,10494,0,1,3,30,30,0,4,0,4,20,0
tide,greedy,random,10494,1,1,2,23,30,0,0,0,3,21,0
tide,greedy,random,10494,2,1,6,14,30,0,16,0,10,22,0
tide,greedy,random,10494,3,1,7,24,30,0,44,0,13,23,0
tide,greedy,random,10494,4,0,8,0,30,0,52,0,14,24,0
tide,greedy,random,10495,0,1,2,26,30,0,0,0,3,20,0
tide,greedy,random,10495,1,1,3,23,30,0,7,0,5,21,0
tide,greedy,random,10495,2,1,5,22,30,0,16,0,8,22,0
tide,greedy,random,10495,3,1,8,14,30,0,44,0,15,23,0
tide,greedy,random,10495,4,1,10,6,30,0,62,0,17,24,0
tide,greedy,random,10496,0,1,2,26,30,0,0,0,3,20,0
tide,greedy,random,10496,1,1,3,16,30,0,0,0,4,21,0
tide,greedy,random,10496,2,1,4,14,30,0,0,0,7,22,0
tide,greedy,random,10496,3,1,7,17,30,0,37,0,12,23,0
tide,greedy,random,10496,4,1,10,14,30,0,74,0,18,24,0
tide,greedy,random,10497,0,1,2,30,30,0,0,0,3,20,0
tide,greedy,random,10497,1,1,3,16,30,0,0,0,4,21,0
tide,greedy,random,10497,2,1,5,19,30,0,13,0,8,22,0
tide,greedy,random,10497,3,1,6,8,30,0,16,0,10,23,0
tide,greedy,random,10497,4,1,9,2,30,0,51,0,15,24,0
tide,greedy,random,10498,0,1,3,30,30,0,4,0,4,20,0
tide,greedy,random,10498,1,1,2,23,30,0,0,0,4,21,0
tide,greedy,random,10498,2,1,5,21,30,0,15,0,9,22,0
tide,greedy,random,10498,3,1,6,10,30,0,26,0,10,23,0
tide,greedy,random,10498,4,1,11,19,30,0,88,0,19,24,0
tide,greedy,random,10499,0,1,2,26,30,0,0,0,3,20,0
tide,greedy,random,10499,1,1,3,16,30,0,0,0,4,21,0
tide,greedy,random,10499,2,1,5,13,30,0,7,0,8,22,0
tide,greedy,random,10499,3,1,5,15,30,0,13,0,8,23,0
tide,greedy,random,10499,4,1,10,11,30,0,66,0,17,24,0
tide,random,skip,10000,0,1,3,26,30,0,0,6,5,20,0
tide,random,skip,10000,1,1,3,16,30,0,0,0,4,20,0
tide,random,skip,10000,2,1,9,18,30,0,44,8,17,20,0
tide,random,skip,10000,3,0,7,0,30,0,32,3,12,20,0
tide,random,skip,10000,4,0,8,0,30,0,45,3,15,20,0
tide,random,skip,10001,0,1,2,30,30,0,0,3,4,20,0
tide,random,skip,10001,1,1,4,13,30,0,4,4,7,20,0
tide,random,skip,10001,2,0,7,0,30,0,16,6,11,20,0
tide,random,skip,10001,3,0,4,0,30,0,4,4,8,20,0
tide,random,skip,10001,4,1,8,1,30,0,39,4,14,20,0
tide,random,skip,10002,0,1,3,26,30,0,4,3,5,20,0
tide,random,skip,10002,1,1,5,23,30,0,21,0,9,20,0
tide,random,skip,10002,2,1,6,6,30,0,8,7,11,20,0
tide,random,skip,10002,3,1,13,5,30,0,81,12,23,20,0
tide,random,skip,10002,4,0,6,0,30,0,16,11,12,20,0
tide,random,skip,10003,0,1,7,26,30,0,16,11,12,20,0
tide,random,skip,10003,1,1,4,23,30,0,14,6,8,20,0
tide,random,skip,10003,2,1,7,12,30,0,22,4,13,20,0
tide,random,skip,10003,3,1,8,10,30,0,38,3,16,20,0
tide,random,skip,10003,4,0,5,0,30,0,13,4,9,20,0
tide,random,skip,10004,0,1,3,26,30,0,0,3,5,20,0
tide,random,skip,10004,1,1,4,14,30,0,5,5,7,20,0
tide,random,skip,10004,2,1,14,22,30,0,88,10,26,20,0
tide,random,skip,10004,3,0,8,0,30,0,37,13,15,20,0
tide,random,skip,10004,4,0,5,0,30,0,18,4,9,20,0
tide,random,skip,10005,0,1,2,30,30,0,0,3,4,20,0
tide,random,skip,10005,1,1,4,17,30,0,8,3,7,20,0
tide,random,skip,10005,2,0,8,0,30,0,20,3,13,20,0
tide,random,skip,10005,3,0,5,0,30,0,0,12,10,20,0
tide,random,skip,10005,4,0,6,0,30,0,27,0,11,20,0
tide,random,skip,10006,0,1,5,26,30,0,8,7,8,20,0
tide,random,skip,10006,1,1,6,17,30,0,21,13,12,20,0
tide,random,skip,10006,2,1,6,27,30,0,29,0,12,20,0
tide,random,skip,10006,3,0,13,0,30,0,81,17,25,20,0
tide,random,skip,10006,4,0,4,0,30,0,5,4,7,20,0
tide,random,skip,10007,0,1,5,22,30,0,4,16,10,20,0
tide,random,skip,10007,1,1,4,18,30,0,9,0,7,20,0
tide,random,skip,10007,2,1,7,14,30,0,24,10,14,20,0
tide,random,skip,10007,3,0,8,0,30,0,30,6,16,20,0
tide,random,skip,10007,4,0,4,0,30,0,11,3,7,20,0
tide,random,skip,10008,0,1,3,30,30,0,4,3,6,20,0
tide,random,skip,10008,1,1,4,9,30,0,0,4,6,20,0
tide,random,skip,10008,2,1,8,9,30,0,27,11,14,20,0
tide,random,skip,10008,3,1,11,18,30,0,76,10,22,20,0
tide,random,skip,10008,4,0,6,0,30,0,26,8,12,20,0
tide,random,skip,10009,0,1,3,30,30,0,4,0,5,20,0
tide,random,skip,10009,1,1,4,18,30,0,9,3,8,20,0
tide,random,skip,10009,2,1,9,10,30,0,36,7,18,20,0
tide,random,skip,10009,3,0,4,0,30,0,4,0,6,20,0
tide,random,skip,10009,4,0,7,0,30,0,37,0,13,20,0
tide,random,skip,10010,0,1,4,26,30,0,4,4,6,20,0
tide,random,skip,10010,1,1,4,21,30,0,12,0,7,20,0
tide,random,skip,10010,2,1,8,16,30,0,34,4,16,20,0
tide,random,skip,10010,3,0,7,0,30,0,30,9,13,20,0
tide,random,skip,10010,4,0,5,0,30,0,16,17,10,20,0
tide,random,skip,10011,0,1,2,30,30,0,0,0,3,20,0
tide,random,skip,10011,1,1,4,13,30,0,4,3,7,20,0
tide,random,skip,10011,2,0,4,0,30,0,0,3,6,20,0
tide,random,skip,10011,3,0,5,0,30,0,18,12,9,20,0
tide,random,skip,10011,4,0,5,0,30,0,20,12,10,20,0
tide,random,skip,10012,0,1,3,26,30,0,0,4,5,20,0
tide,random,skip,10012,1,1,5,10,30,0,8,13,9,20,0
tide,random,skip,10012,2,0,6,0,30,0,8,9,11,20,0
tide,random,skip,10012,3,0,8,0,30,0,40,13,15,20,0
tide,random,skip,10012,4,0,4,0,30,0,4,0,6,20,0
tide,random,skip,10013,0,1,4,30,30,0,8,7,8,20,0
tide,random,skip,10013,1,1,6,22,30,0,27,0,11,20,0
tide,random,skip,10013,2,1,9,3,30,0,29,3,14,20,0
tide,random,skip,10013,3,0,7,0,30,0,30,11,13,20,0
tide,random,skip,10013,4,0,7,0,30,0,43,6,13,20,0
tide,random,skip,10014,0,1,4,30,30,0,6,4,7,20,0
tide,random,skip,10014,1,1,5,22,30,0,20,3,10,20,0
tide,random,skip,10014,2,1,11,2,30,0,44,7,20,20,0
tide,random,skip,10014,3,0,5,0,30,0,0,0,8,20,0
tide,random,skip,10014,4,0,3,0,30,0,4,0,5,20,0
tide,random,skip,10015,0,1,3,30,30,0,4,3,5,20,0
tide,random,skip,10015,1,1,5,9,30,0,7,0,6,20,0
tide,random,skip,10015,2,1,8,7,30,0,25,3,13,20,0
tide,random,skip,10015,3,0,5,0,30,0,4,7,10,20,0
tide,random,skip,10015,4,0,3,0,30,0,0,9,5,20,0
tide,random,skip,10016,0,1,3,30,30,0,2,4,6,20,0
tide,random,skip,10016,1,1,4,16,30,0,7,0,7,20,0
tide,random,skip,10016,2,1,11,14,30,0,56,10,19,20,0
tide,random,skip,10016,3,0,6,0,30,0,19,9,12,20,0
tide,random,skip,10016,4,0,3,0,30,0,0,4,5,20,0
tide,random,skip,10017,0,1,3,26,30,0,2,8,6,20,0
tide,random,skip,10017,1,1,4,13,30,0,4,0,6,20,0
tide,random,skip,10017,2,1,7,22,30,0,32,0,12,20,0
tide,random,skip,10017,3,0,6,0,30,0,17,7,11,20,0
tide,random,skip,10017,4,0,5,0,30,0,18,0,7,20,0
tide,random,skip,10018,0,1,3,30,30,0,4,4,6,20,0
tide,random,skip,10018,1,1,5,17,30,0,15,0,9,20,0
tide,random,skip,10018,2,1,10,10,30,0,44,8,17,20,0
tide,random,skip,10018,3,0,8,0,30,0,36,7,14,20,0
tide,random,skip,10018,4,0,5,0,30,0,19,7,9,20,0
tide,random,skip,10019,0,1,4,26,30,0,4,7,7,20,0
tide,random,skip,10019,1,1,5,13,30,0,11,0,8,20,0
tide,random,skip,10019,2,1,10,18,30,0,52,4,18,20,0
tide,random,skip,10019,3,0,5,0,30,0,9,0,8,20,0
tide,random,skip,10019,4,0,7,0,30,0,38,4,14,20,0
tide,random,skip,10020,0,1,3,30,30,0,4,4,6,20,0
tide,random,skip,10020,1,1,4,28,30,0,19,0,8,20,0
tide,random,skip,10020,2,1,6,6,30,0,8,8,10,20,0
tide,random,skip,10020,3,0,4,0,30,0,0,0,6,20,0
tide,random,skip,10020,4,0,6,0,30,0,28,5,12,20,0
tide,random,skip,10021,0,1,3,30,30,0,4,4,6,20,0
tide,random,skip,10021,1,1,4,28,30,0,19,3,8,20,0
tide,random,skip,10021,2,1,6,20,30,0,22,0,11,20,0
tide,random,skip,10021,3,0,8,0,30,0,35,0,14,20,0
tide,random,skip,10021,4,0,4,0,30,0,0,3,6,20,0
tide,random,skip,10022,0,1,4,22,30,0,0,17,8,20,0
tide,random,skip,10022,1,1,4,17,30,0,8,3,7,20,0
tide,random,skip,10022,2,1,7,13,30,0,23,7,13,20,0
tide,random,skip,10022,3,1,8,4,30,0,34,13,16,20,0
tide,random,skip,10022,4,0,3,0,30,0,0,15,6,20,0
tide,random,skip,10023,0,1,4,26,30,0,4,7,7,20,0
tide,random,skip,10023,1,1,3,16,30,0,0,3,5,20,0
tide,random,skip,10023,2,1,9,17,30,0,43,7,18,20,0
tide,random,skip,10023,3,0,10,0,30,0,49,13,19,20,0
tide,random,skip,10023,4,0,6,0,30,0,22,0,10,20,0
tide,random,skip,10024,0,1,4,23,30,0,5,4,6,20,0
tide,random,skip,10024,1,1,4,9,30,0,0,3,6,20,0
tide,random,skip,10024,2,1,8,17,30,0,35,0,14,20,0
tide,random,skip,10024,3,0,8,0,30,0,40,10,15,20,0
tide,random,skip,10024,4,0,4,0,30,0,13,0,7,20,0
tide,random,skip,10025,0,1,3,26,30,0,0,0,5,20,0
tide,random,skip,10025,1,1,6,23,30,0,28,0,11,20,0
tide,random,skip,10025,2,1,8,9,30,0,27,13,15,20,0
tide,random,skip,10025,3,0,7,0,30,0,27,21,14,20,0
tide,random,skip,10025,4,0,4,0,30,0,7,0,7,20,0
tide,random,skip,10026,0,1,3,22,30,0,0,0,4,20,0
tide,random,skip,10026,1,1,4,13,30,0,4,5,6,20,0
tide,random,skip,10026,2,0,6,0,30,0,7,15,11,20,0
tide,random,skip,10026,3,0,8,0,30,0,28,7,13,20,0
tide,random,skip,10026,4,0,4,0,30,0,5,5,8,20,0
tide,random,skip,10027,0,1,4,30,30,0,8,0,6,20,0
tide,random,skip,10027,1,1,5,20,30,0,18,9,9,20,0
tide,random,skip,10027,2,1,6,20,30,0,22,0,11,20,0
tide,random,skip,10027,3,0,6,0,30,0,16,6,10,20,0
tide,random,skip,10027,4,0,6,0,30,0,22,5,10,20,0
tide,random,skip,10028,0,1,3,30,30,0,4,0,5,20,0
tide,random,skip,10028,1,1,4,18,30,0,9,0,7,20,0
tide,random,skip,10028,2,1,7,23,30,0,33,3,14,20,0
tide,random,skip,10028,3,1,12,15,30,0,87,4,22,20,0
tide,random,skip,10028,4,0,8,0,30,0,47,0,16,20,0
tide,random,skip,10029,0,1,3,30,30,0,4,3,5,20,0
tide,random,skip,10029,1,1,5,16,30,0,14,0,7,20,0
tide,random,skip,10029,2,1,8,21,30,0,39,6,15,20,0
tide,random,skip,10029,3,1,13,1,30,0,81,4,24,20,0
tide,random,skip,10029,4,0,5,0,30,0,20,3,9,20,0
tide,random,skip,10030,0,1,3,30,30,0,4,6,6,20,0
tide,random,skip,10030,1,1,7,20,30,0,32,10,14,20,0
tide,random,skip,10030,2,1,5,10,30,0,4,4,9,20,0
tide,random,skip,10030,3,1,7,6,30,0,24,10,13,20,0
tide,random,skip,10030,4,0,8,0,30,0,45,5,15,20,0
tide,random,skip,10031,0,1,3,26,30,0,0,4,6,20,0
tide,random,skip,10031,1,1,6,23,30,0,28,8,11,20,0
tide,random,skip,10031,2,1,6,20,30,0,22,3,11,20,0
tide,random,skip,10031,3,0,5,0,30,0,4,9,9,20,0
tide,random,skip,10031,4,0,5,0,30,0,15,5,8,20,0
tide,random,skip,10032,0,1,6,22,30,0,8,6,9,20,0
tide,random,skip,10032,1,1,4,10,30,0,0,0,5,20,0
tide,random,skip,10032,2,0,5,0,30,0,5,9,8,20,0
tide,random,skip,10032,3,0,6,0,30,0,20,8,11,20,0
tide,random,skip,10032,4,0,6,0,30,0,26,10,12,20,0
tide,random,skip,10033,0,1,3,30,30,0,4,0,4,20,0
tide,random,skip,10033,1,1,4,17,30,0,8,6,8,20,0
tide,random,skip,10033,2,1,8,18,30,0,36,8,15,20,0
tide,random,skip,10033,3,0,4,0,30,0,0,10,7,20,0
tide,random,skip,10033,4,0,4,0,30,0,5,7,6,20,0
tide,random,skip,10034,0,1,3,22,30,0,0,0,5,20,0
tide,random,skip,10034,1,1,5,16,30,0,14,4,8,20,0
tide,random,skip,10034,2,1,6,10,30,0,12,0,10,20,0
tide,random,skip,10034,3,1,7,9,30,0,23,3,14,20,0
tide,random,skip,10034,4,0,4,0,30,0,11,9,7,20,0
tide,random,skip,10035,0,1,2,26,30,0,0,3,4,20,0
tide,random,skip,10035,1,1,6,15,30,0,20,3,10,20,0
tide,random,skip,10035,2,1,8,10,30,0,28,0,15,20,0
tide,random,skip,10035,3,0,8,0,30,0,33,17,16,20,0
tide,random,skip,10035,4,0,8,0,30,0,40,11,16,20,0
tide,random,skip,10036,0,1,3,30,30,0,4,0,5,20,0
tide,random,skip,10036,1,1,4,14,30,0,5,7,8,20,0
tide,random,skip,10036,2,1,7,27,30,0,37,6,14,20,0
tide,random,skip,10036,3,0,5,0,30,0,14,11,9,20,0
tide,random,skip,10036,4,0,6,0,30,0,27,8,11,20,0
tide,random,skip,10037,0,1,4,30,30,0,8,4,7,20,0
tide,random,skip,10037,1,1,7,15,30,0,27,11,13,20,0
tide,random,skip,10037,2,1,9,29,30,0,55,6,18,20,0
tide,random,skip,10037,3,0,9,0,30,0,38,10,16,20,0
tide,random,skip,10037,4,0,6,0,30,0,19,0,9,20,0
tide,random,skip,10038,0,1,4,26,30,0,4,9,8,20,0
tide,random,skip,10038,1,1,6,18,30,0,23,7,11,20,0
tide,random,skip,10038,2,1,8,16,30,0,34,7,14,20,0
tide,random,skip,10038,3,0,8,0,30,0,40,8,16,20,0
tide,random,skip,10038,4,0,5,0,30,0,20,7,10,20,0
tide,random,skip,10039,0,1,4,26,30,0,4,5,6,20,0
tide,random,skip,10039,1,1,4,21,30,0,12,0,7,20,0
tide,random,skip,10039,2,1,11,2,30,0,44,10,19,20,0
tide,random,skip,10039,3,1,8,3,30,0,27,8,16,20,0
tide,random,skip,10039,4,0,5,0,30,0,21,5,9,20,0
tide,random,skip,10040,0,1,4,26,30,0,4,4,7,20,0
tide,random,skip,10040,1,1,5,20,30,0,18,0,8,20,0
tide,random,skip,10040,2,1,8,5,30,0,23,7,14,20,0
tide,random,skip,10040,3,1,9,4,30,0,46,14,18,20,0
tide,random,skip,10040,4,0,6,0,30,0,27,3,12,20,0
tide,random,skip,10041,0,1,3,28,30,0,0,6,5,20,0
tide,random,skip,10041,1,1,4,23,30,0,14,3,7,20,0
tide,random,skip,10041,2,1,7,8,30,0,18,3,13,20,0
tide,random,skip,10041,3,0,5,0,30,0,12,5,9,20,0
tide,random,skip,10041,4,0,5,0,30,0,10,7,10,20,0
tide,random,skip,10042,0,1,4,26,30,0,4,3,6,20,0
tide,random,skip,10042,1,1,7,10,30,0,22,9,12,20,0
tide,random,skip,10042,2,1,9,6,30,0,32,11,18,20,0
tide,random,skip,10042,3,0,5,0,30,0,12,7,7,20,0
tide,random,skip,10042,4,0,3,0,30,0,4,4,5,20,0
tide,random,skip,10043,0,1,3,30,30,0,4,0,5,20,0
tide,random,skip,10043,1,1,3,16,30,0,0,4,5,20,0
tide,random,skip,10043,2,1,9,9,30,0,35,11,17,20,0
tide,random,skip,10043,3,0,8,0,30,0,38,9,15,20,0
tide,random,skip,10043,4,0,3,0,30,0,0,4,5,20,0
tide,random,skip,10044,0,1,3,30,30,0,4,4,5,20,0
tide,random,skip,10044,1,0,7,0,30,0,13,14,12,20,0
tide,random,skip,10044,2,1,8,3,30,0,21,20,15,20,0
tide,random,skip,10044,3,1,7,12,30,0,28,0,12,20,0
tide,random,skip,10044,4,0,4,0,30,0,15,0,8,20,0
tide,random,skip,10045,0,1,2,28,30,0,0,0,3,20,0
tide,random,skip,10045,1,1,5,21,30,0,14,0,9,20,0
tide,random,skip,10045,2,1,6,20,30,0,22,0,10,20,0
tide,random,skip,10045,3,0,5,0,30,0,10,0,7,20,0
tide,random,skip,10045,4,0,7,0,30,0,42,3,13,20,0
tide,random,skip,10046,0,1,4,22,30,0,0,7,7,20,0
tide,random,skip,10046,1,1,4,16,30,0,7,0,6,20,0
tide,random,skip,10046,2,1,8,14,30,0,32,5,14,20,0
tide,random,skip,10046,3,0,5,0,30,0,4,11,9,20,0
tide,random,skip,10046,4,0,5,0,30,0,22,8,10,20,0
tide,random,skip,10047,0,1,5,23,30,0,5,17,9,20,0
tide,random,skip,10047,1,1,5,16,30,0,9,6,8,20,0
tide,random,skip,10047,2,1,9,22,30,0,48,6,17,20,0
tide,random,skip,10047,3,0,7,0,30,0,30,11,13,20,0
tide,random,skip,10047,4,0,3,0,30,0,0,3,5,20,0
tide,random,skip,10048,0,1,3,26,30,0,0,0,4,20,0
tide,random,skip,10048,1,1,4,18,30,0,9,4,8,20,0
tide,random,skip,10048,2,1,8,7,30,0,25,0,12,20,0
tide,random,skip,10048,3,0,7,0,30,0,27,9,14,20,0
tide,random,skip,10048,4,0,4,0,30,0,0,7,7,20,0
tide,random,skip,10049,0,1,5,26,30,0,8,11,9,20,0
tide,random,skip,10049,1,1,3,23,30,0,2,0,5,20,0
tide,random,skip,10049,2,1,8,16,30,0,34,6,15,20,0
tide,random,skip,10049,3,0,8,0,30,0,36,11,15,20,0
tide,random,skip,10049,4,0,3,0,30,0,0,0,4,20,0
tide,random,skip,10050,0,1,3,30,30,0,4,0,4,20,0
tide,random,skip,10050,1,1,5,10,30,0,8,11,10,20,0
tide,random,skip,10050,2,1,7,10,30,0,20,9,13,20,0
tide,random,skip,10050,3,1,7,3,30,0,21,0,14,20,0
tide,random,skip,10050,4,0,4,0,30,0,6,3,6,20,0
tide,random,skip,10051,0,1,2,26,30,0,0,3,4,20,0
tide,random,skip,10051,1,1,5,15,30,0,13,7,9,20,0
tide,random,skip,10051,2,1,6,27,30,0,29,0,11,20,0
tide,random,skip,10051,3,1,8,6,30,0,38,17,15,20,0
tide,random,skip,10051,4,0,3,0,30,0,4,10,6,20,0
tide,random,skip,10052,0,1,4,30,30,0,8,3,7,20,0
tide,random,skip,10052,1,1,4,13,30,0,4,0,6,20,0
tide,random,skip,10052,2,1,7,2,30,0,12,4,12,20,0
tide,random,skip,10052,3,0,4,0,30,0,0,3,7,20,0
tide,random,skip,10052,4,0,7,0,30,0,36,9,13,20,0
tide,random,skip,10053,0,1,3,22,30,0,0,0,4,20,0
tide,random,skip,10053,1,1,7,15,30,0,27,6,12,20,0
tide,random,skip,10053,2,1,11,11,30,0,53,6,19,20,0
tide,random,skip,10053,3,0,6,0,30,0,12,10,10,20,0
tide,random,skip,10053,4,0,7,0,30,0,37,10,13,20,0
tide,random,skip,10054,0,1,2,30,30,0,0,0,3,20,0
tide,random,skip,10054,1,1,4,16,30,0,2,6,7,20,0
tide,random,skip,10054,2,1,8,22,30,0,40,4,15,20,0
tide,random,skip,10054,3,1,11,18,30,0,76,3,21,20,0
tide,random,skip,10054,4,0,4,0,30,0,10,3,6,20,0
tide,random,skip,10055,0,1,4,30,30,0,8,0,6,20,0
tide,random,skip,10055,1,1,6,10,30,0,15,0,9,20,0
tide,random,skip,10055,2,1,6,21,30,0,23,4,12,20,0
tide,random,skip,10055,3,0,12,0,30,0,71,18,23,20,0
tide,random,skip,10055,4,0,6,0,30,0,25,6,12,20,0
tide,random,skip,10056,0,1,3,30,30,0,4,0,4,20,0
tide,random,skip,10056,1,1,3,23,30,0,2,0,5,20,0
tide,random,skip,10056,2,0,5,0,30,0,0,9,8,20,0
tide,random,skip,10056,3,1,9,7,30,0,47,0,17,20,0
tide,random,skip,10056,4,0,7,0,30,0,37,5,13,20,0
tide,random,skip,10057,0,1,4,22,30,0,0,10,7,20,0
tide,random,skip,10057,1,1,5,13,30,0,11,6,8,20,0
tide,random,skip,10057,2,1,6,20,30,0,22,3,11,20,0
tide,random,skip,10057,3,0,6,0,30,0,12,12,11,20,0
tide,random,skip,10057,4,0,7,0,30,0,30,4,13,20,0
tide,random,skip,10058,0,1,3,30,30,0,4,0,5,20,0
tide,random,skip,10058,1,1,4,28,30,0,19,0,7,20,0
tide,random,skip,10058,2,1,7,16,30,0,26,10,13,20,0
tide,random,skip,10058,3,0,7,0,30,0,34,17,14,20,0
tide,random,skip,10058,4,0,7,0,30,0,40,3,12,20,0
tide,random,skip,10059,0,1,3,30,30,0,4,0,4,20,0
tide,random,skip,10059,1,1,3,16,30,0,0,8,6,20,0
tide,random,skip,10059,2,1,7,12,30,0,22,0,12,20,0
tide,random,skip,10059,3,0,6,0,30,0,15,8,11,20,0
tide,random,skip,10059,4,0,4,0,30,0,8,6,7,20,0
tide,random,skip,10060,0,1,4,22,30,0,0,9,7,20,0
tide,random,skip,10060,1,1,7,3,30,0,15,9,11,20,0
tide,random,skip,10060,2,1,6,18,30,0,20,5,10,20,0
tide,random,skip,10060,3,1,7,4,30,0,24,4,13,20,0
tide,random,skip,10060,4,0,5,0,30,0,22,10,8,20,0
tide,random,skip,10061,0,1,3,30,30,0,4,9,6,20,0
tide,random,skip,10061,1,1,7,1,30,0,13,10,11,20,0
tide,random,skip,10061,2,0,7,0,30,0,16,3,10,20,0
tide,random,skip,10061,3,0,5,0,30,0,16,3,9,20,0
tide,random,skip,10061,4,0,6,0,30,0,17,14,11,20,0
tide,random,skip,10062,0,1,3,26,30,0,0,0,5,20,0
tide,random,skip,10062,1,1,6,6,30,0,11,3,9,20,0
tide,random,skip,10062,2,1,9,14,30,0,40,3,16,20,0
tide,random,skip,10062,3,0,7,0,30,0,25,13,14,20,0
tide,random,skip,10062,4,0,7,0,30,0,33,3,14,20,0
tide,random,skip,10063,0,1,4,26,30,0,4,4,6,20,0
tide,random,skip,10063,1,1,3,23,30,0,7,4,6,20,0
tide,random,skip,10063,2,1,6,19,30,0,21,11,11,20,0
tide,random,skip,10063,3,0,7,0,30,0,19,0,11,20,0
tide,random,skip,10063,4,0,5,0,30,0,8,4,8,20,0
tide,random,skip,10064,0,1,3,26,30,0,0,3,5,20,0
tide,random,skip,10064,1,1,6,13,30,0,17,11,10,20,0
tide,random,skip,10064,2,1,10,26,30,0,60,3,19,20,0
tide,random,skip,10064,3,0,8,0,30,0,41,23,16,20,0
tide,random,skip,10064,4,0,4,0,30,0,8,8,7,20,0
tide,random,skip,10065,0,1,2,26,30,0,0,4,4,20,0
tide,random,skip,10065,1,1,4,23,30,0,14,4,7,20,0
tide,random,skip,10065,2,1,7,14,30,0,24,0,12,20,0
tide,random,skip,10065,3,0,6,0,30,0,13,15,11,20,0
tide,random,skip,10065,4,0,5,0,30,0,13,14,9,20,0
tide,random,skip,10066,0,1,2,26,30,0,0,0,3,20,0
tide,random,skip,10066,1,1,5,9,30,0,7,7,8,20,0
tide,random,skip,10066,2,1,9,14,30,0,40,3,16,20,0
tide,random,skip,10066,3,0,6,0,30,0,15,11,11,20,0
tide,random,skip,10066,4,0,5,0,30,0,15,12,10,20,0
tide,random,skip,10067,0,1,4,22,30,0,0,4,6,20,0
tide,random,skip,10067,1,1,6,13,30,0,18,3,10,20,0
tide,random,skip,10067,2,1,8,10,30,0,28,11,16,20,0
tide,random,skip,10067,3,0,6,0,30,0,13,16,12,20,0
tide,random,skip,10067,4,1,6,8,30,0,17,14,12,20,0
tide,random,skip,10068,0,1,5,23,30,0,5,3,7,20,0
tide,random,skip,10068,1,1,5,20,30,0,18,3,9,20,0
tide,random,skip,10068,2,1,7,2,30,0,12,3,12,20,0
tide,random,skip,10068,3,1,7,1,30,0,17,0,13,20,0
tide,random,skip,10068,4,0,4,0,30,0,4,7,7,20,0
tide,random,skip,10069,0,1,2,26,30,0,0,4,4,20,0
tide,random,skip,10069,1,1,4,13,30,0,4,10,8,20,0
tide,random,skip,10069,2,1,8,11,30,0,29,3,14,20,0
tide,random,skip,10069,3,0,11,0,30,0,65,12,21,20,0
tide,random,skip,10069,4,1,6,5,30,0,20,9,11,20,0
tide,random,skip,10070,0,1,6,26,30,0,12,9,10,20,0
tide,random,skip,10070,1,1,5,13,30,0,11,4,7,20,0
tide,random,skip,10070,2,1,10,22,30,0,56,4,17,20,0
tide,random,skip,10070,3,0,8,0,30,0,40,8,16,20,0
tide,random,skip,10070,4,0,7,0,30,0,38,9,14,20,0
tide,random,skip,10071,0,1,3,30,30,0,4,0,6,20,0
tide,random,skip,10071,1,1,4,9,30,0,0,0,5,20,0
tide,random,skip,10071,2,1,7,18,30,0,28,3,14,20,0
tide,random,skip,10071,3,0,7,0,30,0,23,3,12,20,0
tide,random,skip,10071,4,0,4,0,30,0,7,5,8,20,0
tide,random,skip,10072,0,1,6,18,30,0,4,7,9,20,0
tide,random,skip,10072,1,1,5,14,30,0,12,0,8,20,0
tide,random,skip,10072,2,1,7,2,30,0,12,9,12,20,0
tide,random,skip,10072,3,0,7,0,30,0,24,0,12,20,0
tide,random,skip,10072,4,0,8,0,30,0,37,6,15,20,0
tide,random,skip,10073,0,1,3,30,30,0,4,3,6,20,0
tide,random,skip,10073,1,1,4,13,30,0,4,10,8,20,0
tide,random,skip,10073,2,1,7,18,30,0,28,0,12,20,0
tide,random,skip,10073,3,0,5,0,30,0,8,14,8,20,0
tide,random,skip,10073,4,0,5,0,30,0,15,9,10,20,0
tide,random,skip,10074,0,1,6,26,30,0,12,10,10,20,0
tide,random,skip,10074,1,1,6,15,30,0,20,5,10,20,0
tide,random,skip,10074,2,1,7,18,30,0,28,0,14,20,0
tide,random,skip,10074,3,0,7,0,30,0,32,5,13,20,0
tide,random,skip,10074,4,0,6,0,30,0,32,0,11,20,0
tide,random,skip,10075,0,1,5,26,30,0,8,0,7,20,0
tide,random,skip,10075,1,1,4,28,30,0,19,3,8,20,0
tide,random,skip,10075,2,1,6,13,30,0,15,10,12,20,0
tide,random,skip,10075,3,0,7,0,30,0,30,10,13,20,0
tide,random,skip,10075,4,0,3,0,30,0,5,3,6,20,0
tide,random,skip,10076,0,1,6,26,30,0,10,13,11,20,0
tide,random,skip,10076,1,1,6,22,30,0,27,4,12,20,0
tide,random,skip,10076,2,1,9,16,30,0,42,0,15,20,0
tide,random,skip,10076,3,0,6,0,30,0,22,10,10,20,0
tide,random,skip,10076,4,0,7,0,30,0,40,8,14,20,0
tide,random,skip,10077,0,1,4,30,30,0,8,0,6,20,0
tide,random,skip,10077,1,1,5,14,30,0,12,11,10,20,0
tide,random,skip,10077,2,1,6,18,30,0,20,0,10,20,0
tide,random,skip,10077,3,0,10,0,30,0,50,8,18,20,0
tide,random,skip,10077,4,0,4,0,30,0,7,5,7,20,0
tide,random,skip,10078,0,1,5,22,30,0,4,5,7,20,0
tide,random,skip,10078,1,1,4,17,30,0,8,3,8,20,0
tide,random,skip,10078,2,1,9,11,30,0,37,7,16,20,0
tide,random,skip,10078,3,0,7,0,30,0,30,8,14,20,0
tide,random,skip,10078,4,0,8,0,30,0,47,4,15,20,0
tide,random,skip,10079,0,1,3,30,30,0,4,9,6,20,0
tide,random,skip,10079,1,1,4,23,30,0,14,0,7,20,0
tide,random,skip,10079,2,1,6,6,30,0,8,3,9,20,0
tide,random,skip,10079,3,0,4,0,30,0,0,7,7,20,0
tide,random,skip,10079,4,1,8,4,30,0,36,6,15,20,0
tide,random,skip,10080,0,1,6,22,30,0,8,5,9,20,0
tide,random,skip,10080,1,1,3,20,30,0,4,0,5,20,0
tide,random,skip,10080,2,1,10,6,30,0,40,6,17,20,0
tide,random,skip,10080,3,1,14,5,30,0,93,8,28,20,0
tide,random,skip,10080,4,0,4,0,30,0,16,0,8,20,0
tide,random,skip,10081,0,1,4,30,30,0,8,3,7,20,0
tide,random,skip,10081,1,1,4,23,30,0,14,4,7,20,0
tide,random,skip,10081,2,0,9,0,30,0,32,3,15,20,0
tide,random,skip,10081,3,1,9,5,30,0,49,12,18,20,0
tide,random,skip,10081,4,0,4,0,30,0,7,8,8,20,0
tide,random,skip,10082,0,1,4,26,30,0,4,4,6,20,0
tide,random,skip,10082,1,1,3,23,30,0,7,3,6,20,0
tide,random,skip,10082,2,1,6,16,30,0,18,3,10,20,0
tide,random,skip,10082,3,1,11,11,30,0,67,3,20,20,0
tide,random,skip,10082,4,0,4,0,30,0,9,5,7,20,0
tide,random,skip,10083,0,1,3,26,30,0,4,0,5,20,0
tide,random,skip,10083,1,1,4,23,30,0,9,0,7,20,0
tide,random,skip,10083,2,1,9,21,30,0,47,6,17,20,0
tide,random,skip,10083,3,0,5,0,30,0,14,5,10,20,0
tide,random,skip,10083,4,0,6,0,30,0,35,10,11,20,0
tide,random,skip,10084,0,1,4,22,30,0,4,3,6,20,0
tide,random,skip,10084,1,1,5,17,30,0,15,3,9,20,0
tide,random,skip,10084,2,1,10,19,30,0,53,0,19,20,0
tide,random,skip,10084,3,0,4,0,30,0,4,8,6,20,0
tide,random,skip,10084,4,0,4,0,30,0,12,10,8,20,0
tide,random,skip,10085,0,1,7,30,30,0,20,6,12,20,0
tide,random,skip,10085,1,1,3,21,30,0,5,0,5,20,0
tide,random,skip,10085,2,1,13,22,30,0,80,6,25,20,0
tide,random,skip,10085,3,0,4,0,30,0,0,13,8,20,0
tide,random,skip,10085,4,0,6,0,30,0,23,6,11,20,0
tide,random,skip,10086,0,1,3,26,30,0,2,4,5,20,0
tide,random,skip,10086,1,1,5,21,30,0,19,0,9,20,0
tide,random,skip,10086,2,1,10,17,30,0,51,7,19,20,0
tide,random,skip,10086,3,0,5,0,30,0,10,0,8,20,0
tide,random,skip,10086,4,0,4,0,30,0,14,0,6,20,0
tide,random,skip,10087,0,1,4,30,30,0,8,9,7,20,0
tide,random,skip,10087,1,1,8,10,30,0,29,8,14,20,0
tide,random,skip,10087,2,0,8,0,30,0,24,4,14,20,0
tide,random,skip,10087,3,0,7,0,30,0,26,0,13,20,0
tide,random,skip,10087,4,0,5,0,30,0,15,5,9,20,0
tide,random,skip,10088,0,1,3,30,30,0,4,0,5,20,0
tide,random,skip,10088,1,1,5,14,30,0,12,10,9,20,0
tide,random,skip,10088,2,0,7,0,30,0,17,0,11,20,0
tide,random,skip,10088,3,0,6,0,30,0,15,3,12,20,0
tide,random,skip,10088,4,0,4,0,30,0,8,16,8,20,0
tide,random,skip,10089,0,1,3,26,30,0,0,0,4,20,0
tide,random,skip,10089,1,1,6,17,30,0,22,7,11,20,0
tide,random,skip,10089,2,1,6,18,30,0,20,0,12,20,0
tide,random,skip,10089,3,0,10,0,30,0,56,12,19,20,0
tide,random,skip,10089,4,0,3,0,30,0,0,4,5,20,0
tide,random,skip,10090,0,1,4,26,30,0,4,3,6,20,0
tide,random,skip,10090,1,1,5,21,30,0,19,5,9,20,0
tide,random,skip,10090,2,1,7,8,30,0,18,6,12,20,0
tide,random,skip,10090,3,0,6,0,30,0,17,0,10,20,0
tide,random,skip,10090,4,0,5,0,30,0,16,11,9,20,0
tide,random,skip,10091,0,1,4,30,30,0,8,0,6,20,0
tide,random,skip,10091,1,1,3,16,30,0,0,7,6,20,0
tide,random,skip,10091,2,1,7,22,30,0,32,5,13,20,0
tide,random,skip,10091,3,0,5,0,30,0,4,8,9,20,0
tide,random,skip,10091,4,0,11,0,30,0,86,4,21,20,0
tide,random,skip,10092,0,1,6,26,30,0,12,12,11,20,0
tide,random,skip,10092,1,1,5,16,30,0,14,6,9,20,0
tide,random,skip,10092,2,1,5,22,30,0,16,9,10,20,0
tide,random,skip,10092,3,0,7,0,30,0,25,8,13,20,0
tide,random,skip,10092,4,0,4,0,30,0,15,8,8,20,0
tide,random,skip,10093,0,1,2,26,30,0,0,0,3,20,0
tide,random,skip,10093,1,1,5,20,30,0,18,0,8,20,0
tide,random,skip,10093,2,1,6,22,30,0,24,3,11,20,0
tide,random,skip,10093,3,0,11,0,30,0,63,7,19,20,0
tide,random,skip,10093,4,0,6,0,30,0,20,0,10,20,0
tide,random,skip,10094,0,1,4,26,30,0,4,3,6,20,0
tide,random,skip,10094,1,1,5,18,30,0,11,3,10,20,0
tide,random,skip,10094,2,1,8,9,30,0,27,0,14,20,0
tide,random,skip,10094,3,0,5,0,30,0,8,3,8,20,0
tide,random,skip,10094,4,0,3,0,30,0,0,10,6,20,0
tide,random,skip,10095,0,1,3,30,30,0,2,0,5,20,0
tide,random,skip,10095,1,1,4,16,30,0,7,0,6,20,0
tide,random,skip,10095,2,0,6,0,30,0,12,12,11,20,0
tide,random,skip,10095,3,0,7,0,30,0,27,11,14,20,0
tide,random,skip,10095,4,0,4,0,30,0,4,7,8,20,0
tide,random,skip,10096,0,1,3,30,30,0,4,4,6,20,0
tide,random,skip,10096,1,1,4,20,30,0,11,4,8,20,0
tide,random,skip,10096,2,0,10,0,30,0,40,11,18,20,0
tide,random,skip,10096,3,1,7,4,30,0,20,5,12,20,0
tide,random,skip,10096,4,0,6,0,30,0,25,6,11,20,0
tide,random,skip,10097,0,1,4,26,30,0,4,8,7,20,0
tide,random,skip,10097,1,1,5,21,30,0,19,9,10,20,0
tide,random,skip,10097,2,1,7,18,30,0,28,0,14,20,0
tide,random,skip,10097,3,0,6,0,30,0,13,0,11,20,0
tide,random,skip,10097,4,0,4,0,30,0,9,5,8,20,0
tide,random,skip,10098,0,1,4,22,30,0,0,4,5,20,0
tide,random,skip,10098,1,1,5,13,30,0,11,7,9,20,0
tide,random,skip,10098,2,0,6,0,30,0,8,6,10,20,0
tide,random,skip,10098,3,0,6,0,30,0,18,8,11,20,0
tide,random,skip,10098,4,0,5,0,30,0,23,14,10,20,0
tide,random,skip,10099,0,1,3,30,30,0,4,0,4,20,0
tide,random,skip,10099,1,1,7,14,30,0,26,0,12,20,0
tide,random,skip,10099,2,0,5,0,30,0,8,0,7,20,0
tide,random,skip,10099,3,0,7,0,30,0,24,8,13,20,0
tide,random,skip,10099,4,0,4,0,30,0,5,8,8,20,0
tide,random,skip,10100,0,1,4,26,30,0,8,7,8,20,0
tide,random,skip,10100,1,1,4,14,30,0,5,0,7,20,0
tide,random,skip,10100,2,0,4,0,30,0,0,4,5,20,0
tide,random,skip,10100,3,0,4,0,30,0,4,9,8,20,0
tide,random,skip,10100,4,0,7,0,30,0,27,6,14,20,0
tide,random,skip,10101,0,1,3,30,30,0,2,3,6,20,0
tide,random,skip,10101,1,1,6,13,30,0,18,6,10,20,0
tide,random,skip,10101,2,1,6,14,30,0,16,0,11,20,0
tide,random,skip,10101,3,0,4,0,30,0,0,11,7,20,0
tide,random,skip,10101,4,0,3,0,30,0,0,3,4,20,0
tide,random,skip,10102,0,1,3,26,30,0,0,4,5,20,0
tide,random,skip,10102,1,1,4,20,30,0,11,4,7,20,0
tide,random,skip,10102,2,0,10,0,30,0,42,8,18,20,0
tide,random,skip,10102,3,0,9,0,30,0,44,17,17,20,0
tide,random,skip,10102,4,0,5,0,30,0,21,0,10,20,0
tide,random,skip,10103,0,1,3,26,30,0,0,14,6,20,0
tide,random,skip,10103,1,1,4,14,30,0,4,10,8,20,0
tide,random,skip,10103,2,1,9,30,30,0,56,0,18,20,0
tide,random,skip,10103,3,0,5,0,30,0,10,6,8,20,0
tide,random,skip,10103,4,0,4,0,30,0,0,3,7,20,0
tide,random,skip,10104,0,1,5,30,30,0,12,7,8,20,0
tide,random,skip,10104,1,1,4,13,30,0,4,11,8,20,0
tide,random,skip,10104,2,1,7,15,30,0,25,0,14,20,0
tide,random,skip,10104,3,0,7,0,30,0,30,3,14,20,0
tide,random,skip,10104,4,0,5,0,30,0,12,3,9,20,0
tide,random,skip,10105,0,1,3,26,30,0,0,0,4,20,0
tide,random,skip,10105,1,1,4,13,30,0,4,0,5,20,0
tide,random,skip,10105,2,1,6,17,30,0,19,9,12,20,0
tide,random,skip,10105,3,0,9,0,30,0,40,8,16,20,0
tide,random,skip,10105,4,0,6,0,30,0,23,10,11,20,0
tide,random,skip,10106,0,1,3,26,30,0,4,0,5,20,0
tide,random,skip,10106,1,1,4,23,30,0,14,0,6,20,0
tide,random,skip,10106,2,1,7,22,30,0,32,4,13,20,0
tide,random,skip,10106,3,0,6,0,30,0,12,8,12,20,0
tide,random,skip,10106,4,0,6,0,30,0,29,3,11,20,0
tide,random,skip,10107,0,1,4,26,30,0,4,9,7,20,0
tide,random,skip,10107,1,1,4,20,30,0,11,6,7,20,0
tide,random,skip,10107,2,1,9,7,30,0,33,7,15,20,0
tide,random,skip,10107,3,0,10,0,30,0,54,12,19,20,0
tide,random,skip,10107,4,0,6,0,30,0,23,4,12,20,0
tide,random,skip,10108,0,1,3,26,30,0,0,0,4,20,0
tide,random,skip,10108,1,1,4,16,30,0,7,4,7,20,0
tide,random,skip,10108,2,1,5,6,30,0,0,9,9,20,0
tide,random,skip,10108,3,0,6,0,30,0,13,10,11,20,0
tide,random,skip,10108,4,0,5,0,30,0,8,9,10,20,0
tide,random,skip,10109,0,1,3,26,30,0,0,7,6,20,0
tide,random,skip,10109,1,1,7,21,30,0,33,9,13,20,0
tide,random,skip,10109,2,1,7,13,30,0,23,9,13,20,0
tide,random,skip,10109,3,0,10,0,30,0,58,18,20,20,0
tide,random,skip,10109,4,0,4,0,30,0,0,11,8,20,0
tide,random,skip,10110,0,1,3,26,30,0,4,3,5,20,0
tide,random,skip,10110,1,1,3,28,30,0,7,3,6,20,0
tide,random,skip,10110,2,1,6,12,30,0,14,3,10,20,0
tide,random,skip,10110,3,0,10,0,30,0,58,0,18,20,0
tide,random,skip,10110,4,0,5,0,30,0,17,18,10,20,0
tide,random,skip,10111,0,1,3,26,30,0,0,0,4,20,0
tide,random,skip,10111,1,1,3,27,30,0,11,3,6,20,0
tide,random,skip,10111,2,0,6,0,30,0,8,0,10,20,0
tide,random,skip,10111,3,0,5,0,30,0,11,0,7,20,0
tide,random,skip,10111,4,0,3,0,30,0,0,5,4,20,0
tide,random,skip,10112,0,1,3,26,30,0,0,0,4,20,0
tide,random,skip,10112,1,1,5,13,30,0,11,9,9,20,0
tide,random,skip,10112,2,1,8,5,30,0,23,4,14,20,0
tide,random,skip,10112,3,0,8,0,30,0,39,18,16,20,0
tide,random,skip,10112,4,0,4,0,30,0,4,8,8,20,0
tide,random,skip,10113,0,1,2,26,30,0,0,0,3,20,0
tide,random,skip,10113,1,1,4,9,30,0,0,4,6,20,0
tide,random,skip,10113,2,1,6,13,30,0,15,8,11,20,0
tide,random,skip,10113,3,0,5,0,30,0,4,13,10,20,0
tide,random,skip,10113,4,0,8,0,30,0,52,7,16,20,0
tide,random,skip,10114,0,1,2,26,30,0,0,0,3,20,0
tide,random,skip,10114,1,1,5,11,30,0,9,4,8,20,0
tide,random,skip,10114,2,1,9,21,30,0,47,9,18,20,0
tide,random,skip,10114,3,1,7,8,30,0,22,3,14,20,0
tide,random,skip,10114,4,0,5,0,30,0,15,19,10,20,0
tide,random,skip,10115,0,1,3,26,30,0,0,9,6,20,0
tide,random,skip,10115,1,1,5,7,30,0,5,9,8,20,0
tide,random,skip,10115,2,1,8,15,30,0,33,6,15,20,0
tide,random,skip,10115,3,0,7,0,30,0,20,8,12,20,0
tide,random,skip,10115,4,0,4,0,30,0,4,14,8,20,0
tide,random,skip,10116,0,1,3,30,30,0,4,3,6,20,0
tide,random,skip,10116,1,1,6,5,30,0,10,3,9,20,0
tide,random,skip,10116,2,1,6,16,30,0,18,9,12,20,0
tide,random,skip,10116,3,0,5,0,30,0,9,12,10,20,0
tide,random,skip,10116,4,0,4,0,30,0,4,5,7,20,0
tide,random,skip,10117,0,1,4,22,30,0,0,3,6,20,0
tide,random,skip,10117,1,1,4,21,30,0,12,0,7,20,0
tide,random,skip,10117,2,0,7,0,30,0,13,10,14,20,0
tide,random,skip,10117,3,0,6,0,30,0,12,15,11,20,0
tide,random,skip,10117,4,0,3,0,30,0,0,3,6,20,0
tide,random,skip,10118,0,1,3,30,30,0,4,3,5,20,0
tide,random,skip,10118,1,1,4,18,30,0,9,0,7,20,0
tide,random,skip,10118,2,1,6,22,30,0,24,0,11,20,0
tide,random,skip,10118,3,0,4,0,30,0,0,9,8,20,0
tide,random,skip,10118,4,0,4,0,30,0,4,3,7,20,0
tide,random,skip,10119,0,1,4,30,30,0,8,5,6,20,0
tide,random,skip,10119,1,1,4,13,30,0,4,0,7,20,0
tide,random,skip,10119,2,1,8,7,30,0,25,21,16,20,0
tide,random,skip,10119,3,1,11,3,30,0,61,13,21,20,0
tide,random,skip,10119,4,0,5,0,30,0,22,5,9,20,0
tide,random,skip,10120,0,1,5,26,30,0,8,0,7,20,0
tide,random,skip,10120,1,1,3,16,30,0,0,0,4,20,0
tide,random,skip,10120,2,1,11,18,30,0,60,10,20,20,0
tide,random,skip,10120,3,0,10,0,30,0,54,12,20,20,0
tide,random,skip,10120,4,0,7,0,30,0,39,0,13,20,0
tide,random,skip,10121,0,1,3,30,30,0,4,0,4,20,0
tide,random,skip,10121,1,0,6,0,30,0,5,7,9,20,0
tide,random,skip,10121,2,1,7,26,30,0,36,9,14,20,0
tide,random,skip,10121,3,1,9,1,30,0,41,6,16,20,0
tide,random,skip,10121,4,0,5,0,30,0,27,6,10,20,0
tide,random,skip,10122,0,1,6,30,30,0,16,16,11,20,0
tide,random,skip,10122,1,1,3,21,30,0,5,4,6,20,0
tide,random,skip,10122,2,1,6,20,30,0,22,6,12,20,0
tide,random,skip,10122,3,0,6,0,30,0,16,5,10,20,0
tide,random,skip,10122,4,0,4,0,30,0,5,6,7,20,0
tide,random,skip,10123,0,1,3,30,30,0,4,4,5,20,0
tide,random,skip,10123,1,1,4,16,30,0,7,6,7,20,0
tide,random,skip,10123,2,1,5,13,30,0,7,0,8,20,0
tide,random,skip,10123,3,1,7,8,30,0,22,5,13,20,0
tide,random,skip,10123,4,0,3,0,30,0,0,8,6,20,0
tide,random,skip,10124,0,1,3,26,30,0,0,5,4,20,0
tide,random,skip,10124,1,1,4,17,30,0,8,4,7,20,0
tide,random,skip,10124,2,1,9,26,30,0,52,13,17,20,0
tide,random,skip,10124,3,1,8,6,30,0,36,14,16,20,0
tide,random,skip,10124,4,0,9,0,30,0,64,15,17,20,0
tide,random,skip,10125,0,1,3,30,30,0,4,7,6,20,0
tide,random,skip,10125,1,0,7,0,30,0,18,5,11,20,0
tide,random,skip,10125,2,1,7,17,30,0,27,9,13,20,0
tide,random,skip,10125,3,0,6,0,30,0,19,15,11,20,0
tide,random,skip,10125,4,0,4,0,30,0,9,3,7,20,0
tide,random,skip,10126,0,1,3,26,30,0,0,0,4,20,0
tide,random,skip,10126,1,1,3,21,30,0,0,4,5,20,0
tide,random,skip,10126,2,1,7,20,30,0,30,6,13,20,0
tide,random,skip,10126,3,0,8,0,30,0,44,8,15,20,0
tide,random,skip,10126,4,0,4,0,30,0,5,4,7,20,0
tide,random,skip,10127,0,1,6,26,30,0,12,10,10,20,0
tide,random,skip,10127,1,1,5,6,30,0,4,7,8,20,0
tide,random,skip,10127,2,1,8,18,30,0,36,6,14,20,0
tide,random,skip,10127,3,1,7,11,30,0,31,3,13,20,0
tide,random,skip,10127,4,0,4,0,30,0,12,8,7,20,0
tide,random,skip,10128,0,1,3,30,30,0,4,0,6,20,0
tide,random,skip,10128,1,1,4,16,30,0,7,4,6,20,0
tide,random,skip,10128,2,0,5,0,30,0,8,3,7,20,0
tide,random,skip,10128,3,0,8,0,30,0,34,8,15,20,0
tide,random,skip,10128,4,0,4,0,30,0,8,0,7,20,0
tide,random,skip,10129,0,1,4,26,30,0,4,7,8,20,0
tide,random,skip,10129,1,0,6,0,30,0,12,16,11,20,0
tide,random,skip,10129,2,1,10,10,30,0,44,11,19,20,0
tide,random,skip,10129,3,0,4,0,30,0,4,14,7,20,0
tide,random,skip,10129,4,0,4,0,30,0,10,0,7,20,0
tide,random,skip,10130,0,1,5,26,30,0,8,0,7,20,0
tide,random,skip,10130,1,1,5,18,30,0,16,7,9,20,0
tide,random,skip,10130,2,1,8,2,30,0,20,8,13,20,0
tide,random,skip,10130,3,0,6,0,30,0,14,13,12,20,0
tide,random,skip,10130,4,0,7,0,30,0,35,4,13,20,0
tide,random,skip,10131,0,1,4,30,30,0,8,3,8,20,0
tide,random,skip,10131,1,1,7,19,30,0,31,4,12,20,0
tide,random,skip,10131,2,1,10,24,30,0,58,4,18,20,0
tide,random,skip,10131,3,0,5,0,30,0,14,6,8,20,0
tide,random,skip,10131,4,0,5,0,30,0,16,5,9,20,0
tide,random,skip,10132,0,1,3,30,30,0,4,3,5,20,0
tide,random,skip,10132,1,1,4,19,30,0,10,4,8,20,0
tide,random,skip,10132,2,1,7,6,30,0,16,0,10,20,0
tide,random,skip,10132,3,0,7,0,30,0,29,14,13,20,0
tide,random,skip,10132,4,0,4,0,30,0,4,19,8,20,0
tide,random,skip,10133,0,1,8,30,30,0,24,16,15,20,0
tide,random,skip,10133,1,1,4,18,30,0,9,0,7,20,0
tide,random,skip,10133,2,1,7,12,30,0,22,3,12,20,0
tide,random,skip,10133,3,1,7,8,30,0,24,5,14,20,0
tide,random,skip,10133,4,0,3,0,30,0,0,0,5,20,0
tide,random,skip,10134,0,1,5,26,30,0,8,10,10,20,0
tide,random,skip,10134,1,1,4,20,30,0,11,0,7,20,0
tide,random,skip,10134,2,0,9,0,30,0,32,9,15,20,0
tide,random,skip,10134,3,0,11,0,30,0,63,11,22,20,0
tide,random,skip,10134,4,0,5,0,30,0,21,9,10,20,0
tide,random,skip,10135,0,1,3,26,30,0,0,0,5,20,0
tide,random,skip,10135,1,1,5,7,30,0,5,0,8,20,0
tide,random,skip,10135,2,1,11,18,30,0,60,7,20,20,0
tide,random,skip,10135,3,0,7,0,30,0,26,16,13,20,0
tide,random,skip,10135,4,0,7,0,30,0,40,6,14,20,0
tide,random,skip,10136,0,1,2,30,30,0,0,0,3,20,0
tide,random,skip,10136,1,1,5,13,30,0,11,0,8,20,0
tide,random,skip,10136,2,1,9,7,30,0,32,4,16,20,0
tide,random,skip,10136,3,1,14,10,30,0,100,13,28,20,0
tide,random,skip,10136,4,0,10,0,30,0,59,7,18,20,0
tide,random,skip,10137,0,1,3,30,30,0,4,3,6,20,0
tide,random,skip,10137,1,1,5,19,30,0,17,4,9,20,0
tide,random,skip,10137,2,1,6,21,30,0,23,7,12,20,0
tide,random,skip,10137,3,1,13,17,30,0,93,8,25,20,0
tide,random,skip,10137,4,0,4,0,30,0,6,16,8,20,0
tide,random,skip,10138,0,1,3,30,30,0,4,4,5,20,0
tide,random,skip,10138,1,1,3,17,30,0,0,4,5,20,0
tide,random,skip,10138,2,1,7,14,30,0,24,8,13,20,0
tide,random,skip,10138,3,1,9,12,30,0,54,11,18,20,0
tide,random,skip,10138,4,0,4,0,30,0,8,8,8,20,0
tide,random,skip,10139,0,1,3,26,30,0,4,0,5,20,0
tide,random,skip,10139,1,1,3,21,30,0,0,3,5,20,0
tide,random,skip,10139,2,1,10,5,30,0,39,20,20,20,0
tide,random,skip,10139,3,0,7,0,30,0,28,9,13,20,0
tide,random,skip,10139,4,0,4,0,30,0,4,13,7,20,0
tide,random,skip,10140,0,1,3,22,30,0,0,4,5,20,0
tide,random,skip,10140,1,1,6,9,30,0,14,0,9,20,0
tide,random,skip,10140,2,1,9,21,30,0,47,10,17,20,0
tide,random,skip,10140,3,0,6,0,30,0,15,8,11,20,0
tide,random,skip,10140,4,0,5,0,30,0,18,9,10,20,0
tide,random,skip,10141,0,1,4,22,30,0,0,7,7,20,0
tide,random,skip,10141,1,1,5,13,30,0,11,3,9,20,0
tide,random,skip,10141,2,1,8,21,30,0,39,10,15,20,0
tide,random,skip,10141,3,0,5,0,30,0,12,13,10,20,0
tide,random,skip,10141,4,0,4,0,30,0,4,4,7,20,0
tide,random,skip,10142,0,1,6,26,30,0,12,7,9,20,0
tide,random,skip,10142,1,1,3,21,30,0,5,0,5,20,0
tide,random,skip,10142,2,0,6,0,30,0,4,13,11,20,0
tide,random,skip,10142,3,0,5,0,30,0,7,5,9,20,0
tide,random,skip,10142,4,0,6,0,30,0,19,9,11,20,0
tide,random,skip,10143,0,1,2,26,30,0,0,3,4,20,0
tide,random,skip,10143,1,1,7,8,30,0,20,9,12,20,0
tide,random,skip,10143,2,0,6,0,30,0,16,4,9,20,0
tide,random,skip,10143,3,0,7,0,30,0,22,10,12,20,0
tide,random,skip,10143,4,0,4,0,30,0,9,4,8,20,0
tide,random,skip,10144,0,1,3,26,30,0,0,3,5,20,0
tide,random,skip,10144,1,1,5,6,30,0,4,0,6,20,0
tide,random,skip,10144,2,1,10,8,30,0,42,9,18,20,0
tide,random,skip,10144,3,0,5,0,30,0,10,0,8,20,0
tide,random,skip,10144,4,0,5,0,30,0,9,3,9,20,0
tide,random,skip,10145,0,1,4,26,30,0,4,13,8,20,0
tide,random,skip,10145,1,1,5,24,30,0,22,0,9,20,0
tide,random,skip,10145,2,1,8,12,30,0,30,14,15,20,0
tide,random,skip,10145,3,0,6,0,30,0,13,8,11,20,0
tide,random,skip,10145,4,0,6,0,30,0,36,4,11,20,0
tide,random,skip,10146,0,1,4,26,30,0,4,3,6,20,0
tide,random,skip,10146,1,1,4,16,30,0,6,0,6,20,0
tide,random,skip,10146,2,1,7,8,30,0,18,7,13,20,0
tide,random,skip,10146,3,0,6,0,30,0,13,12,11,20,0
tide,random,skip,10146,4,0,5,0,30,0,20,6,10,20,0
tide,random,skip,10147,0,1,4,26,30,0,4,3,6,20,0
tide,random,skip,10147,1,1,4,20,30,0,11,7,8,20,0
tide,random,skip,10147,2,1,7,11,30,0,21,8,14,20,0
tide,random,skip,10147,3,0,5,0,30,0,4,11,9,20,0
tide,random,skip,10147,4,0,4,0,30,0,0,9,7,20,0
tide,random,skip,10148,0,1,4,26,30,0,4,5,7,20,0
tide,random,skip,10148,1,1,4,16,30,0,7,9,7,20,0
tide,random,skip,10148,2,1,7,10,30,0,20,11,13,20,0
tide,random,skip,10148,3,0,8,0,30,0,37,16,16,20,0
tide,random,skip,10148,4,0,4,0,30,0,8,8,7,20,0
tide,random,skip,10149,0,1,3,30,30,0,4,0,4,20,0
tide,random,skip,10149,1,1,4,14,30,0,5,0,6,20,0
tide,random,skip,10149,2,1,7,2,30,0,12,9,13,20,0
tide,random,skip,10149,3,0,10,0,30,0,58,19,19,20,0
tide,random,skip,10149,4,0,6,0,30,0,35,3,11,20,0
tide,random,skip,10150,0,1,3,30,30,0,4,0,5,20,0
tide,random,skip,10150,1,1,4,16,30,0,7,0,7,20,0
tide,random,skip,10150,2,1,7,19,30,0,29,6,13,20,0
tide,random,skip,10150,3,0,8,0,30,0,37,5,14,20,0
tide,random,skip,10150,4,0,11,0,30,0,74,22,22,20,0
tide,random,skip,10151,0,1,4,30,30,0,8,0,6,20,0
tide,random,skip,10151,1,1,4,13,30,0,4,0,6,20,0
tide,random,skip,10151,2,1,9,16,30,0,42,3,16,20,0
tide,random,skip,10151,3,0,5,0,30,0,8,7,9,20,0
tide,random,skip,10151,4,0,4,0,30,0,8,0,6,20,0
tide,random,skip,10152,0,1,3,30,30,0,2,0,5,20,0
tide,random,skip,10152,1,1,5,11,30,0,9,15,10,20,0
tide,random,skip,10152,2,1,10,9,30,0,42,0,18,20,0
tide,random,skip,10152,3,0,5,0,30,0,7,9,10,20,0
tide,random,skip,10152,4,0,6,0,30,0,31,8,11,20,0
tide,random,skip,10153,0,1,4,26,30,0,4,9,8,20,0
tide,random,skip,10153,1,1,5,18,30,0,15,3,8,20,0
tide,random,skip,10153,2,1,7,17,30,0,27,7,14,20,0
tide,random,skip,10153,3,0,7,0,30,0,25,3,12,20,0
tide,random,skip,10153,4,0,4,0,30,0,0,0,4,20,0
tide,random,skip,10154,0,1,4,26,30,0,4,0,5,20,0
tide,random,skip,10154,1,1,5,15,30,0,13,3,9,20,0
tide,random,skip,10154,2,0,11,0,30,0,48,6,18,20,0
tide,random,skip,10154,3,0,5,0,30,0,9,4,10,20,0
tide,random,skip,10154,4,0,5,0,30,0,23,8,10,20,0
tide,random,skip,10155,0,1,3,26,30,0,0,0,4,20,0
tide,random,skip,10155,1,1,4,9,30,0,0,3,6,20,0
tide,random,skip,10155,2,1,7,7,30,0,17,5,13,20,0
tide,random,skip,10155,3,0,5,0,30,0,10,19,10,20,0
tide,random,skip,10155,4,0,5,0,30,0,15,6,10,20,0
tide,random,skip,10156,0,1,5,30,30,0,12,7,9,20,0
tide,random,skip,10156,1,1,7,4,30,0,16,3,11,20,0
tide,random,skip,10156,2,1,7,14,30,0,24,4,12,20,0
tide,random,skip,10156,3,0,5,0,30,0,16,13,10,20,0
tide,random,skip,10156,4,0,4,0,30,0,11,5,8,20,0
tide,random,skip,10157,0,1,3,30,30,0,4,0,5,20,0
tide,random,skip,10157,1,1,3,16,30,0,0,3,6,20,0
tide,random,skip,10157,2,1,9,21,30,0,47,3,18,20,0
tide,random,skip,10157,3,0,5,0,30,0,8,3,9,20,0
tide,random,skip,10157,4,0,4,0,30,0,9,8,8,20,0
tide,random,skip,10158,0,1,4,26,30,0,4,8,8,20,0
tide,random,skip,10158,1,1,6,13,30,0,18,6,11,20,0
tide,random,skip,10158,2,0,7,0,30,0,15,6,12,20,0
tide,random,skip,10158,3,0,6,0,30,0,18,8,11,20,0
tide,random,skip,10158,4,0,5,0,30,0,20,6,10,20,0
tide,random,skip,10159,0,1,5,26,30,0,8,11,9,20,0
tide,random,skip,10159,1,1,5,10,30,0,8,9,9,20,0
tide,random,skip,10159,2,1,9,22,30,0,48,8,17,20,0
tide,random,skip,10159,3,0,4,0,30,0,0,5,7,20,0
tide,random,skip,10159,4,0,6,0,30,0,22,8,11,20,0
tide,random,skip,10160,0,1,3,26,30,0,0,3,5,20,0
tide,random,skip,10160,1,0,6,0,30,0,9,14,10,20,0
tide,random,skip,10160,2,0,5,0,30,0,0,3,8,20,0
tide,random,skip,10160,3,0,8,0,30,0,42,5,16,20,0
tide,random,skip,10160,4,0,5,0,30,0,15,9,9,20,0
tide,random,skip,10161,0,1,2,26,30,0,0,4,4,20,0
tide,random,skip,10161,1,1,7,3,30,0,15,10,11,20,0
tide,random,skip,10161,2,1,6,10,30,0,11,4,12,20,0
tide,random,skip,10161,3,0,8,0,30,0,32,9,14,20,0
tide,random,skip,10161,4,0,5,0,30,0,24,3,9,20,0
tide,random,skip,10162,0,1,4,26,30,0,4,0,6,20,0
tide,random,skip,10162,1,1,6,19,30,0,24,10,11,20,0
tide,random,skip,10162,2,1,7,11,30,0,21,4,12,20,0
tide,random,skip,10162,3,0,7,0,30,0,25,15,14,20,0
tide,random,skip,10162,4,0,6,0,30,0,28,9,12,20,0
tide,random,skip,10163,0,1,3,26,30,0,0,0,4,20,0
tide,random,skip,10163,1,1,4,17,30,0,8,0,7,20,0
tide,random,skip,10163,2,1,6,6,30,0,8,0,9,20,0
tide,random,skip,10163,3,0,7,0,30,0,25,4,13,20,0
tide,random,skip,10163,4,0,4,0,30,0,8,8,8,20,0
tide,random,skip,10164,0,1,3,26,30,0,0,4,5,20,0
tide,random,skip,10164,1,1,4,16,30,0,7,7,7,20,0
tide,random,skip,10164,2,1,9,12,30,0,38,0,14,20,0
tide,random,skip,10164,3,1,7,9,30,0,27,10,14,20,0
tide,random,skip,10164,4,0,3,0,30,0,0,3,5,20,0
tide,random,skip,10165,0,1,3,26,30,0,0,3,5,20,0
tide,random,skip,10165,1,1,4,23,30,0,13,0,7,20,0
tide,random,skip,10165,2,0,5,0,30,0,10,4,8,20,0
tide,random,skip,10165,3,0,5,0,30,0,8,9,9,20,0
tide,random,skip,10165,4,0,5,0,30,0,20,10,10,20,0
tide,random,skip,10166,0,1,4,26,30,0,4,4,6,20,0
tide,random,skip,10166,1,1,8,1,30,0,20,10,14,20,0
tide,random,skip,10166,2,1,7,18,30,0,28,4,13,20,0
tide,random,skip,10166,3,0,5,0,30,0,8,6,9,20,0
tide,random,skip,10166,4,0,4,0,30,0,8,11,8,20,0
tide,random,skip,10167,0,1,3,22,30,0,0,4,5,20,0
tide,random,skip,10167,1,1,3,17,30,0,0,0,4,20,0
tide,random,skip,10167,2,1,7,14,30,0,24,0,13,20,0
tide,random,skip,10167,3,0,8,0,30,0,40,11,16,20,0
tide,random,skip,10167,4,0,7,0,30,0,40,3,13,20,0
tide,random,skip,10168,0,1,4,26,30,0,4,12,7,20,0
tide,random,skip,10168,1,1,5,2,30,0,0,4,7,20,0
tide,random,skip,10168,2,1,9,2,30,0,28,8,15,20,0
tide,random,skip,10168,3,0,7,0,30,0,26,10,13,20,0
tide,random,skip,10168,4,0,5,0,30,0,18,8,9,20,0
tide,random,skip,10169,0,1,5,30,30,0,12,6,10,20,0
tide,random,skip,10169,1,1,7,19,30,0,31,9,13,20,0
tide,random,skip,10169,2,0,10,0,30,0,42,14,19,20,0
tide,random,skip,10169,3,0,7,0,30,0,30,7,11,20,0
tide,random,skip,10169,4,0,7,0,30,0,46,0,13,20,0
tide,random,skip,10170,0,1,2,30,30,0,0,3,4,20,0
tide,random,skip,10170,1,1,3,23,30,0,7,3,6,20,0
tide,random,skip,10170,2,1,10,3,30,0,37,13,19,20,0
tide,random,skip,10170,3,0,5,0,30,0,5,4,9,20,0
tide,random,skip,10170,4,0,3,0,30,0,4,0,5,20,0
tide,random,skip,10171,0,1,4,22,30,0,0,14,7,20,0
tide,random,skip,10171,1,1,5,22,30,0,20,3,9,20,0
tide,random,skip,10171,2,0,5,0,30,0,0,7,9,20,0
tide,random,skip,10171,3,0,4,0,30,0,4,4,6,20,0
tide,random,skip,10171,4,0,4,0,30,0,5,7,8,20,0
tide,random,skip,10172,0,1,3,30,30,0,4,4,6,20,0
tide,random,skip,10172,1,1,5,2,30,0,0,3,7,20,0
tide,random,skip,10172,2,1,8,1,30,0,19,7,14,20,0
tide,random,skip,10172,3,1,10,7,30,0,53,8,19,20,0
tide,random,skip,10172,4,0,5,0,30,0,24,5,9,20,0
tide,random,skip,10173,0,1,3,26,30,0,4,4,5,20,0
tide,random,skip,10173,1,1,5,25,30,0,23,3,10,20,0
tide,random,skip,10173,2,1,8,19,30,0,37,3,15,20,0
tide,random,skip,10173,3,1,8,4,30,0,34,0,15,20,0
tide,random,skip,10173,4,0,7,0,30,0,39,12,13,20,0
tide,random,skip,10174,0,1,5,26,30,0,8,12,9,20,0
tide,random,skip,10174,1,1,5,20,30,0,13,6,10,20,0
tide,random,skip,10174,2,1,10,2,30,0,36,12,19,20,0
tide,random,skip,10174,3,0,6,0,30,0,15,10,11,20,0
tide,random,skip,10174,4,0,4,0,30,0,8,4,7,20,0
tide,random,skip,10175,0,1,4,22,30,0,0,10,7,20,0
tide,random,skip,10175,1,1,3,16,30,0,0,4,5,20,0
tide,random,skip,10175,2,1,5,13,30,0,7,3,8,20,0
tide,random,skip,10175,3,0,7,0,30,0,24,9,13,20,0
tide,random,skip,10175,4,0,6,0,30,0,23,3,12,20,0
tide,random,skip,10176,0,1,5,30,30,0,12,0,7,20,0
tide,random,skip,10176,1,1,4,25,30,0,16,7,8,20,0
tide,random,skip,10176,2,1,9,14,30,0,40,7,17,20,0
tide,random,skip,10176,3,1,10,10,30,0,58,8,19,20,0
tide,random,skip,10176,4,0,4,0,30,0,10,4,7,20,0
tide,random,skip,10177,0,1,2,26,30,0,0,0,4,20,0
tide,random,skip,10177,1,1,5,12,30,0,9,0,7,20,0
tide,random,skip,10177,2,1,10,6,30,0,40,7,16,20,0
tide,random,skip,10177,3,0,7,0,30,0,28,3,13,20,0
tide,random,skip,10177,4,1,9,2,30,0,52,9,17,20,0
tide,random,skip,10178,0,1,4,26,30,0,4,7,7,20,0
tide,random,skip,10178,1,1,4,9,30,0,0,3,6,20,0
tide,random,skip,10178,2,0,5,0,30,0,8,12,8,20,0
tide,random,skip,10178,3,0,9,0,30,0,39,7,17,20,0
tide,random,skip,10178,4,0,4,0,30,0,13,4,8,20,0
tide,random,skip,10179,0,1,3,30,30,0,4,3,5,20,0
tide,random,skip,10179,1,1,5,13,30,0,11,3,7,20,0
tide,random,skip,10179,2,1,8,2,30,0,20,9,15,20,0
tide,random,skip,10179,3,1,9,5,30,0,43,4,17,20,0
tide,random,skip,10179,4,0,4,0,30,0,9,4,7,20,0
tide,random,skip,10180,0,1,3,30,30,0,4,3,6,20,0
tide,random,skip,10180,1,1,6,27,30,0,32,0,11,20,0
tide,random,skip,10180,2,1,6,6,30,0,8,16,12,20,0
tide,random,skip,10180,3,1,9,6,30,0,44,5,17,20,0
tide,random,skip,10180,4,0,4,0,30,0,9,8,8,20,0
tide,random,skip,10181,0,1,4,26,30,0,4,3,6,20,0
tide,random,skip,10181,1,1,3,20,30,0,4,4,6,20,0
tide,random,skip,10181,2,1,5,6,30,0,0,8,9,20,0
tide,random,skip,10181,3,0,10,0,30,0,56,5,19,20,0
tide,random,skip,10181,4,0,5,0,30,0,22,6,9,20,0
tide,random,skip,10182,0,1,4,26,30,0,4,0,6,20,0
tide,random,skip,10182,1,1,4,13,30,0,4,3,7,20,0
tide,random,skip,10182,2,1,7,15,30,0,25,0,12,20,0
tide,random,skip,10182,3,0,6,0,30,0,14,12,12,20,0
tide,random,skip,10182,4,0,5,0,30,0,24,0,8,20,0
tide,random,skip,10183,0,1,2,30,30,0,0,0,3,20,0
tide,random,skip,10183,1,1,3,16,30,0,0,3,5,20,0
tide,random,skip,10183,2,1,11,13,30,0,55,18,21,20,0
tide,random,skip,10183,3,1,8,9,30,0,37,3,14,20,0
tide,random,skip,10183,4,0,4,0,30,0,5,16,8,20,0
tide,random,skip,10184,0,1,3,30,30,0,4,0,5,20,0
tide,random,skip,10184,1,1,4,14,30,0,0,0,6,20,0
tide,random,skip,10184,2,1,9,12,30,0,38,8,17,20,0
tide,random,skip,10184,3,0,6,0,30,0,19,3,11,20,0
tide,random,skip,10184,4,1,4,11,30,0,5,9,8,20,0
tide,random,skip,10185,0,1,3,30,30,0,4,0,4,20,0
tide,random,skip,10185,1,1,3,23,30,0,7,0,5,20,0
tide,random,skip,10185,2,1,8,23,30,0,41,6,16,20,0
tide,random,skip,10185,3,1,11,13,30,0,71,10,21,20,0
tide,random,skip,10185,4,0,8,0,30,0,53,0,14,20,0
tide,random,skip,10186,0,1,4,22,30,0,0,9,7,20,0
tide,random,skip,10186,1,1,4,18,30,0,9,0,7,20,0
tide,random,skip,10186,2,1,7,22,30,0,32,9,13,20,0
tide,random,skip,10186,3,0,6,0,30,0,17,8,12,20,0
tide,random,skip,10186,4,0,6,0,30,0,24,0,11,20,0
tide,random,skip,10187,0,1,4,26,30,0,4,4,7,20,0
tide,random,skip,10187,1,1,5,16,30,0,9,4,8,20,0
tide,random,skip,10187,2,1,9,19,30,0,45,6,16,20,0
tide,random,skip,10187,3,0,7,0,30,0,24,9,11,20,0
tide,random,skip,10187,4,0,5,0,30,0,14,0,9,20,0
tide,random,skip,10188,0,1,3,22,30,0,0,9,5,20,0
tide,random,skip,10188,1,1,5,2,30,0,0,7,8,20,0
tide,random,skip,10188,2,1,10,16,30,0,50,4,17,20,0
tide,random,skip,10188,3,1,10,5,30,0,51,14,20,20,0
tide,random,skip,10188,4,0,5,0,30,0,24,19,10,20,0
tide,random,skip,10189,0,1,2,26,30,0,0,4,4,20,0
tide,random,skip,10189,1,1,5,11,30,0,9,4,8,20,0
tide,random,skip,10189,2,1,10,18,30,0,52,4,18,20,0
tide,random,skip,10189,3,0,10,0,30,0,58,16,20,20,0
tide,random,skip,10189,4,0,5,0,30,0,14,5,8,20,0
tide,random,skip,10190,0,1,4,30,30,0,8,3,7,20,0
tide,random,skip,10190,1,1,5,11,30,0,9,8,9,20,0
tide,random,skip,10190,2,1,10,9,30,0,43,14,19,20,0
tide,random,skip,10190,3,0,7,0,30,0,23,14,14,20,0
tide,random,skip,10190,4,0,5,0,30,0,21,0,7,20,0
tide,random,skip,10191,0,1,3,26,30,0,0,5,5,20,0
tide,random,skip,10191,1,1,4,27,30,0,18,0,7,20,0
tide,random,skip,10191,2,0,7,0,30,0,18,10,14,20,0
tide,random,skip,10191,3,0,8,0,30,0,35,9,13,20,0
tide,random,skip,10191,4,0,5,0,30,0,16,4,10,20,0
tide,random,skip,10192,0,1,3,26,30,0,0,0,4,20,0
tide,random,skip,10192,1,1,8,10,30,0,29,7,13,20,0
tide,random,skip,10192,2,1,11,22,30,0,64,18,21,20,0
tide,random,skip,10192,3,0,5,0,30,0,8,6,10,20,0
tide,random,skip,10192,4,0,6,0,30,0,28,6,12,20,0
tide,random,skip,10193,0,1,3,30,30,0,2,4,6,20,0
tide,random,skip,10193,1,1,4,23,30,0,14,0,8,20,0
tide,random,skip,10193,2,1,7,7,30,0,17,7,13,20,0
tide,random,skip,10193,3,1,7,10,30,0,24,9,14,20,0
tide,random,skip,10193,4,0,4,0,30,0,5,3,7,20,0
tide,random,skip,10194,0,1,4,30,30,0,8,0,6,20,0
tide,random,skip,10194,1,1,4,9,30,0,0,4,6,20,0
tide,random,skip,10194,2,0,8,0,30,0,23,7,14,20,0
tide,random,skip,10194,3,0,9,0,30,0,44,8,18,20,0
tide,random,skip,10194,4,0,5,0,30,0,20,5,9,20,0
tide,random,skip,10195,0,1,3,26,30,0,0,0,4,20,0
tide,random,skip,10195,1,1,5,7,30,0,5,10,8,20,0
tide,random,skip,10195,2,1,8,15,30,0,33,0,14,20,0
tide,random,skip,10195,3,0,8,0,30,0,27,10,15,20,0
tide,random,skip,10195,4,0,5,0,30,0,19,3,9,20,0
tide,random,skip,10196,0,1,5,23,30,0,5,12,8,20,0
tide,random,skip,10196,1,1,4,9,30,0,0,0,5,20,0
tide,random,skip,10196,2,1,9,21,30,0,47,0,17,20,0
tide,random,skip,10196,3,0,5,0,30,0,8,10,9,20,0
tide,random,skip,10196,4,0,5,0,30,0,12,3,8,20,0
tide,random,skip,10197,0,1,3,26,30,0,4,4,5,20,0
tide,random,skip,10197,1,1,5,29,30,0,22,0,9,20,0
tide,random,skip,10197,2,1,6,14,30,0,16,0,10,20,0
tide,random,skip,10197,3,1,9,6,30,0,48,5,17,20,0
tide,random,skip,10197,4,0,5,0,30,0,19,3,10,20,0
tide,random,skip,10198,0,1,3,26,30,0,0,7,5,20,0
tide,random,skip,10198,1,1,7,13,30,0,25,0,10,20,0
tide,random,skip,10198,2,1,7,6,30,0,16,11,13,20,0
tide,random,skip,10198,3,0,5,0,30,0,5,14,10,20,0
tide,random,skip,10198,4,0,3,0,30,0,0,9,6,20,0
tide,random,skip,10199,0,1,3,30,30,0,4,4,5,20,0
tide,random,skip,10199,1,1,6,3,30,0,8,3,9,20,0
tide,random,skip,10199,2,1,8,15,30,0,33,0,15,20,0
tide,random,skip,10199,3,0,4,0,30,0,0,3,7,20,0
tide,random,skip,10199,4,0,4,0,30,0,9,16,8,20,0
tide,random,skip,10200,0,1,3,30,30,0,4,0,5,20,0
tide,random,skip,10200,1,1,3,23,30,0,7,4,6,20,0
tide,random,skip,10200,2,1,7,17,30,0,27,0,12,20,0
tide,random,skip,10200,3,0,7,0,30,0,28,16,14,20,0
tide,random,skip,10200,4,0,6,0,30,0,31,4,11,20,0
tide,random,skip,10201,0,1,5,26,30,0,8,11,8,20,0
tide,random,skip,10201,1,1,4,21,30,0,12,3,8,20,0
tide,random,skip,10201,2,1,10,4,30,0,38,7,17,20,0
tide,random,skip,10201,3,0,7,0,30,0,17,5,12,20,0
tide,random,skip,10201,4,0,5,0,30,0,16,9,9,20,0
tide,random,skip,10202,0,1,5,30,30,0,12,0,8,20,0
tide,random,skip,10202,1,1,5,16,30,0,9,6,8,20,0
tide,random,skip,10202,2,0,6,0,30,0,8,15,12,20,0
tide,random,skip,10202,3,0,5,0,30,0,9,8,8,20,0
tide,random,skip,10202,4,0,4,0,30,0,9,0,6,20,0
tide,random,skip,10203,0,1,3,30,30,0,4,0,5,20,0
tide,random,skip,10203,1,1,6,20,30,0,25,3,10,20,0
tide,random,skip,10203,2,0,9,0,30,0,27,12,16,20,0
tide,random,skip,10203,3,0,10,0,30,0,53,3,17,20,0
tide,random,skip,10203,4,0,5,0,30,0,17,7,10,20,0
tide,random,skip,10204,0,1,3,30,30,0,4,0,5,20,0
tide,random,skip,10204,1,1,5,18,30,0,16,6,9,20,0
tide,random,skip,10204,2,1,6,7,30,0,9,17,11,20,0
tide,random,skip,10204,3,0,8,0,30,0,34,6,15,20,0
tide,random,skip,10204,4,0,6,0,30,0,33,5,11,20,0
tide,random,skip,10205,0,1,3,30,30,0,2,0,4,20,0
tide,random,skip,10205,1,1,5,9,30,0,7,13,10,20,0
tide,random,skip,10205,2,0,7,0,30,0,14,3,12,20,0
tide,random,skip,10205,3,0,6,0,30,0,17,0,10,20,0
tide,random,skip,10205,4,0,6,0,30,0,23,13,12,20,0
tide,random,skip,10206,0,1,3,26,30,0,0,3,5,20,0
tide,random,skip,10206,1,1,7,14,30,0,26,3,11,20,0
tide,random,skip,10206,2,1,9,11,30,0,37,7,17,20,0
tide,random,skip,10206,3,0,10,0,30,0,51,13,20,20,0
tide,random,skip,10206,4,0,5,0,30,0,22,7,9,20,0
tide,random,skip,10207,0,1,2,26,30,0,0,3,4,20,0
tide,random,skip,10207,1,1,7,10,30,0,22,8,12,20,0
tide,random,skip,10207,2,1,6,13,30,0,15,3,11,20,0
tide,random,skip,10207,3,0,6,0,30,0,26,4,11,20,0
tide,random,skip,10207,4,1,9,4,30,0,53,9,17,20,0
tide,random,skip,10208,0,1,4,26,30,0,4,0,6,20,0
tide,random,skip,10208,1,1,7,18,30,0,30,9,14,20,0
tide,random,skip,10208,2,1,10,22,30,0,56,10,19,20,0
tide,random,skip,10208,3,0,4,0,30,0,5,5,7,20,0
tide,random,skip,10208,4,0,3,0,30,0,0,0,4,20,0
tide,random,skip,10209,0,1,4,26,30,0,4,0,5,20,0
tide,random,skip,10209,1,1,5,6,30,0,4,11,9,20,0
tide,random,skip,10209,2,1,8,22,30,0,40,4,16,20,0
tide,random,skip,10209,3,0,6,0,30,0,16,10,11,20,0
tide,random,skip,10209,4,0,4,0,30,0,16,0,7,20,0
tide,random,skip,10210,0,1,3,28,30,0,0,0,4,20,0
tide,random,skip,10210,1,1,6,9,30,0,14,0,10,20,0
tide,random,skip,10210,2,1,6,14,30,0,16,0,11,20,0
tide,random,skip,10210,3,0,10,0,30,0,60,8,19,20,0
tide,random,skip,10210,4,0,10,0,30,0,67,10,20,20,0
tide,random,skip,10211,0,1,3,30,30,0,4,0,4,20,0
tide,random,skip,10211,1,1,5,16,30,0,14,4,8,20,0
tide,random,skip,10211,2,1,11,7,30,0,49,12,20,20,0
tide,random,skip,10211,3,0,5,0,30,0,8,9,9,20,0
tide,random,skip,10211,4,0,4,0,30,0,0,10,8,20,0
tide,random,skip,10212,0,1,2,30,30,0,0,0,3,20,0
tide,random,skip,10212,1,1,5,16,30,0,14,4,10,20,0
tide,random,skip,10212,2,1,8,22,30,0,40,0,15,20,0
tide,random,skip,10212,3,0,11,0,30,0,64,5,20,20,0
tide,random,skip,10212,4,0,4,0,30,0,4,14,8,20,0
tide,random,skip,10213,0,1,3,30,30,0,4,3,6,20,0
tide,random,skip,10213,1,1,5,10,30,0,8,9,9,20,0
tide,random,skip,10213,2,1,11,27,30,0,69,7,21,20,0
tide,random,skip,10213,3,0,5,0,30,0,12,8,10,20,0
tide,random,skip,10213,4,0,6,0,30,0,24,8,12,20,0
tide,random,skip,10214,0,1,4,26,30,0,4,6,6,20,0
tide,random,skip,10214,1,1,4,13,30,0,4,6,7,20,0
tide,random,skip,10214,2,1,9,10,30,0,36,8,16,20,0
tide,random,skip,10214,3,0,8,0,30,0,39,8,13,20,0
tide,random,skip,10214,4,0,7,0,30,0,31,10,13,20,0
tide,random,skip,10215,0,1,3,30,30,0,4,0,4,20,0
tide,random,skip,10215,1,1,5,7,30,0,5,8,9,20,0
tide,random,skip,10215,2,1,7,11,30,0,21,3,12,20,0
tide,random,skip,10215,3,1,10,17,30,0,61,5,18,20,0
tide,random,skip,10215,4,0,5,0,30,0,18,0,9,20,0
tide,random,skip,10216,0,1,4,30,30,0,8,9,7,20,0
tide,random,skip,10216,1,1,4,13,30,0,4,6,8,20,0
tide,random,skip,10216,2,0,6,0,30,0,12,7,10,20,0
tide,random,skip,10216,3,0,5,0,30,0,10,8,10,20,0
tide,random,skip,10216,4,0,4,0,30,0,5,5,7,20,0
tide,random,skip,10217,0,1,3,22,30,0,0,0,4,20,0
tide,random,skip,10217,1,1,3,16,30,0,0,4,5,20,0
tide,random,skip,10217,2,1,9,17,30,0,43,8,17,20,0
tide,random,skip,10217,3,1,11,13,30,0,71,14,22,20,0
tide,random,skip,10217,4,0,5,0,30,0,25,0,9,20,0
tide,random,skip,10218,0,1,5,30,30,0,12,7,9,20,0
tide,random,skip,10218,1,1,5,10,30,0,8,11,10,20,0
tide,random,skip,10218,2,1,8,6,30,0,24,4,14,20,0
tide,random,skip,10218,3,1,7,10,30,0,26,9,14,20,0
tide,random,skip,10218,4,0,5,0,30,0,21,4,9,20,0
tide,random,skip,10219,0,1,3,22,30,0,0,3,5,20,0
tide,random,skip,10219,1,1,3,16,30,0,0,3,5,20,0
tide,random,skip,10219,2,1,6,9,30,0,11,4,11,20,0
tide,random,skip,10219,3,0,8,0,30,0,36,21,16,20,0
tide,random,skip,10219,4,0,3,0,30,0,0,0,5,20,0
tide,random,skip,10220,0,1,5,22,30,0,4,5,7,20,0
tide,random,skip,10220,1,1,7,16,30,0,28,11,13,20,0
tide,random,skip,10220,2,1,9,14,30,0,40,8,16,20,0
tide,random,skip,10220,3,0,7,0,30,0,26,8,13,20,0
tide,random,skip,10220,4,0,5,0,30,0,16,3,9,20,0
tide,random,skip,10221,0,1,4,26,30,0,4,0,6,20,0
tide,random,skip,10221,1,1,5,21,30,0,19,3,10,20,0
tide,random,skip,10221,2,1,9,9,30,0,35,10,16,20,0
tide,random,skip,10221,3,0,4,0,30,0,4,14,8,20,0
tide,random,skip,10221,4,0,8,0,30,0,45,3,15,20,0
tide,random,skip,10222,0,1,3,30,30,0,2,0,5,20,0
tide,random,skip,10222,1,1,7,10,30,0,22,7,12,20,0
tide,random,skip,10222,2,1,6,6,30,0,8,3,10,20,0
tide,random,skip,10222,3,0,7,0,30,0,28,8,13,20,0
tide,random,skip,10222,4,0,4,0,30,0,7,8,8,20,0
tide,random,skip,10223,0,1,3,30,30,0,4,3,6,20,0
tide,random,skip,10223,1,1,4,20,30,0,11,3,7,20,0
tide,random,skip,10223,2,0,5,0,30,0,0,13,10,20,0
tide,random,skip,10223,3,0,10,0,30,0,57,13,19,20,0
tide,random,skip,10223,4,0,5,0,30,0,16,5,9,20,0
tide,random,skip,10224,0,1,4,26,30,0,4,0,6,20,0
tide,random,skip,10224,1,1,4,9,30,0,0,0,6,20,0
tide,random,skip,10224,2,1,8,13,30,0,31,8,14,20,0
tide,random,skip,10224,3,0,7,0,30,0,27,5,14,20,0
tide,random,skip,10224,4,0,4,0,30,0,11,5,7,20,0
tide,random,skip,10225,0,1,4,26,30,0,4,4,6,20,0
tide,random,skip,10225,1,1,5,6,30,0,4,11,8,20,0
tide,random,skip,10225,2,1,6,13,30,0,15,0,10,20,0
tide,random,skip,10225,3,0,7,0,30,0,26,9,12,20,0
tide,random,skip,10225,4,0,3,0,30,0,0,4,5,20,0
tide,random,skip,10226,0,1,3,30,30,0,4,4,6,20,0
tide,random,skip,10226,1,1,3,23,30,0,2,3,5,20,0
tide,random,skip,10226,2,0,4,0,30,0,0,3,5,20,0
tide,random,skip,10226,3,1,11,6,30,0,66,14,22,20,0
tide,random,skip,10226,4,0,4,0,30,0,4,0,5,20,0
tide,random,skip,10227,0,1,3,26,30,0,0,3,5,20,0
tide,random,skip,10227,1,1,5,16,30,0,14,3,9,20,0
tide,random,skip,10227,2,1,7,21,30,0,31,0,13,20,0
tide,random,skip,10227,3,0,7,0,30,0,17,8,13,20,0
tide,random,skip,10227,4,0,3,0,30,0,0,5,4,20,0
tide,random,skip,10228,0,1,2,26,30,0,0,0,3,20,0
tide,random,skip,10228,1,1,4,9,30,0,0,4,7,20,0
tide,random,skip,10228,2,1,7,16,30,0,26,5,14,20,0
tide,random,skip,10228,3,0,9,0,30,0,44,3,15,20,0
tide,random,skip,10228,4,0,3,0,30,0,4,8,6,20,0
tide,random,skip,10229,0,1,4,30,30,0,6,3,7,20,0
tide,random,skip,10229,1,1,5,11,30,0,9,7,10,20,0
tide,random,skip,10229,2,1,7,15,30,0,25,3,13,20,0
tide,random,skip,10229,3,0,6,0,30,0,13,8,11,20,0
tide,random,skip,10229,4,0,5,0,30,0,24,8,10,20,0
tide,random,skip,10230,0,1,3,30,30,0,4,0,4,20,0
tide,random,skip,10230,1,1,3,16,30,0,0,0,6,20,0
tide,random,skip,10230,2,0,6,0,30,0,16,10,10,20,0
tide,random,skip,10230,3,0,5,0,30,0,11,9,10,20,0
tide,random,skip,10230,4,0,4,0,30,0,13,10,8,20,0
tide,random,skip,10231,0,1,5,26,30,0,8,11,9,20,0
tide,random,skip,10231,1,1,6,19,30,0,23,3,11,20,0
tide,random,skip,10231,2,1,6,3,30,0,5,3,10,20,0
tide,random,skip,10231,3,0,7,0,30,0,29,6,13,20,0
tide,random,skip,10231,4,0,5,0,30,0,10,3,9,20,0
tide,random,skip,10232,0,1,3,22,30,0,0,3,5,20,0
tide,random,skip,10232,1,1,3,16,30,0,0,4,6,20,0
tide,random,skip,10232,2,0,5,0,30,0,0,7,9,20,0
tide,random,skip,10232,3,0,4,0,30,0,0,6,8,20,0
tide,random,skip,10232,4,0,5,0,30,0,18,0,9,20,0
tide,random,skip,10233,0,1,3,30,30,0,4,0,5,20,0
tide,random,skip,10233,1,1,5,23,30,0,21,3,10,20,0
tide,random,skip,10233,2,1,8,22,30,0,40,3,14,20,0
tide,random,skip,10233,3,0,6,0,30,0,19,3,11,20,0
tide,random,skip,10233,4,1,5,5,30,0,17,10,9,20,0
tide,random,skip,10234,0,1,3,30,30,0,4,0,5,20,0
tide,random,skip,10234,1,1,5,11,30,0,4,9,8,20,0
tide,random,skip,10234,2,1,6,8,30,0,10,6,11,20,0
tide,random,skip,10234,3,0,7,0,30,0,32,11,13,20,0
tide,random,skip,10234,4,0,5,0,30,0,9,10,10,20,0
tide,random,skip,10235,0,1,4,22,30,0,0,5,6,20,0
tide,random,skip,10235,1,1,5,2,30,0,0,4,8,20,0
tide,random,skip,10235,2,0,6,0,30,0,18,12,10,20,0
tide,random,skip,10235,3,0,4,0,30,0,0,3,8,20,0
tide,random,skip,10235,4,0,4,0,30,0,4,14,8,20,0
tide,random,skip,10236,0,1,4,30,30,0,8,7,8,20,0
tide,random,skip,10236,1,1,4,9,30,0,0,0,6,20,0
tide,random,skip,10236,2,1,8,18,30,0,36,11,15,20,0
tide,random,skip,10236,3,1,9,1,30,0,39,0,16,20,0
tide,random,skip,10236,4,0,5,0,30,0,25,0,9,20,0
tide,random,skip,10237,0,1,2,30,30,0,0,0,4,20,0
tide,random,skip,10237,1,1,5,12,30,0,9,11,9,20,0
tide,random,skip,10237,2,0,6,0,30,0,8,7,10,20,0
tide,random,skip,10237,3,0,8,0,30,0,36,11,15,20,0
tide,random,skip,10237,4,0,8,0,30,0,51,15,15,20,0
tide,random,skip,10238,0,1,3,26,30,0,0,4,5,20,0
tide,random,skip,10238,1,1,4,9,30,0,0,5,6,20,0
tide,random,skip,10238,2,1,7,6,30,0,16,4,12,20,0
tide,random,skip,10238,3,0,5,0,30,0,12,0,9,20,0
tide,random,skip,10238,4,0,4,0,30,0,7,3,7,20,0
tide,random,skip,10239,0,1,4,26,30,0,4,4,6,20,0
tide,random,skip,10239,1,1,4,9,30,0,0,7,7,20,0
tide,random,skip,10239,2,1,8,10,30,0,28,9,15,20,0
tide,random,skip,10239,3,0,7,0,30,0,22,16,13,20,0
tide,random,skip,10239,4,0,6,0,30,0,16,5,10,20,0
tide,random,skip,10240,0,1,3,26,30,0,4,5,6,20,0
tide,random,skip,10240,1,1,5,6,30,0,4,10,8,20,0
tide,random,skip,10240,2,1,7,7,30,0,17,12,13,20,0
tide,random,skip,10240,3,0,7,0,30,0,30,0,13,20,0
tide,random,skip,10240,4,0,4,0,30,0,9,4,7,20,0
tide,random,skip,10241,0,1,3,26,30,0,0,3,5,20,0
tide,random,skip,10241,1,1,3,16,30,0,0,7,6,20,0
tide,random,skip,10241,2,1,6,13,30,0,15,3,11,20,0
tide,random,skip,10241,3,0,5,0,30,0,12,9,10,20,0
tide,random,skip,10241,4,0,4,0,30,0,4,0,6,20,0
tide,random,skip,10242,0,1,4,30,30,0,6,4,7,20,0
tide,random,skip,10242,1,1,3,21,30,0,5,0,5,20,0
tide,random,skip,10242,2,1,9,5,30,0,31,0,15,20,0
tide,random,skip,10242,3,0,6,0,30,0,16,6,11,20,0
tide,random,skip,10242,4,0,8,0,30,0,48,9,16,20,0
tide,random,skip,10243,0,1,3,30,30,0,2,3,6,20,0
tide,random,skip,10243,1,1,5,10,30,0,8,7,9,20,0
tide,random,skip,10243,2,1,7,13,30,0,23,0,13,20,0
tide,random,skip,10243,3,0,7,0,30,0,31,10,13,20,0
tide,random,skip,10243,4,0,3,0,30,0,0,0,4,20,0
tide,random,skip,10244,0,1,3,30,30,0,4,3,5,20,0
tide,random,skip,10244,1,1,6,14,30,0,18,3,10,20,0
tide,random,skip,10244,2,1,9,22,30,0,48,5,16,20,0
tide,random,skip,10244,3,0,8,0,30,0,39,11,16,20,0
tide,random,skip,10244,4,0,5,0,30,0,17,0,9,20,0
tide,random,skip,10245,0,1,5,30,30,0,12,6,8,20,0
tide,random,skip,10245,1,1,3,16,30,0,0,0,5,20,0
tide,random,skip,10245,2,1,5,20,30,0,14,0,9,20,0
tide,random,skip,10245,3,0,6,0,30,0,19,6,11,20,0
tide,random,skip,10245,4,0,7,0,30,0,44,4,13,20,0
tide,random,skip,10246,0,1,7,26,30,0,16,8,11,20,0
tide,random,skip,10246,1,1,5,9,30,0,7,6,8,20,0
tide,random,skip,10246,2,1,9,13,30,0,39,10,17,20,0
tide,random,skip,10246,3,0,11,0,30,0,66,11,21,20,0
tide,random,skip,10246,4,0,4,0,30,0,4,10,7,20,0
tide,random,skip,10247,0,1,5,22,30,0,4,9,8,20,0
tide,random,skip,10247,1,1,5,14,30,0,12,0,8,20,0
tide,random,skip,10247,2,1,6,13,30,0,15,4,11,20,0
tide,random,skip,10247,3,0,5,0,30,0,13,3,9,20,0
tide,random,skip,10247,4,0,7,0,30,0,33,9,14,20,0
tide,random,skip,10248,0,1,4,30,30,0,8,3,7,20,0
tide,random,skip,10248,1,1,3,23,30,0,7,4,6,20,0
tide,random,skip,10248,2,1,9,18,30,0,44,6,17,20,0
tide,random,skip,10248,3,0,7,0,30,0,26,9,13,20,0
tide,random,skip,10248,4,0,5,0,30,0,27,0,9,20,0
tide,random,skip,10249,0,1,5,22,30,0,4,9,8,20,0
tide,random,skip,10249,1,1,6,18,30,0,23,10,12,20,0
tide,random,skip,10249,2,1,8,14,30,0,32,5,15,20,0
tide,random,skip,10249,3,0,8,0,30,0,38,5,15,20,0
tide,random,skip,10249,4,0,5,0,30,0,16,0,9,20,0
tide,random,skip,10250,0,1,4,22,30,0,0,4,5,20,0
tide,random,skip,10250,1,1,5,10,30,0,8,6,9,20,0
tide,random,skip,10250,2,1,7,13,30,0,23,5,12,20,0
tide,random,skip,10250,3,0,5,0,30,0,15,11,9,20,0
tide,random,skip,10250,4,0,8,0,30,0,45,8,16,20,0
tide,random,skip,10251,0,1,2,26,30,0,0,0,3,20,0
tide,random,skip,10251,1,1,4,9,30,0,0,6,7,20,0
tide,random,skip,10251,2,1,8,19,30,0,37,7,15,20,0
tide,random,skip,10251,3,0,7,0,30,0,30,11,14,20,0
tide,random,skip,10251,4,0,6,0,30,0,31,9,11,20,0
tide,random,skip,10252,0,1,3,26,30,0,0,0,4,20,0
tide,random,skip,10252,1,1,4,23,30,0,14,3,8,20,0
tide,random,skip,10252,2,1,7,19,30,0,29,0,13,20,0
tide,random,skip,10252,3,0,8,0,30,0,37,11,16,20,0
tide,random,skip,10252,4,0,5,0,30,0,17,9,10,20,0
tide,random,skip,10253,0,1,3,26,30,0,0,4,5,20,0
tide,random,skip,10253,1,1,6,13,30,0,18,4,10,20,0
tide,random,skip,10253,2,1,11,5,30,0,47,11,20,20,0
tide,random,skip,10253,3,0,4,0,30,0,0,7,7,20,0
tide,random,skip,10253,4,0,4,0,30,0,4,3,6,20,0
tide,random,skip,10254,0,1,2,26,30,0,0,3,4,20,0
tide,random,skip,10254,1,1,3,16,30,0,0,3,5,20,0
tide,random,skip,10254,2,0,4,0,30,0,0,4,6,20,0
tide,random,skip,10254,3,0,7,0,30,0,31,11,13,20,0
tide,random,skip,10254,4,0,5,0,30,0,12,4,10,20,0
tide,random,skip,10255,0,1,4,22,30,0,0,5,6,20,0
tide,random,skip,10255,1,1,5,10,30,0,8,0,8,20,0
tide,random,skip,10255,2,1,10,22,30,0,56,9,19,20,0
tide,random,skip,10255,3,0,5,0,30,0,0,10,8,20,0
tide,random,skip,10255,4,0,5,0,30,0,16,5,9,20,0
tide,random,skip,10256,0,1,4,30,30,0,8,0,7,20,0
tide,random,skip,10256,1,1,5,7,30,0,5,3,8,20,0
tide,random,skip,10256,2,1,8,7,30,0,24,8,14,20,0
tide,random,skip,10256,3,0,5,0,30,0,12,7,8,20,0
tide,random,skip,10256,4,0,4,0,30,0,8,0,6,20,0
tide,random,skip,10257,0,1,2,26,30,0,0,6,4,20,0
tide,random,skip,10257,1,1,3,16,30,0,0,0,5,20,0
tide,random,skip,10257,2,0,5,0,30,0,0,9,8,20,0
tide,random,skip,10257,3,0,8,0,30,0,35,11,16,20,0
tide,random,skip,10257,4,0,6,0,30,0,23,8,11,20,0
tide,random,skip,10258,0,1,4,30,30,0,8,7,8,20,0
tide,random,skip,10258,1,1,5,6,30,0,4,8,8,20,0
tide,random,skip,10258,2,0,5,0,30,0,0,16,10,20,0
tide,random,skip,10258,3,0,8,0,30,0,37,3,13,20,0
tide,random,skip,10258,4,0,4,0,30,0,9,8,8,20,0
tide,random,skip,10259,0,1,3,30,30,0,4,0,6,20,0
tide,random,skip,10259,1,1,4,23,30,0,14,0,7,20,0
tide,random,skip,10259,2,1,13,13,30,0,71,16,25,20,0
tide,random,skip,10259,3,0,9,0,30,0,41,3,16,20,0
tide,random,skip,10259,4,1,11,5,30,0,78,4,20,20,0
tide,random,skip,10260,0,1,4,30,30,0,8,0,6,20,0
tide,random,skip,10260,1,1,4,23,30,0,14,0,6,20,0
tide,random,skip,10260,2,1,9,22,30,0,48,7,16,20,0
tide,random,skip,10260,3,0,5,0,30,0,11,9,9,20,0
tide,random,skip,10260,4,0,6,0,30,0,27,5,11,20,0
tide,random,skip,10261,0,1,3,30,30,0,4,3,6,20,0
tide,random,skip,10261,1,1,3,16,30,0,0,6,6,20,0
tide,random,skip,10261,2,1,5,21,30,0,15,7,10,20,0
tide,random,skip,10261,3,0,8,0,30,0,38,4,16,20,0
tide,random,skip,10261,4,0,6,0,30,0,35,3,12,20,0
tide,random,skip,10262,0,1,4,26,30,0,4,0,5,20,0
tide,random,skip,10262,1,1,5,16,30,0,14,6,9,20,0
tide,random,skip,10262,2,1,7,10,30,0,20,11,13,20,0
tide,random,skip,10262,3,0,6,0,30,0,11,8,10,20,0
tide,random,skip,10262,4,0,3,0,30,0,0,5,5,20,0
tide,random,skip,10263,0,1,2,28,30,0,0,3,4,20,0
tide,random,skip,10263,1,1,4,20,30,0,11,0,6,20,0
tide,random,skip,10263,2,1,12,17,30,0,67,13,24,20,0
tide,random,skip,10263,3,0,6,0,30,0,20,6,11,20,0
tide,random,skip,10263,4,0,3,0,30,0,0,4,4,20,0
tide,random,skip,10264,0,1,2,26,30,0,0,4,4,20,0
tide,random,skip,10264,1,1,6,23,30,0,28,3,11,20,0
tide,random,skip,10264,2,1,8,11,30,0,29,16,16,20,0
tide,random,skip,10264,3,0,7,0,30,0,32,0,12,20,0
tide,random,skip,10264,4,0,7,0,30,0,31,10,13,20,0
tide,random,skip,10265,0,1,3,26,30,0,0,5,5,20,0
tide,random,skip,10265,1,1,4,23,30,0,14,0,6,20,0
tide,random,skip,10265,2,0,6,0,30,0,18,0,10,20,0
tide,random,skip,10265,3,0,7,0,30,0,19,20,14,20,0
tide,random,skip,10265,4,0,3,0,30,0,0,0,5,20,0
tide,random,skip,10266,0,1,5,30,30,0,12,3,9,20,0
tide,random,skip,10266,1,1,6,7,30,0,12,10,10,20,0
tide,random,skip,10266,2,0,9,0,30,0,31,15,16,20,0
tide,random,skip,10266,3,0,4,0,30,0,4,5,6,20,0
tide,random,skip,10266,4,0,5,0,30,0,13,0,8,20,0
tide,random,skip,10267,0,1,3,30,30,0,4,4,5,20,0
tide,random,skip,10267,1,1,3,17,30,0,0,6,5,20,0
tide,random,skip,10267,2,1,8,2,30,0,20,3,13,20,0
tide,random,skip,10267,3,1,7,2,30,0,18,5,12,20,0
tide,random,skip,10267,4,0,4,0,30,0,16,3,8,20,0
tide,random,skip,10268,0,1,5,30,30,0,12,0,8,20,0
tide,random,skip,10268,1,1,4,9,30,0,0,4,6,20,0
tide,random,skip,10268,2,1,7,12,30,0,22,3,13,20,0
tide,random,skip,10268,3,0,7,0,30,0,26,3,12,20,0
tide,random,skip,10268,4,0,4,0,30,0,6,6,7,20,0
tide,random,skip,10269,0,1,3,30,30,0,4,0,5,20,0
tide,random,skip,10269,1,1,3,20,30,0,4,0,5,20,0
tide,random,skip,10269,2,1,6,5,30,0,7,3,10,20,0
tide,random,skip,10269,3,0,4,0,30,0,0,0,4,20,0
tide,random,skip,10269,4,0,4,0,30,0,4,9,8,20,0
tide,random,skip,10270,0,1,3,30,30,0,4,3,6,20,0
tide,random,skip,10270,1,1,5,16,30,0,14,7,9,20,0
tide,random,skip,10270,2,1,9,18,30,0,44,3,16,20,0
tide,random,skip,10270,3,0,5,0,30,0,16,15,10,20,0
tide,random,skip,10270,4,0,5,0,30,0,20,0,9,20,0
tide,random,skip,10271,0,1,4,26,30,0,4,4,6,20,0
tide,random,skip,10271,1,1,4,20,30,0,11,11,8,20,0
tide,random,skip,10271,2,1,11,13,30,0,55,8,21,20,0
tide,random,skip,10271,3,0,4,0,30,0,4,8,7,20,0
tide,random,skip,10271,4,0,5,0,30,0,13,10,10,20,0
tide,random,skip,10272,0,1,3,30,30,0,4,9,6,20,0
tide,random,skip,10272,1,1,4,17,30,0,8,6,8,20,0
tide,random,skip,10272,2,1,7,12,30,0,22,4,12,20,0
tide,random,skip,10272,3,0,4,0,30,0,4,17,8,20,0
tide,random,skip,10272,4,0,6,0,30,0,30,3,11,20,0
tide,random,skip,10273,0,1,2,26,30,0,0,0,3,20,0
tide,random,skip,10273,1,1,5,15,30,0,13,3,9,20,0
tide,random,skip,10273,2,1,9,18,30,0,44,10,17,20,0
tide,random,skip,10273,3,0,5,0,30,0,7,6,9,20,0
tide,random,skip,10273,4,0,5,0,30,0,22,3,10,20,0
tide,random,skip,10274,0,1,2,30,30,0,0,0,4,20,0
tide,random,skip,10274,1,1,7,3,30,0,15,11,12,20,0
tide,random,skip,10274,2,1,8,22,30,0,40,8,14,20,0
tide,random,skip,10274,3,0,10,0,30,0,53,11,18,20,0
tide,random,skip,10274,4,0,9,0,30,0,50,8,18,20,0
tide,random,skip,10275,0,1,3,30,30,0,4,4,5,20,0
tide,random,skip,10275,1,1,5,13,30,0,6,4,8,20,0
tide,random,skip,10275,2,1,8,14,30,0,32,3,15,20,0
tide,random,skip,10275,3,0,7,0,30,0,19,6,12,20,0
tide,random,skip,10275,4,0,5,0,30,0,20,0,9,20,0
tide,random,skip,10276,0,1,6,26,30,0,12,6,9,20,0
tide,random,skip,10276,1,1,4,20,30,0,11,0,7,20,0
tide,random,skip,10276,2,1,8,22,30,0,40,0,14,20,0
tide,random,skip,10276,3,0,5,0,30,0,7,7,9,20,0
tide,random,skip,10276,4,0,3,0,30,0,0,0,5,20,0
tide,random,skip,10277,0,1,3,26,30,0,0,3,5,20,0
tide,random,skip,10277,1,1,6,13,30,0,18,13,12,20,0
tide,random,skip,10277,2,0,9,0,30,0,32,16,16,20,0
tide,random,skip,10277,3,0,10,0,30,0,54,14,19,20,0
tide,random,skip,10277,4,0,4,0,30,0,15,12,7,20,0
tide,random,skip,10278,0,1,5,26,30,0,8,12,9,20,0
tide,random,skip,10278,1,1,4,23,30,0,14,0,7,20,0
tide,random,skip,10278,2,1,7,16,30,0,26,0,12,20,0
tide,random,skip,10278,3,0,10,0,30,0,53,12,19,20,0
tide,random,skip,10278,4,0,5,0,30,0,10,10,10,20,0
tide,random,skip,10279,0,1,6,26,30,0,12,10,10,20,0
tide,random,skip,10279,1,1,4,21,30,0,11,0,7,20,0
tide,random,skip,10279,2,1,8,12,30,0,30,4,14,20,0
tide,random,skip,10279,3,0,8,0,30,0,29,11,15,20,0
tide,random,skip,10279,4,0,3,0,30,0,0,9,6,20,0
tide,random,skip,10280,0,1,3,30,30,0,4,3,6,20,0
tide,random,skip,10280,1,1,4,14,30,0,5,5,7,20,0
tide,random,skip,10280,2,1,6,14,30,0,16,0,10,20,0
tide,random,skip,10280,3,0,4,0,30,0,4,0,7,20,0
tide,random,skip,10280,4,0,4,0,30,0,4,0,6,20,0
tide,random,skip,10281,0,1,4,26,30,0,4,4,6,20,0
tide,random,skip,10281,1,1,4,13,30,0,4,6,7,20,0
tide,random,skip,10281,2,1,9,5,30,0,31,17,17,20,0
tide,random,skip,10281,3,0,5,0,30,0,10,7,10,20,0
tide,random,skip,10281,4,0,4,0,30,0,8,10,8,20,0
tide,random,skip,10282,0,1,4,30,30,0,8,0,6,20,0
tide,random,skip,10282,1,1,4,9,30,0,0,10,7,20,0
tide,random,skip,10282,2,1,11,6,30,0,48,7,18,20,0
tide,random,skip,10282,3,1,10,4,30,0,52,9,18,20,0
tide,random,skip,10282,4,0,3,0,30,0,0,3,4,20,0
tide,random,skip,10283,0,1,6,30,30,0,16,7,11,20,0
tide,random,skip,10283,1,1,4,16,30,0,7,5,7,20,0
tide,random,skip,10283,2,1,7,3,30,0,13,9,13,20,0
tide,random,skip,10283,3,0,5,0,30,0,4,0,7,20,0
tide,random,skip,10283,4,0,4,0,30,0,12,6,6,20,0
tide,random,skip,10284,0,1,2,26,30,0,0,0,3,20,0
tide,random,skip,10284,1,1,3,21,30,0,5,4,6,20,0
tide,random,skip,10284,2,1,7,16,30,0,26,6,13,20,0
tide,random,skip,10284,3,0,5,0,30,0,12,0,6,20,0
tide,random,skip,10284,4,0,4,0,30,0,5,3,6,20,0
tide,random,skip,10285,0,1,2,26,30,0,0,3,4,20,0
tide,random,skip,10285,1,1,4,9,30,0,0,0,5,20,0
tide,random,skip,10285,2,1,8,26,30,0,44,3,15,20,0
tide,random,skip,10285,3,0,9,0,30,0,42,3,16,20,0
tide,random,skip,10285,4,0,4,0,30,0,5,0,7,20,0
tide,random,skip,10286,0,1,3,26,30,0,0,10,6,20,0
tide,random,skip,10286,1,1,4,9,30,0,0,3,6,20,0
tide,random,skip,10286,2,1,8,15,30,0,33,3,16,20,0
tide,random,skip,10286,3,0,8,0,30,0,30,5,13,20,0
tide,random,skip,10286,4,0,5,0,30,0,19,14,10,20,0
tide,random,skip,10287,0,1,5,30,30,0,12,5,9,20,0
tide,random,skip,10287,1,1,4,23,30,0,14,5,7,20,0
tide,random,skip,10287,2,1,7,10,30,0,20,6,12,20,0
tide,random,skip,10287,3,0,7,0,30,0,26,15,14,20,0
tide,random,skip,10287,4,0,4,0,30,0,4,9,8,20,0
tide,random,skip,10288,0,1,3,26,30,0,4,3,5,20,0
tide,random,skip,10288,1,1,5,7,30,0,5,14,9,20,0
tide,random,skip,10288,2,0,5,0,30,0,8,9,9,20,0
tide,random,skip,10288,3,1,8,8,30,0,36,0,14,20,0
tide,random,skip,10288,4,0,6,0,30,0,27,5,12,20,0
tide,random,skip,10289,0,1,2,26,30,0,0,0,4,20,0
tide,random,skip,10289,1,1,7,9,30,0,21,10,13,20,0
tide,random,skip,10289,2,1,8,12,30,0,30,6,15,20,0
tide,random,skip,10289,3,0,8,0,30,0,41,13,15,20,0
tide,random,skip,10289,4,0,5,0,30,0,25,0,8,20,0
tide,random,skip,10290,0,1,2,30,30,0,0,0,4,20,0
tide,random,skip,10290,1,1,4,9,30,0,0,9,7,20,0
tide,random,skip,10290,2,1,9,3,30,0,29,11,16,20,0
tide,random,skip,10290,3,0,9,0,30,0,46,13,17,20,0
tide,random,skip,10290,4,0,4,0,30,0,12,0,6,20,0
tide,random,skip,10291,0,1,3,30,30,0,4,0,5,20,0
tide,random,skip,10291,1,1,5,13,30,0,11,9,9,20,0
tide,random,skip,10291,2,1,10,11,30,0,45,17,19,20,0
tide,random,skip,10291,3,1,10,1,30,0,47,4,18,20,0
tide,random,skip,10291,4,0,7,0,30,0,31,8,14,20,0
tide,random,skip,10292,0,1,4,29,30,0,7,9,7,20,0
tide,random,skip,10292,1,1,3,21,30,0,5,3,6,20,0
tide,random,skip,10292,2,1,7,25,30,0,35,0,13,20,0
tide,random,skip,10292,3,0,8,0,30,0,36,5,15,20,0
tide,random,skip,10292,4,0,8,0,30,0,50,9,16,20,0
tide,random,skip,10293,0,1,4,26,30,0,4,0,5,20,0
tide,random,skip,10293,1,1,3,23,30,0,7,0,5,20,0
tide,random,skip,10293,2,1,8,21,30,0,39,3,15,20,0
tide,random,skip,10293,3,0,8,0,30,0,41,11,16,20,0
tide,random,skip,10293,4,0,5,0,30,0,24,6,10,20,0
tide,random,skip,10294,0,1,5,30,30,0,12,10,9,20,0
tide,random,skip,10294,1,1,4,20,30,0,11,0,7,20,0
tide,random,skip,10294,2,1,7,15,30,0,25,7,13,20,0
tide,random,skip,10294,3,0,8,0,30,0,40,12,16,20,0
tide,random,skip,10294,4,0,4,0,30,0,8,12,7,20,0
tide,random,skip,10295,0,1,2,30,30,0,0,3,4,20,0
tide,random,skip,10295,1,1,5,18,30,0,16,7,10,20,0
tide,random,skip,10295,2,1,7,19,30,0,29,3,14,20,0
tide,random,skip,10295,3,1,11,18,30,0,76,3,20,20,0
tide,random,skip,10295,4,0,5,0,30,0,20,3,9,20,0
tide,random,skip,10296,0,1,3,22,30,0,0,4,5,20,0
tide,random,skip,10296,1,1,4,23,30,0,14,0,7,20,0
tide,random,skip,10296,2,1,9,9,30,0,35,10,17,20,0
tide,random,skip,10296,3,0,8,0,30,0,33,4,14,20,0
tide,random,skip,10296,4,0,5,0,30,0,21,0,9,20,0
tide,random,skip,10297,0,1,2,30,30,0,4,0,4,20,0
tide,random,skip,10297,1,1,6,16,30,0,21,7,11,20,0
tide,random,skip,10297,2,1,8,13,30,0,31,10,14,20,0
tide,random,skip,10297,3,0,7,0,30,0,26,3,14,20,0
tide,random,skip,10297,4,0,5,0,30,0,21,10,9,20,0
tide,random,skip,10298,0,1,3,22,30,0,0,4,5,20,0
tide,random,skip,10298,1,0,5,0,30,0,4,6,7,20,0
tide,random,skip,10298,2,1,7,6,30,0,16,6,13,20,0
tide,random,skip,10298,3,0,5,0,30,0,8,4,9,20,0
tide,random,skip,10298,4,0,4,0,30,0,0,8,7,20,0
tide,random,skip,10299,0,1,3,26,30,0,0,4,5,20,0
tide,random,skip,10299,1,1,4,28,30,0,19,3,8,20,0
tide,random,skip,10299,2,1,6,6,30,0,8,11,11,20,0
tide,random,skip,10299,3,0,4,0,30,0,0,6,8,20,0
tide,random,skip,10299,4,0,5,0,30,0,9,6,10,20,0
tide,random,skip,10300,0,1,5,23,30,0,5,9,7,20,0
tide,random,skip,10300,1,1,5,21,30,0,19,0,7,20,0
tide,random,skip,10300,2,1,10,13,30,0,47,12,19,20,0
tide,random,skip,10300,3,0,11,0,30,0,65,9,21,20,0
tide,random,skip,10300,4,0,7,0,30,0,32,3,13,20,0
tide,random,skip,10301,0,1,2,26,30,0,0,0,3,20,0
tide,random,skip,10301,1,1,3,16,30,0,0,0,5,20,0
tide,random,skip,10301,2,1,6,22,30,0,24,10,12,20,0
tide,random,skip,10301,3,0,7,0,30,0,30,6,14,20,0
tide,random,skip,10301,4,0,5,0,30,0,18,3,9,20,0
tide,random,skip,10302,0,1,3,30,30,0,4,0,4,20,0
tide,random,skip,10302,1,1,4,16,30,0,7,7,7,20,0
tide,random,skip,10302,2,1,7,21,30,0,31,3,12,20,0
tide,random,skip,10302,3,0,8,0,30,0,31,10,16,20,0
tide,random,skip,10302,4,0,4,0,30,0,8,12,7,20,0
tide,random,skip,10303,0,1,3,30,30,0,4,3,6,20,0
tide,random,skip,10303,1,1,6,10,30,0,15,9,11,20,0
tide,random,skip,10303,2,1,8,22,30,0,39,3,14,20,0
tide,random,skip,10303,3,0,8,0,30,0,38,17,15,20,0
tide,random,skip,10303,4,0,6,0,30,0,28,18,11,20,0
tide,random,skip,10304,0,1,4,22,30,0,0,7,6,20,0
tide,random,skip,10304,1,1,6,8,30,0,13,13,10,20,0
tide,random,skip,10304,2,1,8,5,30,0,23,4,13,20,0
tide,random,skip,10304,3,0,8,0,30,0,39,15,16,20,0
tide,random,skip,10304,4,0,6,0,30,0,21,9,11,20,0
tide,random,skip,10305,0,1,3,30,30,0,4,4,6,20,0
tide,random,skip,10305,1,1,7,9,30,0,21,7,11,20,0
tide,random,skip,10305,2,1,11,18,30,0,60,4,19,20,0
tide,random,skip,10305,3,0,5,0,30,0,11,3,10,20,0
tide,random,skip,10305,4,0,5,0,30,0,19,5,9,20,0
tide,random,skip,10306,0,1,6,22,30,0,8,6,9,20,0
tide,random,skip,10306,1,1,6,7,30,0,12,3,9,20,0
tide,random,skip,10306,2,1,5,15,30,0,9,4,10,20,0
tide,random,skip,10306,3,0,5,0,30,0,8,8,10,20,0
tide,random,skip,10306,4,0,7,0,30,0,36,8,14,20,0
tide,random,skip,10307,0,1,3,26,30,0,4,3,5,20,0
tide,random,skip,10307,1,1,6,15,30,0,19,4,10,20,0
tide,random,skip,10307,2,0,5,0,30,0,8,9,9,20,0
tide,random,skip,10307,3,0,5,0,30,0,8,8,9,20,0
tide,random,skip,10307,4,0,6,0,30,0,23,3,12,20,0
tide,random,skip,10308,0,1,3,30,30,0,4,0,6,20,0
tide,random,skip,10308,1,1,4,16,30,0,7,4,8,20,0
tide,random,skip,10308,2,1,9,19,30,0,45,7,15,20,0
tide,random,skip,10308,3,1,6,15,30,0,25,3,12,20,0
tide,random,skip,10308,4,0,6,0,30,0,27,6,11,20,0
tide,random,skip,10309,0,1,3,30,30,0,4,0,5,20,0
tide,random,skip,10309,1,1,7,8,30,0,20,14,12,20,0
tide,random,skip,10309,2,1,7,11,30,0,21,8,12,20,0
tide,random,skip,10309,3,0,6,0,30,0,16,8,11,20,0
tide,random,skip,10309,4,0,5,0,30,0,17,5,10,20,0
tide,random,skip,10310,0,1,3,30,30,0,4,3,6,20,0
tide,random,skip,10310,1,1,3,23,30,0,7,0,5,20,0
tide,random,skip,10310,2,1,12,11,30,0,61,12,21,20,0
tide,random,skip,10310,3,0,4,0,30,0,4,8,8,20,0
tide,random,skip,10310,4,0,9,0,30,0,57,8,17,20,0
tide,random,skip,10311,0,1,5,26,30,0,8,7,9,20,0
tide,random,skip,10311,1,1,4,13,30,0,4,0,6,20,0
tide,random,skip,10311,2,1,5,18,30,0,12,7,10,20,0
tide,random,skip,10311,3,0,5,0,30,0,18,9,9,20,0
tide,random,skip,10311,4,0,5,0,30,0,17,0,10,20,0
tide,random,skip,10312,0,1,2,30,30,0,0,0,3,20,0
tide,random,skip,10312,1,1,5,16,30,0,14,7,9,20,0
tide,random,skip,10312,2,0,4,0,30,0,0,3,5,20,0
tide,random,skip,10312,3,1,11,1,30,0,57,7,21,20,0
tide,random,skip,10312,4,0,5,0,30,0,11,10,9,20,0
tide,random,skip,10313,0,1,4,30,30,0,8,7,7,20,0
tide,random,skip,10313,1,1,4,25,30,0,16,0,7,20,0
tide,random,skip,10313,2,1,7,10,30,0,20,10,12,20,0
tide,random,skip,10313,3,0,6,0,30,0,15,9,12,20,0
tide,random,skip,10313,4,0,7,0,30,0,45,9,14,20,0
tide,random,skip,10314,0,1,2,26,30,0,0,4,4,20,0
tide,random,skip,10314,1,1,5,14,30,0,12,12,10,20,0
tide,random,skip,10314,2,1,6,14,30,0,16,3,12,20,0
tide,random,skip,10314,3,0,7,0,30,0,30,0,12,20,0
tide,random,skip,10314,4,0,4,0,30,0,0,12,7,20,0
tide,random,skip,10315,0,1,4,26,30,0,4,0,5,20,0
tide,random,skip,10315,1,1,4,23,30,0,14,4,8,20,0
tide,random,skip,10315,2,1,7,10,30,0,20,6,14,20,0
tide,random,skip,10315,3,0,5,0,30,0,16,10,9,20,0
tide,random,skip,10315,4,0,5,0,30,0,18,14,10,20,0
tide,random,skip,10316,0,1,2,30,30,0,0,0,3,20,0
tide,random,skip,10316,1,1,4,23,30,0,14,0,6,20,0
tide,random,skip,10316,2,1,7,14,30,0,24,15,14,20,0
tide,random,skip,10316,3,0,5,0,30,0,9,0,9,20,0
tide,random,skip,10316,4,0,3,0,30,0,0,6,5,20,0
tide,random,skip,10317,0,1,7,26,30,0,16,15,13,20,0
tide,random,skip,10317,1,1,4,14,30,0,5,4,7,20,0
tide,random,skip,10317,2,0,7,0,30,0,12,9,11,20,0
tide,random,skip,10317,3,0,7,0,30,0,22,10,11,20,0
tide,random,skip,10317,4,0,5,0,30,0,17,8,10,20,0
tide,random,skip,10318,0,1,4,26,30,0,4,3,6,20,0
tide,random,skip,10318,1,1,5,16,30,0,14,3,8,20,0
tide,random,skip,10318,2,1,6,10,30,0,12,4,11,20,0
tide,random,skip,10318,3,1,8,9,30,0,37,0,14,20,0
tide,random,skip,10318,4,0,8,0,30,0,47,5,15,20,0
tide,random,skip,10319,0,1,2,26,30,0,0,4,4,20,0
tide,random,skip,10319,1,1,4,13,30,0,4,0,6,20,0
tide,random,skip,10319,2,1,8,10,30,0,28,4,15,20,0
tide,random,skip,10319,3,1,8,7,30,0,37,4,16,20,0
tide,random,skip,10319,4,0,4,0,30,0,8,6,7,20,0
tide,random,skip,10320,0,1,3,30,30,0,2,0,4,20,0
tide,random,skip,10320,1,1,5,18,30,0,16,0,9,20,0
tide,random,skip,10320,2,1,8,22,30,0,40,3,14,20,0
tide,random,skip,10320,3,0,5,0,30,0,12,5,9,20,0
tide,random,skip,10320,4,0,4,0,30,0,14,0,7,20,0
tide,random,skip,10321,0,1,5,26,30,0,8,3,8,20,0
tide,random,skip,10321,1,1,3,20,30,0,4,3,6,20,0
tide,random,skip,10321,2,0,6,0,30,0,8,5,9,20,0
tide,random,skip,10321,3,0,5,0,30,0,11,4,9,20,0
tide,random,skip,10321,4,0,4,0,30,0,8,9,6,20,0
tide,random,skip,10322,0,1,3,26,30,0,0,3,5,20,0
tide,random,skip,10322,1,1,5,20,30,0,13,3,9,20,0
tide,random,skip,10322,2,1,7,30,30,0,40,4,13,20,0
tide,random,skip,10322,3,0,7,0,30,0,20,7,14,20,0
tide,random,skip,10322,4,0,9,0,30,0,58,11,18,20,0
tide,random,skip,10323,0,1,3,30,30,0,4,7,6,20,0
tide,random,skip,10323,1,1,3,20,30,0,4,3,6,20,0
tide,random,skip,10323,2,1,6,22,30,0,24,0,11,20,0
tide,random,skip,10323,3,0,6,0,30,0,22,16,11,20,0
tide,random,skip,10323,4,0,7,0,30,0,38,0,14,20,0
tide,random,skip,10324,0,1,3,26,30,0,0,5,6,20,0
tide,random,skip,10324,1,1,2,23,30,0,0,0,4,20,0
tide,random,skip,10324,2,1,8,19,30,0,37,12,16,20,0
tide,random,skip,10324,3,1,6,1,30,0,11,8,11,20,0
tide,random,skip,10324,4,0,6,0,30,0,22,5,11,20,0
tide,random,skip,10325,0,1,3,26,30,0,0,8,6,20,0
tide,random,skip,10325,1,1,5,13,30,0,11,4,8,20,0
tide,random,skip,10325,2,1,9,11,30,0,36,0,17,20,0
tide,random,skip,10325,3,0,7,0,30,0,30,9,13,20,0
tide,random,skip,10325,4,0,6,0,30,0,21,11,12,20,0
tide,random,skip,10326,0,1,5,26,30,0,8,4,8,20,0
tide,random,skip,10326,1,1,4,9,30,0,0,7,7,20,0
tide,random,skip,10326,2,1,9,19,30,0,45,6,16,20,0
tide,random,skip,10326,3,1,8,4,30,0,36,3,15,20,0
tide,random,skip,10326,4,0,4,0,30,0,7,8,8,20,0
tide,random,skip,10327,0,1,3,26,30,0,4,3,5,20,0
tide,random,skip,10327,1,1,4,29,30,0,20,3,8,20,0
tide,random,skip,10327,2,0,7,0,30,0,16,14,13,20,0
tide,random,skip,10327,3,1,10,22,30,0,66,8,20,20,0
tide,random,skip,10327,4,0,6,0,30,0,26,8,10,20,0
tide,random,skip,10328,0,1,2,26,30,0,0,0,3,20,0
tide,random,skip,10328,1,1,5,25,30,0,23,3,9,20,0
tide,random,skip,10328,2,0,7,0,30,0,13,7,12,20,0
tide,random,skip,10328,3,0,6,0,30,0,14,0,10,20,0
tide,random,skip,10328,4,0,5,0,30,0,15,8,10,20,0
tide,random,skip,10329,0,1,3,30,30,0,4,3,6,20,0
tide,random,skip,10329,1,1,5,22,30,0,20,4,9,20,0
tide,random,skip,10329,2,1,9,15,30,0,41,3,17,20,0
tide,random,skip,10329,3,0,5,0,30,0,0,9,8,20,0
tide,random,skip,10329,4,0,6,0,30,0,26,0,11,20,0
tide,random,skip,10330,0,1,5,26,30,0,8,10,9,20,0
tide,random,skip,10330,1,1,3,20,30,0,4,0,5,20,0
tide,random,skip,10330,2,1,7,8,30,0,18,0,11,20,0
tide,random,skip,10330,3,0,7,0,30,0,27,4,13,20,0
tide,random,skip,10330,4,0,7,0,30,0,36,0,13,20,0
tide,random,skip,10331,0,1,4,30,30,0,8,0,6,20,0
tide,random,skip,10331,1,1,5,12,30,0,9,7,8,20,0
tide,random,skip,10331,2,1,8,22,30,0,40,3,14,20,0
tide,random,skip,10331,3,0,5,0,30,0,19,7,8,20,0
tide,random,skip,10331,4,0,4,0,30,0,5,6,8,20,0
tide,random,skip,10332,0,1,5,26,30,0,8,0,7,20,0
tide,random,skip,10332,1,1,3,20,30,0,4,3,6,20,0
tide,random,skip,10332,2,1,7,10,30,0,20,0,13,20,0
tide,random,skip,10332,3,0,6,0,30,0,13,5,10,20,0
tide,random,skip,10332,4,0,3,0,30,0,0,5,6,20,0
tide,random,skip,10333,0,1,2,30,30,0,0,0,4,20,0
tide,random,skip,10333,1,1,5,20,30,0,18,7,9,20,0
tide,random,skip,10333,2,1,8,2,30,0,20,12,14,20,0
tide,random,skip,10333,3,0,5,0,30,0,0,11,9,20,0
tide,random,skip,10333,4,0,5,0,30,0,16,9,9,20,0
tide,random,skip,10334,0,1,3,30,30,0,4,5,6,20,0
tide,random,skip,10334,1,1,4,18,30,0,8,3,7,20,0
tide,random,skip,10334,2,1,11,12,30,0,54,14,19,20,0
tide,random,skip,10334,3,0,7,0,30,0,30,8,13,20,0
tide,random,skip,10334,4,0,6,0,30,0,33,5,12,20,0
tide,random,skip,10335,0,1,3,26,30,0,0,3,5,20,0
tide,random,skip,10335,1,1,4,9,30,0,0,9,7,20,0
tide,random,skip,10335,2,1,8,18,30,0,36,4,14,20,0
tide,random,skip,10335,3,0,7,0,30,0,26,10,13,20,0
tide,random,skip,10335,4,0,4,0,30,0,13,8,7,20,0
tide,random,skip,10336,0,1,4,30,30,0,8,4,7,20,0
tide,random,skip,10336,1,1,5,23,30,0,21,0,9,20,0
tide,random,skip,10336,2,1,11,10,30,0,52,10,21,20,0
tide,random,skip,10336,3,0,8,0,30,0,29,9,15,20,0
tide,random,skip,10336,4,0,4,0,30,0,8,4,7,20,0
tide,random,skip,10337,0,1,3,30,30,0,4,0,5,20,0
tide,random,skip,10337,1,1,3,23,30,0,7,4,6,20,0
tide,random,skip,10337,2,1,8,19,30,0,37,7,16,20,0
tide,random,skip,10337,3,0,4,0,30,0,5,0,6,20,0
tide,random,skip,10337,4,0,7,0,30,0,45,4,13,20,0
tide,random,skip,10338,0,1,3,26,30,0,0,0,4,20,0
tide,random,skip,10338,1,1,3,23,30,0,7,3,6,20,0
tide,random,skip,10338,2,1,7,12,30,0,22,4,12,20,0
tide,random,skip,10338,3,0,8,0,30,0,32,11,16,20,0
tide,random,skip,10338,4,0,4,0,30,0,14,6,8,20,0
tide,random,skip,10339,0,1,4,30,30,0,8,3,7,20,0
tide,random,skip,10339,1,1,4,17,30,0,8,4,8,20,0
tide,random,skip,10339,2,1,10,13,30,0,47,11,19,20,0
tide,random,skip,10339,3,0,9,0,30,0,44,0,16,20,0
tide,random,skip,10339,4,0,8,0,30,0,45,4,15,20,0
tide,random,skip,10340,0,1,4,26,30,0,4,5,6,20,0
tide,random,skip,10340,1,1,3,16,30,0,0,3,6,20,0
tide,random,skip,10340,2,1,7,16,30,0,26,4,13,20,0
tide,random,skip,10340,3,0,6,0,30,0,19,9,11,20,0
tide,random,skip,10340,4,0,5,0,30,0,14,0,9,20,0
tide,random,skip,10341,0,1,5,26,30,0,8,13,9,20,0
tide,random,skip,10341,1,1,8,13,30,0,32,9,14,20,0
tide,random,skip,10341,2,1,8,14,30,0,32,3,15,20,0
tide,random,skip,10341,3,0,5,0,30,0,14,6,10,20,0
tide,random,skip,10341,4,0,3,0,30,0,0,0,5,20,0
tide,random,skip,10342,0,1,3,30,30,0,4,0,5,20,0
tide,random,skip,10342,1,1,4,17,30,0,8,10,8,20,0
tide,random,skip,10342,2,1,11,6,30,0,48,3,20,20,0
tide,random,skip,10342,3,0,6,0,30,0,18,5,12,20,0
tide,random,skip,10342,4,0,7,0,30,0,35,7,14,20,0
tide,random,skip,10343,0,1,3,30,30,0,4,0,4,20,0
tide,random,skip,10343,1,1,3,20,30,0,4,0,6,20,0
tide,random,skip,10343,2,1,10,2,30,0,36,4,17,20,0
tide,random,skip,10343,3,0,7,0,30,0,21,15,13,20,0
tide,random,skip,10343,4,0,7,0,30,0,38,14,12,20,0
tide,random,skip,10344,0,1,5,23,30,0,5,12,8,20,0
tide,random,skip,10344,1,1,4,23,30,0,14,0,7,20,0
tide,random,skip,10344,2,1,5,13,30,0,7,6,9,20,0
tide,random,skip,10344,3,0,7,0,30,0,22,7,12,20,0
tide,random,skip,10344,4,0,6,0,30,0,24,8,11,20,0
tide,random,skip,10345,0,1,3,30,30,0,4,3,6,20,0
tide,random,skip,10345,1,1,5,12,30,0,5,12,9,20,0
tide,random,skip,10345,2,1,11,20,30,0,62,17,20,20,0
tide,random,skip,10345,3,0,5,0,30,0,9,3,9,20,0
tide,random,skip,10345,4,0,3,0,30,0,0,7,6,20,0
tide,random,skip,10346,0,1,5,30,30,0,12,4,9,20,0
tide,random,skip,10346,1,1,3,16,30,0,0,6,6,20,0
tide,random,skip,10346,2,1,7,14,30,0,24,0,12,20,0
tide,random,skip,10346,3,1,8,4,30,0,36,14,16,20,0
tide,random,skip,10346,4,0,6,0,30,0,30,8,12,20,0
tide,random,skip,10347,0,1,3,26,30,0,0,0,5,20,0
tide,random,skip,10347,1,1,4,19,30,0,5,0,6,20,0
tide,random,skip,10347,2,0,6,0,30,0,8,7,9,20,0
tide,random,skip,10347,3,1,9,5,30,0,47,8,17,20,0
tide,random,skip,10347,4,0,5,0,30,0,18,4,10,20,0
tide,random,skip,10348,0,1,2,26,30,0,0,0,4,20,0
tide,random,skip,10348,1,1,3,20,30,0,4,3,6,20,0
tide,random,skip,10348,2,1,6,4,30,0,5,6,10,20,0
tide,random,skip,10348,3,1,7,12,30,0,28,8,13,20,0
tide,random,skip,10348,4,0,6,0,30,0,35,7,12,20,0
tide,random,skip,10349,0,1,3,26,30,0,0,0,4,20,0
tide,random,skip,10349,1,1,7,28,30,0,40,4,14,20,0
tide,random,skip,10349,2,0,7,0,30,0,17,3,12,20,0
tide,random,skip,10349,3,0,6,0,30,0,18,12,12,20,0
tide,random,skip,10349,4,1,7,2,30,0,27,8,14,20,0
tide,random,skip,10350,0,1,4,26,30,0,8,4,7,20,0
tide,random,skip,10350,1,1,3,23,30,0,7,3,6,20,0
tide,random,skip,10350,2,1,10,13,30,0,47,7,18,20,0
tide,random,skip,10350,3,1,10,13,30,0,59,6,20,20,0
tide,random,skip,10350,4,0,5,0,30,0,14,15,10,20,0
tide,random,skip,10351,0,1,3,30,30,0,4,4,6,20,0
tide,random,skip,10351,1,1,6,16,30,0,21,7,11,20,0
tide,random,skip,10351,2,1,6,17,30,0,19,13,12,20,0
tide,random,skip,10351,3,0,4,0,30,0,4,5,6,20,0
tide,random,skip,10351,4,0,6,0,30,0,26,5,9,20,0
tide,random,skip,10352,0,1,4,26,30,0,4,8,7,20,0
tide,random,skip,10352,1,1,4,16,30,0,7,4,6,20,0
tide,random,skip,10352,2,1,8,23,30,0,41,6,15,20,0
tide,random,skip,10352,3,0,9,0,30,0,43,17,17,20,0
tide,random,skip,10352,4,0,6,0,30,0,29,0,11,20,0
tide,random,skip,10353,0,1,4,22,30,0,0,7,7,20,0
tide,random,skip,10353,1,1,4,18,30,0,9,7,7,20,0
tide,random,skip,10353,2,0,8,0,30,0,21,9,13,20,0
tide,random,skip,10353,3,0,5,0,30,0,13,0,9,20,0
tide,random,skip,10353,4,0,4,0,30,0,8,9,8,20,0
tide,random,skip,10354,0,1,3,26,30,0,4,0,5,20,0
tide,random,skip,10354,1,1,4,17,30,0,8,3,8,20,0
tide,random,skip,10354,2,1,5,6,30,0,0,5,8,20,0
tide,random,skip,10354,3,0,5,0,30,0,10,13,10,20,0
tide,random,skip,10354,4,0,4,0,30,0,4,6,7,20,0
tide,random,skip,10355,0,1,3,26,30,0,4,0,4,20,0
tide,random,skip,10355,1,1,4,23,30,0,14,0,7,20,0
tide,random,skip,10355,2,1,8,3,30,0,21,4,13,20,0
tide,random,skip,10355,3,0,8,0,30,0,40,8,15,20,0
tide,random,skip,10355,4,0,4,0,30,0,5,0,6,20,0
tide,random,skip,10356,0,1,3,30,30,0,4,3,6,20,0
tide,random,skip,10356,1,1,4,14,30,0,4,6,7,20,0
tide,random,skip,10356,2,1,7,8,30,0,18,6,11,20,0
tide,random,skip,10356,3,0,7,0,30,0,23,8,14,20,0
tide,random,skip,10356,4,0,5,0,30,0,22,5,8,20,0
tide,random,skip,10357,0,1,4,30,30,0,8,5,7,20,0
tide,random,skip,10357,1,1,3,16,30,0,0,4,5,20,0
tide,random,skip,10357,2,1,9,13,30,0,39,3,16,20,0
tide,random,skip,10357,3,1,10,3,30,0,51,8,19,20,0
tide,random,skip,10357,4,0,4,0,30,0,14,4,8,20,0
tide,random,skip,10358,0,1,4,22,30,0,0,0,5,20,0
tide,random,skip,10358,1,1,4,23,30,0,14,0,7,20,0
tide,random,skip,10358,2,1,7,12,30,0,22,6,12,20,0
tide,random,skip,10358,3,0,7,0,30,0,25,19,13,20,0
tide,random,skip,10358,4,0,4,0,30,0,0,0,4,20,0
tide,random,skip,10359,0,1,2,26,30,0,0,4,4,20,0
tide,random,skip,10359,1,1,8,21,30,0,40,3,14,20,0
tide,random,skip,10359,2,1,8,12,30,0,30,9,15,20,0
tide,random,skip,10359,3,0,8,0,30,0,42,3,15,20,0
tide,random,skip,10359,4,0,4,0,30,0,7,10,8,20,0
tide,random,skip,10360,0,1,3,30,30,0,2,6,6,20,0
tide,random,skip,10360,1,1,3,16,30,0,0,3,6,20,0
tide,random,skip,10360,2,1,6,11,30,0,13,4,10,20,0
tide,random,skip,10360,3,0,6,0,30,0,16,7,12,20,0
tide,random,skip,10360,4,0,5,0,30,0,7,5,9,20,0
tide,random,skip,10361,0,1,4,26,30,0,4,4,7,20,0
tide,random,skip,10361,1,1,4,14,30,0,5,0,6,20,0
tide,random,skip,10361,2,0,4,0,30,0,0,5,6,20,0
tide,random,skip,10361,3,1,12,5,30,0,75,7,23,20,0
tide,random,skip,10361,4,0,4,0,30,0,9,0,6,20,0
tide,random,skip,10362,0,1,5,22,30,0,4,4,7,20,0
tide,random,skip,10362,1,1,3,16,30,0,0,0,5,20,0
tide,random,skip,10362,2,1,8,13,30,0,31,3,14,20,0
tide,random,skip,10362,3,1,12,6,30,0,74,14,23,20,0
tide,random,skip,10362,4,0,6,0,30,0,14,7,11,20,0
tide,random,skip,10363,0,1,3,30,30,0,4,4,6,20,0
tide,random,skip,10363,1,1,4,16,30,0,7,0,6,20,0
tide,random,skip,10363,2,1,5,13,30,0,7,3,8,20,0
tide,random,skip,10363,3,0,6,0,30,0,23,8,11,20,0
tide,random,skip,10363,4,0,4,0,30,0,0,7,7,20,0
tide,random,skip,10364,0,1,4,29,30,0,7,4,6,20,0
tide,random,skip,10364,1,1,3,16,30,0,0,7,6,20,0
tide,random,skip,10364,2,1,7,17,30,0,27,4,12,20,0
tide,random,skip,10364,3,1,11,13,30,0,71,9,21,20,0
tide,random,skip,10364,4,0,9,0,30,0,58,4,18,20,0
tide,random,skip,10365,0,1,3,26,30,0,0,3,5,20,0
tide,random,skip,10365,1,1,5,20,30,0,18,0,9,20,0
tide,random,skip,10365,2,1,8,7,30,0,25,3,15,20,0
tide,random,skip,10365,3,0,4,0,30,0,0,7,7,20,0
tide,random,skip,10365,4,0,3,0,30,0,0,0,5,20,0
tide,random,skip,10366,0,1,3,26,30,0,0,9,6,20,0
tide,random,skip,10366,1,1,4,20,30,0,11,4,7,20,0
tide,random,skip,10366,2,1,7,6,30,0,16,4,11,20,0
tide,random,skip,10366,3,0,5,0,30,0,7,5,9,20,0
tide,random,skip,10366,4,1,4,6,30,0,0,12,8,20,0
tide,random,skip,10367,0,1,3,26,30,0,0,7,5,20,0
tide,random,skip,10367,1,1,5,14,30,0,7,8,9,20,0
tide,random,skip,10367,2,1,8,1,30,0,19,19,15,20,0
tide,random,skip,10367,3,0,7,0,30,0,22,11,13,20,0
tide,random,skip,10367,4,0,4,0,30,0,8,3,6,20,0
tide,random,skip,10368,0,1,3,26,30,0,0,10,6,20,0
tide,random,skip,10368,1,1,4,18,30,0,9,9,8,20,0
tide,random,skip,10368,2,1,9,11,30,0,37,8,16,20,0
tide,random,skip,10368,3,1,7,4,30,0,24,4,12,20,0
tide,random,skip,10368,4,0,3,0,30,0,0,14,6,20,0
tide,random,skip,10369,0,1,2,30,30,0,0,0,4,20,0
tide,random,skip,10369,1,1,7,19,30,0,31,3,12,20,0
tide,random,skip,10369,2,1,7,12,30,0,22,6,14,20,0
tide,random,skip,10369,3,0,7,0,30,0,28,5,13,20,0
tide,random,skip,10369,4,0,5,0,30,0,19,0,8,20,0
tide,random,skip,10370,0,1,6,30,30,0,16,7,11,20,0
tide,random,skip,10370,1,1,5,18,30,0,16,0,9,20,0
tide,random,skip,10370,2,1,7,6,30,0,16,3,12,20,0
tide,random,skip,10370,3,0,6,0,30,0,12,11,12,20,0
tide,random,skip,10370,4,0,5,0,30,0,19,4,10,20,0
tide,random,skip,10371,0,1,3,26,30,0,0,4,5,20,0
tide,random,skip,10371,1,1,4,23,30,0,14,7,8,20,0
tide,random,skip,10371,2,0,5,0,30,0,0,0,6,20,0
tide,random,skip,10371,3,0,11,0,30,0,51,3,19,20,0
tide,random,skip,10371,4,0,7,0,30,0,31,7,13,20,0
tide,random,skip,10372,0,1,4,26,30,0,4,11,7,20,0
tide,random,skip,10372,1,1,7,23,30,0,35,0,12,20,0
tide,random,skip,10372,2,1,8,13,30,0,31,3,15,20,0
tide,random,skip,10372,3,0,5,0,30,0,8,0,9,20,0
tide,random,skip,10372,4,0,4,0,30,0,5,9,7,20,0
tide,random,skip,10373,0,1,3,26,30,0,0,3,5,20,0
tide,random,skip,10373,1,1,3,20,30,0,4,4,6,20,0
tide,random,skip,10373,2,0,4,0,30,0,0,9,6,20,0
tide,random,skip,10373,3,0,4,0,30,0,0,7,8,20,0
tide,random,skip,10373,4,0,6,0,30,0,24,4,11,20,0
tide,random,skip,10374,0,1,3,30,30,0,4,4,6,20,0
tide,random,skip,10374,1,1,3,21,30,0,0,3,5,20,0
tide,random,skip,10374,2,0,9,0,30,0,28,18,17,20,0
tide,random,skip,10374,3,0,8,0,30,0,35,17,15,20,0
tide,random,skip,10374,4,0,6,0,30,0,28,0,10,20,0
tide,random,skip,10375,0,1,4,22,30,0,0,0,5,20,0
tide,random,skip,10375,1,1,5,6,30,0,4,3,7,20,0
tide,random,skip,10375,2,1,7,12,30,0,22,12,13,20,0
tide,random,skip,10375,3,0,7,0,30,0,22,18,13,20,0
tide,random,skip,10375,4,0,3,0,30,0,0,6,6,20,0
tide,random,skip,10376,0,1,2,26,30,0,0,0,3,20,0
tide,random,skip,10376,1,1,5,13,30,0,11,3,8,20,0
tide,random,skip,10376,2,1,10,9,30,0,43,14,19,20,0
tide,random,skip,10376,3,0,10,0,30,0,47,8,19,20,0
tide,random,skip,10376,4,0,5,0,30,0,17,3,9,20,0
tide,random,skip,10377,0,1,4,26,30,0,4,6,7,20,0
tide,random,skip,10377,1,1,3,23,30,0,7,4,6,20,0
tide,random,skip,10377,2,0,8,0,30,0,24,13,14,20,0
tide,random,skip,10377,3,0,8,0,30,0,40,8,15,20,0
tide,random,skip,10377,4,0,4,0,30,0,9,12,8,20,0
tide,random,skip,10378,0,1,3,30,30,0,4,4,5,20,0
tide,random,skip,10378,1,1,6,18,30,0,23,0,9,20,0
tide,random,skip,10378,2,0,9,0,30,0,32,10,16,20,0
tide,random,skip,10378,3,1,7,11,30,0,29,8,14,20,0
tide,random,skip,10378,4,0,3,0,30,0,0,0,5,20,0
tide,random,skip,10379,0,1,3,26,30,0,0,0,5,20,0
tide,random,skip,10379,1,1,5,9,30,0,7,3,8,20,0
tide,random,skip,10379,2,1,8,19,30,0,37,7,16,20,0
tide,random,skip,10379,3,0,5,0,30,0,15,11,10,20,0
tide,random,skip,10379,4,0,7,0,30,0,23,4,12,20,0
tide,random,skip,10380,0,1,5,30,30,0,12,0,8,20,0
tide,random,skip,10380,1,1,6,5,30,0,10,8,9,20,0
tide,random,skip,10380,2,0,6,0,30,0,9,13,11,20,0
tide,random,skip,10380,3,0,11,0,30,0,64,14,20,20,0
tide,random,skip,10380,4,0,4,0,30,0,6,5,8,20,0
tide,random,skip,10381,0,1,2,26,30,0,0,3,4,20,0
tide,random,skip,10381,1,1,4,18,30,0,9,3,8,20,0
tide,random,skip,10381,2,1,7,20,30,0,30,0,12,20,0
tide,random,skip,10381,3,0,13,0,30,0,82,24,26,20,0
tide,random,skip,10381,4,0,6,0,30,0,24,3,11,20,0
tide,random,skip,10382,0,1,3,30,30,0,4,0,5,20,0
tide,random,skip,10382,1,1,6,10,30,0,15,10,10,20,0
tide,random,skip,10382,2,1,5,10,30,0,4,4,9,20,0
tide,random,skip,10382,3,1,8,5,30,0,33,5,16,20,0
tide,random,skip,10382,4,0,4,0,30,0,12,0,6,20,0
tide,random,skip,10383,0,1,5,26,30,0,8,14,8,20,0
tide,random,skip,10383,1,1,5,14,30,0,12,7,9,20,0
tide,random,skip,10383,2,1,7,14,30,0,24,7,13,20,0
tide,random,skip,10383,3,0,6,0,30,0,15,8,11,20,0
tide,random,skip,10383,4,0,4,0,30,0,9,13,8,20,0
tide,random,skip,10384,0,1,4,30,30,0,8,0,6,20,0
tide,random,skip,10384,1,1,4,23,30,0,14,3,7,20,0
tide,random,skip,10384,2,1,5,10,30,0,4,3,9,20,0
tide,random,skip,10384,3,1,9,1,30,0,39,9,18,20,0
tide,random,skip,10384,4,0,6,0,30,0,22,0,11,20,0
tide,random,skip,10385,0,1,3,26,30,0,0,5,5,20,0
tide,random,skip,10385,1,1,5,10,30,0,8,14,10,20,0
tide,random,skip,10385,2,1,8,17,30,0,35,3,14,20,0
tide,random,skip,10385,3,0,4,0,30,0,4,13,7,20,0
tide,random,skip,10385,4,0,6,0,30,0,35,3,12,20,0
tide,random,skip,10386,0,1,4,29,30,0,7,4,6,20,0
tide,random,skip,10386,1,1,4,14,30,0,5,4,7,20,0
tide,random,skip,10386,2,0,6,0,30,0,12,10,10,20,0
tide,random,skip,10386,3,1,10,5,30,0,55,0,19,20,0
tide,random,skip,10386,4,0,4,0,30,0,15,6,8,20,0
tide,random,skip,10387,0,1,3,30,30,0,2,6,6,20,0
tide,random,skip,10387,1,1,6,16,30,0,21,10,12,20,0
tide,random,skip,10387,2,1,8,14,30,0,32,11,14,20,0
tide,random,skip,10387,3,0,5,0,30,0,4,0,8,20,0
tide,random,skip,10387,4,0,4,0,30,0,4,8,8,20,0
tide,random,skip,10388,0,1,4,26,30,0,4,0,6,20,0
tide,random,skip,10388,1,1,5,9,30,0,7,0,6,20,0
tide,random,skip,10388,2,1,8,18,30,0,36,0,15,20,0
tide,random,skip,10388,3,1,7,1,30,0,19,5,12,20,0
tide,random,skip,10388,4,0,5,0,30,0,21,3,10,20,0
tide,random,skip,10389,0,1,2,26,30,0,0,4,4,20,0
tide,random,skip,10389,1,1,5,9,30,0,7,7,9,20,0
tide,random,skip,10389,2,1,8,15,30,0,33,4,15,20,0
tide,random,skip,10389,3,1,11,9,30,0,71,16,21,20,0
tide,random,skip,10389,4,0,6,0,30,0,18,8,12,20,0
tide,random,skip,10390,0,1,3,30,30,0,4,0,5,20,0
tide,random,skip,10390,1,1,4,20,30,0,11,4,8,20,0
tide,random,skip,10390,2,0,4,0,30,0,0,3,5,20,0
tide,random,skip,10390,3,0,10,0,30,0,55,12,20,20,0
tide,random,skip,10390,4,0,4,0,30,0,9,11,7,20,0
tide,random,skip,10391,0,1,3,30,30,0,4,3,5,20,0
tide,random,skip,10391,1,1,3,23,30,0,7,4,6,20,0
tide,random,skip,10391,2,1,8,2,30,0,19,10,14,20,0
tide,random,skip,10391,3,0,7,0,30,0,30,5,12,20,0
tide,random,skip,10391,4,0,5,0,30,0,18,11,10,20,0
tide,random,skip,10392,0,1,3,26,30,0,0,10,6,20,0
tide,random,skip,10392,1,1,4,16,30,0,7,3,8,20,0
tide,random,skip,10392,2,1,7,6,30,0,16,4,12,20,0
tide,random,skip,10392,3,0,7,0,30,0,30,5,13,20,0
tide,random,skip,10392,4,0,4,0,30,0,8,8,8,20,0
tide,random,skip,10393,0,1,4,26,30,0,4,0,6,20,0
tide,random,skip,10393,1,1,4,9,30,0,0,5,6,20,0
tide,random,skip,10393,2,0,8,0,30,0,26,21,16,20,0
tide,random,skip,10393,3,0,10,0,30,0,55,16,20,20,0
tide,random,skip,10393,4,0,5,0,30,0,20,0,7,20,0
tide,random,skip,10394,0,1,3,30,30,0,4,3,6,20,0
tide,random,skip,10394,1,1,5,27,30,0,25,4,10,20,0
tide,random,skip,10394,2,1,9,9,30,0,35,10,16,20,0
tide,random,skip,10394,3,0,8,0,30,0,40,4,15,20,0
tide,random,skip,10394,4,0,3,0,30,0,4,9,6,20,0
tide,random,skip,10395,0,1,3,30,30,0,4,3,5,20,0
tide,random,skip,10395,1,1,5,11,30,0,9,8,9,20,0
tide,random,skip,10395,2,1,7,7,30,0,17,16,14,20,0
tide,random,skip,10395,3,0,4,0,30,0,0,3,7,20,0
tide,random,skip,10395,4,0,7,0,30,0,31,7,13,20,0
tide,random,skip,10396,0,1,3,28,30,0,0,6,5,20,0
tide,random,skip,10396,1,1,5,13,30,0,11,6,8,20,0
tide,random,skip,10396,2,1,6,9,30,0,11,4,12,20,0
tide,random,skip,10396,3,0,9,0,30,0,45,17,18,20,0
tide,random,skip,10396,4,0,4,0,30,0,4,4,6,20,0
tide,random,skip,10397,0,1,3,26,30,0,0,0,4,20,0
tide,random,skip,10397,1,1,4,16,30,0,7,0,7,20,0
tide,random,skip,10397,2,1,9,6,30,0,32,10,17,20,0
tide,random,skip,10397,3,0,5,0,30,0,8,7,10,20,0
tide,random,skip,10397,4,0,5,0,30,0,19,5,9,20,0
tide,random,skip,10398,0,1,3,26,30,0,0,3,4,20,0
tide,random,skip,10398,1,1,6,6,30,0,6,0,8,20,0
tide,random,skip,10398,2,0,4,0,30,0,0,5,6,20,0
tide,random,skip,10398,3,0,7,0,30,0,21,11,11,20,0
tide,random,skip,10398,4,0,5,0,30,0,24,8,9,20,0
tide,random,skip,10399,0,1,5,18,30,0,0,3,6,20,0
tide,random,skip,10399,1,1,4,17,30,0,8,4,8,20,0
tide,random,skip,10399,2,1,7,14,30,0,24,3,14,20,0
tide,random,skip,10399,3,0,7,0,30,0,16,6,12,20,0
tide,random,skip,10399,4,0,4,0,30,0,4,6,7,20,0
tide,random,skip,10400,0,1,5,22,30,0,4,6,7,20,0
tide,random,skip,10400,1,1,4,9,30,0,0,3,6,20,0
tide,random,skip,10400,2,1,7,11,30,0,21,3,12,20,0
tide,random,skip,10400,3,0,5,0,30,0,5,7,10,20,0
tide,random,skip,10400,4,0,4,0,30,0,8,10,8,20,0
tide,random,skip,10401,0,1,4,30,30,0,8,9,7,20,0
tide,random,skip,10401,1,1,5,22,30,0,20,3,9,20,0
tide,random,skip,10401,2,1,8,25,30,0,43,3,16,20,0
tide,random,skip,10401,3,0,4,0,30,0,0,7,7,20,0
tide,random,skip,10401,4,0,5,0,30,0,20,0,8,20,0
tide,random,skip,10402,0,1,5,22,30,0,4,12,8,20,0
tide,random,skip,10402,1,1,4,16,30,0,7,9,8,20,0
tide,random,skip,10402,2,1,7,24,30,0,34,4,13,20,0
tide,random,skip,10402,3,0,9,0,30,0,44,0,15,20,0
tide,random,skip,10402,4,0,5,0,30,0,25,4,9,20,0
tide,random,skip,10403,0,1,3,30,30,0,4,4,6,20,0
tide,random,skip,10403,1,1,3,20,30,0,4,3,6,20,0
tide,random,skip,10403,2,1,10,10,30,0,44,13,19,20,0
tide,random,skip,10403,3,0,7,0,30,0,22,18,14,20,0
tide,random,skip,10403,4,0,5,0,30,0,10,11,9,20,0
tide,random,skip,10404,0,1,3,30,30,0,4,3,5,20,0
tide,random,skip,10404,1,1,4,9,30,0,0,4,6,20,0
tide,random,skip,10404,2,1,6,2,30,0,4,3,10,20,0
tide,random,skip,10404,3,0,6,0,30,0,20,11,11,20,0
tide,random,skip,10404,4,0,6,0,30,0,23,5,11,20,0
tide,random,skip,10405,0,1,3,22,30,0,0,0,4,20,0
tide,random,skip,10405,1,1,5,10,30,0,8,10,9,20,0
tide,random,skip,10405,2,1,10,8,30,0,42,6,19,20,0
tide,random,skip,10405,3,0,10,0,30,0,49,4,19,20,0
tide,random,skip,10405,4,0,5,0,30,0,19,0,9,20,0
tide,random,skip,10406,0,1,4,30,30,0,8,0,6,20,0
tide,random,skip,10406,1,1,6,22,30,0,27,3,10,20,0
tide,random,skip,10406,2,1,6,10,30,0,12,4,11,20,0
tide,random,skip,10406,3,0,5,0,30,0,9,4,10,20,0
tide,random,skip,10406,4,0,3,0,30,0,0,6,5,20,0
tide,random,skip,10407,0,1,6,22,30,0,8,4,8,20,0
tide,random,skip,10407,1,0,6,0,30,0,9,15,10,20,0
tide,random,skip,10407,2,1,6,15,30,0,17,9,11,20,0
tide,random,skip,10407,3,0,10,0,30,0,50,8,19,20,0
tide,random,skip,10407,4,0,3,0,30,0,0,5,5,20,0
tide,random,skip,10408,0,1,5,26,30,0,8,6,8,20,0
tide,random,skip,10408,1,1,6,23,30,0,28,6,10,20,0
tide,random,skip,10408,2,1,6,26,30,0,28,0,12,20,0
tide,random,skip,10408,3,0,7,0,30,0,26,8,12,20,0
tide,random,skip,10408,4,0,3,0,30,0,0,4,5,20,0
tide,random,skip,10409,0,1,3,26,30,0,0,3,5,20,0
tide,random,skip,10409,1,1,5,15,30,0,13,5,9,20,0
tide,random,skip,10409,2,0,6,0,30,0,8,8,10,20,0
tide,random,skip,10409,3,0,8,0,30,0,42,9,15,20,0
tide,random,skip,10409,4,0,7,0,30,0,37,8,13,20,0
tide,random,skip,10410,0,1,3,30,30,0,2,0,5,20,0
tide,random,skip,10410,1,1,5,16,30,0,14,0,8,20,0
tide,random,skip,10410,2,1,8,21,30,0,39,11,15,20,0
tide,random,skip,10410,3,0,12,0,30,0,69,13,21,20,0
tide,random,skip,10410,4,0,6,0,30,0,33,0,11,20,0
tide,random,skip,10411,0,1,4,22,30,0,0,11,8,20,0
tide,random,skip,10411,1,1,6,4,30,0,9,12,11,20,0
tide,random,skip,10411,2,1,6,14,30,0,16,8,12,20,0
tide,random,skip,10411,3,0,4,0,30,0,4,9,8,20,0
tide,random,skip,10411,4,0,5,0,30,0,18,0,9,20,0
tide,random,skip,10412,0,1,3,30,30,0,4,0,5,20,0
tide,random,skip,10412,1,1,4,14,30,0,0,13,7,20,0
tide,random,skip,10412,2,1,7,22,30,0,32,15,14,20,0
tide,random,skip,10412,3,1,9,10,30,0,54,8,18,20,0
tide,random,skip,10412,4,0,6,0,30,0,25,3,10,20,0
tide,random,skip,10413,0,1,4,26,30,0,4,3,6,20,0
tide,random,skip,10413,1,1,9,14,30,0,40,10,15,20,0
tide,random,skip,10413,2,1,5,13,30,0,7,3,9,20,0
tide,random,skip,10413,3,0,5,0,30,0,8,9,9,20,0
tide,random,skip,10413,4,0,6,0,30,0,26,8,12,20,0
tide,random,skip,10414,0,1,4,30,30,0,8,4,7,20,0
tide,random,skip,10414,1,1,3,21,30,0,0,3,5,20,0
tide,random,skip,10414,2,0,8,0,30,0,21,12,13,20,0
tide,random,skip,10414,3,0,7,0,30,0,30,12,13,20,0
tide,random,skip,10414,4,0,5,0,30,0,25,8,10,20,0
tide,random,skip,10415,0,1,2,30,30,0,0,0,4,20,0
tide,random,skip,10415,1,1,4,22,30,0,13,6,8,20,0
tide,random,skip,10415,2,0,9,0,30,0,32,9,17,20,0
tide,random,skip,10415,3,0,8,0,30,0,35,10,14,20,0
tide,random,skip,10415,4,0,8,0,30,0,45,5,16,20,0
tide,random,skip,10416,0,1,4,26,30,0,4,10,7,20,0
tide,random,skip,10416,1,1,3,21,30,0,5,4,6,20,0
tide,random,skip,10416,2,0,8,0,30,0,25,4,13,20,0
tide,random,skip,10416,3,0,7,0,30,0,25,8,13,20,0
tide,random,skip,10416,4,0,7,0,30,0,41,12,13,20,0
tide,random,skip,10417,0,1,4,30,30,0,8,3,7,20,0
tide,random,skip,10417,1,1,4,20,30,0,11,0,7,20,0
tide,random,skip,10417,2,1,7,9,30,0,19,3,12,20,0
tide,random,skip,10417,3,0,7,0,30,0,23,10,13,20,0
tide,random,skip,10417,4,0,4,0,30,0,0,14,7,20,0
tide,random,skip,10418,0,1,3,26,30,0,0,0,4,20,0
tide,random,skip,10418,1,1,5,9,30,0,7,6,8,20,0
tide,random,skip,10418,2,0,7,0,30,0,18,7,13,20,0
tide,random,skip,10418,3,0,8,0,30,0,36,0,14,20,0
tide,random,skip,10418,4,0,5,0,30,0,9,8,10,20,0
tide,random,skip,10419,0,1,2,30,30,0,0,3,4,20,0
tide,random,skip,10419,1,1,6,20,30,0,25,10,12,20,0
tide,random,skip,10419,2,1,6,7,30,0,9,14,12,20,0
tide,random,skip,10419,3,0,4,0,30,0,4,3,7,20,0
tide,random,skip,10419,4,0,5,0,30,0,14,10,9,20,0
tide,random,skip,10420,0,1,3,26,30,0,0,4,5,20,0
tide,random,skip,10420,1,1,6,11,30,0,16,5,10,20,0
tide,random,skip,10420,2,1,13,20,30,0,78,3,23,20,0
tide,random,skip,10420,3,0,6,0,30,0,20,9,10,20,0
tide,random,skip,10420,4,0,5,0,30,0,7,3,8,20,0
tide,random,skip,10421,0,1,4,26,30,0,4,3,6,20,0
tide,random,skip,10421,1,1,5,2,30,0,0,4,7,20,0
tide,random,skip,10421,2,1,9,19,30,0,44,3,16,20,0
tide,random,skip,10421,3,1,7,5,30,0,25,3,13,20,0
tide,random,skip,10421,4,0,4,0,30,0,6,8,8,20,0
tide,random,skip,10422,0,1,5,30,30,0,12,4,8,20,0
tide,random,skip,10422,1,1,4,23,30,0,14,0,6,20,0
tide,random,skip,10422,2,1,6,5,30,0,7,3,9,20,0
tide,random,skip,10422,3,0,9,0,30,0,41,5,15,20,0
tide,random,skip,10422,4,0,5,0,30,0,20,6,10,20,0
tide,random,skip,10423,0,1,3,30,30,0,4,5,6,20,0
tide,random,skip,10423,1,1,3,21,30,0,0,3,5,20,0
tide,random,skip,10423,2,1,9,13,30,0,39,9,16,20,0
tide,random,skip,10423,3,0,6,0,30,0,15,10,12,20,0
tide,random,skip,10423,4,0,3,0,30,0,0,0,4,20,0
tide,random,skip,10424,0,1,4,29,30,0,7,0,6,20,0
tide,random,skip,10424,1,1,8,9,30,0,28,15,14,20,0
tide,random,skip,10424,2,1,8,18,30,0,35,4,14,20,0
tide,random,skip,10424,3,0,6,0,30,0,20,10,12,20,0
tide,random,skip,10424,4,0,7,0,30,0,45,3,13,20,0
tide,random,skip,10425,0,1,3,28,30,0,2,0,5,20,0
tide,random,skip,10425,1,1,5,2,30,0,0,4,6,20,0
tide,random,skip,10425,2,1,6,6,30,0,8,9,11,20,0
tide,random,skip,10425,3,0,6,0,30,0,16,4,12,20,0
tide,random,skip,10425,4,0,3,0,30,0,0,0,4,20,0
tide,random,skip,10426,0,1,4,22,30,0,0,5,5,20,0
tide,random,skip,10426,1,1,5,10,30,0,8,0,8,20,0
tide,random,skip,10426,2,1,13,22,30,0,80,13,24,20,0
tide,random,skip,10426,3,0,8,0,30,0,42,11,15,20,0
tide,random,skip,10426,4,0,4,0,30,0,8,4,6,20,0
tide,random,skip,10427,0,1,3,26,30,0,0,4,6,20,0
tide,random,skip,10427,1,1,4,14,30,0,5,3,7,20,0
tide,random,skip,10427,2,1,6,11,30,0,13,8,11,20,0
tide,random,skip,10427,3,0,4,0,30,0,0,9,6,20,0
tide,random,skip,10427,4,0,4,0,30,0,0,9,6,20,0
tide,random,skip,10428,0,1,2,30,30,0,0,0,3,20,0
tide,random,skip,10428,1,1,5,16,30,0,14,0,7,20,0
tide,random,skip,10428,2,1,11,14,30,0,56,10,21,20,0
tide,random,skip,10428,3,0,5,0,30,0,0,3,8,20,0
tide,random,skip,10428,4,0,4,0,30,0,7,9,7,20,0
tide,random,skip,10429,0,1,2,30,30,0,0,3,4,20,0
tide,random,skip,10429,1,1,3,16,30,0,0,0,5,20,0
tide,random,skip,10429,2,1,7,2,30,0,12,7,12,20,0
tide,random,skip,10429,3,0,6,0,30,0,16,16,11,20,0
tide,random,skip,10429,4,0,5,0,30,0,15,8,10,20,0
tide,random,skip,10430,0,1,3,22,30,0,0,4,5,20,0
tide,random,skip,10430,1,1,5,11,30,0,9,9,9,20,0
tide,random,skip,10430,2,1,7,6,30,0,16,16,14,20,0
tide,random,skip,10430,3,0,7,0,30,0,28,0,11,20,0
tide,random,skip,10430,4,0,8,0,30,0,51,5,15,20,0
tide,random,skip,10431,0,1,3,30,30,0,4,0,6,20,0
tide,random,skip,10431,1,1,3,20,30,0,4,0,5,20,0
tide,random,skip,10431,2,1,9,18,30,0,44,0,15,20,0
tide,random,skip,10431,3,1,8,8,30,0,34,4,15,20,0
tide,random,skip,10431,4,0,5,0,30,0,19,4,9,20,0
tide,random,skip,10432,0,1,4,30,30,0,8,5,7,20,0
tide,random,skip,10432,1,1,3,16,30,0,0,8,6,20,0
tide,random,skip,10432,2,0,10,0,30,0,41,11,18,20,0
tide,random,skip,10432,3,0,8,0,30,0,32,11,14,20,0
tide,random,skip,10432,4,0,3,0,30,0,5,3,5,20,0
tide,random,skip,10433,0,1,4,30,30,0,8,4,8,20,0
tide,random,skip,10433,1,0,7,0,30,0,15,5,11,20,0
tide,random,skip,10433,2,1,8,8,30,0,26,11,14,20,0
tide,random,skip,10433,3,0,7,0,30,0,29,7,14,20,0
tide,random,skip,10433,4,0,4,0,30,0,7,8,7,20,0
tide,random,skip,10434,0,1,3,26,30,0,4,7,6,20,0
tide,random,skip,10434,1,1,4,16,30,0,7,3,6,20,0
tide,random,skip,10434,2,1,6,6,30,0,8,3,10,20,0
tide,random,skip,10434,3,0,5,0,30,0,9,3,7,20,0
tide,random,skip,10434,4,0,6,0,30,0,28,12,12,20,0
tide,random,skip,10435,0,1,2,30,30,0,4,0,4,20,0
tide,random,skip,10435,1,1,5,9,30,0,7,3,8,20,0
tide,random,skip,10435,2,1,7,10,30,0,20,3,12,20,0
tide,random,skip,10435,3,0,7,0,30,0,28,3,12,20,0
tide,random,skip,10435,4,0,3,0,30,0,0,8,6,20,0
tide,random,skip,10436,0,1,3,30,30,0,4,4,5,20,0
tide,random,skip,10436,1,1,7,16,30,0,28,11,14,20,0
tide,random,skip,10436,2,1,8,10,30,0,28,6,15,20,0
tide,random,skip,10436,3,1,7,3,30,0,15,8,13,20,0
tide,random,skip,10436,4,0,7,0,30,0,30,12,14,20,0
tide,random,skip,10437,0,1,4,30,30,0,6,7,8,20,0
tide,random,skip,10437,1,1,4,16,30,0,7,0,6,20,0
tide,random,skip,10437,2,1,7,17,30,0,27,7,12,20,0
tide,random,skip,10437,3,0,8,0,30,0,38,5,16,20,0
tide,random,skip,10437,4,0,6,0,30,0,23,0,10,20,0
tide,random,skip,10438,0,1,5,26,30,0,8,6,9,20,0
tide,random,skip,10438,1,1,5,6,30,0,4,17,10,20,0
tide,random,skip,10438,2,1,7,2,30,0,12,12,14,20,0
tide,random,skip,10438,3,0,5,0,30,0,7,8,10,20,0
tide,random,skip,10438,4,0,8,0,30,0,55,5,16,20,0
tide,random,skip,10439,0,1,3,26,30,0,0,0,3,20,0
tide,random,skip,10439,1,1,5,9,30,0,7,3,8,20,0
tide,random,skip,10439,2,1,8,22,30,0,40,0,15,20,0
tide,random,skip,10439,3,1,8,9,30,0,37,3,16,20,0
tide,random,skip,10439,4,0,4,0,30,0,6,13,8,20,0
tide,random,skip,10440,0,1,4,26,30,0,4,3,6,20,0
tide,random,skip,10440,1,1,5,2,30,0,0,5,7,20,0
tide,random,skip,10440,2,0,8,0,30,0,24,9,14,20,0
tide,random,skip,10440,3,0,8,0,30,0,40,5,13,20,0
tide,random,skip,10440,4,0,7,0,30,0,30,7,13,20,0
tide,random,skip,10441,0,1,3,30,30,0,4,3,6,20,0
tide,random,skip,10441,1,1,3,23,30,0,6,3,6,20,0
tide,random,skip,10441,2,0,8,0,30,0,24,4,13,20,0
tide,random,skip,10441,3,0,5,0,30,0,7,4,8,20,0
tide,random,skip,10441,4,0,7,0,30,0,39,4,14,20,0
tide,random,skip,10442,0,1,3,30,30,0,4,0,5,20,0
tide,random,skip,10442,1,1,4,16,30,0,7,3,7,20,0
tide,random,skip,10442,2,1,6,18,30,0,20,3,12,20,0
tide,random,skip,10442,3,0,8,0,30,0,30,8,13,20,0
tide,random,skip,10442,4,0,6,0,30,0,34,3,11,20,0
tide,random,skip,10443,0,1,2,26,30,0,0,4,4,20,0
tide,random,skip,10443,1,1,4,9,30,0,0,5,5,20,0
tide,random,skip,10443,2,1,9,11,30,0,37,6,16,20,0
tide,random,skip,10443,3,1,9,1,30,0,41,3,17,20,0
tide,random,skip,10443,4,0,6,0,30,0,29,3,10,20,0
tide,random,skip,10444,0,1,2,26,30,0,0,0,4,20,0
tide,random,skip,10444,1,1,3,16,30,0,0,3,5,20,0
tide,random,skip,10444,2,1,7,13,30,0,23,3,11,20,0
tide,random,skip,10444,3,0,7,0,30,0,30,5,13,20,0
tide,random,skip,10444,4,0,3,0,30,0,4,0,5,20,0
tide,random,skip,10445,0,1,4,30,30,0,8,7,7,20,0
tide,random,skip,10445,1,1,4,19,30,0,10,0,8,20,0
tide,random,skip,10445,2,1,12,14,30,0,64,11,22,20,0
tide,random,skip,10445,3,0,7,0,30,0,20,5,12,20,0
tide,random,skip,10445,4,1,10,1,30,0,62,8,19,20,0
tide,random,skip,10446,0,1,5,30,30,0,10,4,8,20,0
tide,random,skip,10446,1,1,3,23,30,0,7,3,6,20,0
tide,random,skip,10446,2,1,8,13,30,0,31,8,15,20,0
tide,random,skip,10446,3,0,5,0,30,0,12,3,10,20,0
tide,random,skip,10446,4,0,5,0,30,0,13,4,9,20,0
tide,random,skip,10447,0,1,3,26,30,0,0,3,5,20,0
tide,random,skip,10447,1,1,4,14,30,0,0,3,6,20,0
tide,random,skip,10447,2,1,10,7,30,0,41,7,18,20,0
tide,random,skip,10447,3,0,8,0,30,0,44,19,15,20,0
tide,random,skip,10447,4,0,4,0,30,0,13,9,8,20,0
tide,random,skip,10448,0,1,4,27,30,0,5,7,7,20,0
tide,random,skip,10448,1,1,3,16,30,0,0,9,6,20,0
tide,random,skip,10448,2,1,10,18,30,0,52,8,18,20,0
tide,random,skip,10448,3,0,5,0,30,0,4,9,10,20,0
tide,random,skip,10448,4,0,4,0,30,0,14,3,8,20,0
tide,random,skip,10449,0,1,5,26,30,0,8,11,9,20,0
tide,random,skip,10449,1,1,8,17,30,0,36,6,13,20,0
tide,random,skip,10449,2,1,10,7,30,0,41,0,15,20,0
tide,random,skip,10449,3,0,8,0,30,0,32,10,15,20,0
tide,random,skip,10449,4,0,4,0,30,0,4,5,8,20,0
tide,random,skip,10450,0,1,3,30,30,0,4,0,5,20,0
tide,random,skip,10450,1,1,4,14,30,0,4,7,7,20,0
tide,random,skip,10450,2,1,6,14,30,0,16,6,11,20,0
tide,random,skip,10450,3,0,7,0,30,0,16,7,13,20,0
tide,random,skip,10450,4,0,4,0,30,0,11,4,7,20,0
tide,random,skip,10451,0,1,4,24,30,0,0,9,7,20,0
tide,random,skip,10451,1,1,4,14,30,0,5,4,7,20,0
tide,random,skip,10451,2,1,9,10,30,0,36,12,17,20,0
tide,random,skip,10451,3,1,7,6,30,0,24,0,13,20,0
tide,random,skip,10451,4,0,6,0,30,0,33,12,12,20,0
tide,random,skip,10452,0,1,5,26,30,0,8,4,7,20,0
tide,random,skip,10452,1,1,3,16,30,0,0,3,5,20,0
tide,random,skip,10452,2,1,8,18,30,0,36,3,14,20,0
tide,random,skip,10452,3,1,12,8,30,0,78,12,24,20,0
tide,random,skip,10452,4,0,5,0,30,0,23,5,8,20,0
tide,random,skip,10453,0,1,4,30,30,0,8,7,8,20,0
tide,random,skip,10453,1,1,6,14,30,0,19,0,10,20,0
tide,random,skip,10453,2,1,8,7,30,0,25,9,14,20,0
tide,random,skip,10453,3,0,7,0,30,0,28,6,13,20,0
tide,random,skip,10453,4,0,7,0,30,0,30,9,14,20,0
tide,random,skip,10454,0,1,3,30,30,0,4,0,4,20,0
tide,random,skip,10454,1,1,4,16,30,0,7,3,7,20,0
tide,random,skip,10454,2,0,5,0,30,0,9,3,8,20,0
tide,random,skip,10454,3,0,8,0,30,0,38,14,15,20,0
tide,random,skip,10454,4,0,7,0,30,0,29,8,13,20,0
tide,random,skip,10455,0,1,6,30,30,0,16,7,10,20,0
tide,random,skip,10455,1,1,6,18,30,0,23,7,11,20,0
tide,random,skip,10455,2,1,7,13,30,0,23,4,13,20,0
tide,random,skip,10455,3,0,7,0,30,0,20,16,13,20,0
tide,random,skip,10455,4,0,7,0,30,0,37,3,14,20,0
tide,random,skip,10456,0,1,4,26,30,0,4,8,7,20,0
tide,random,skip,10456,1,1,4,20,30,0,11,3,7,20,0
tide,random,skip,10456,2,1,7,4,30,0,14,3,11,20,0
tide,random,skip,10456,3,0,5,0,30,0,20,14,10,20,0
tide,random,skip,10456,4,0,5,0,30,0,15,0,9,20,0
tide,random,skip,10457,0,1,5,26,30,0,8,0,7,20,0
tide,random,skip,10457,1,1,4,14,30,0,5,0,6,20,0
tide,random,skip,10457,2,1,9,10,30,0,36,3,17,20,0
tide,random,skip,10457,3,0,5,0,30,0,0,12,9,20,0
tide,random,skip,10457,4,0,3,0,30,0,0,8,6,20,0
tide,random,skip,10458,0,1,3,26,30,0,0,4,5,20,0
tide,random,skip,10458,1,0,5,0,30,0,4,9,7,20,0
tide,random,skip,10458,2,1,7,14,30,0,24,0,12,20,0
tide,random,skip,10458,3,0,8,0,30,0,39,15,15,20,0
tide,random,skip,10458,4,0,4,0,30,0,4,8,7,20,0
tide,random,skip,10459,0,1,5,18,30,0,0,6,7,20,0
tide,random,skip,10459,1,1,5,16,30,0,14,4,9,20,0
tide,random,skip,10459,2,1,6,22,30,0,24,0,12,20,0
tide,random,skip,10459,3,1,7,9,30,0,27,10,14,20,0
tide,random,skip,10459,4,0,7,0,30,0,29,6,14,20,0
tide,random,skip,10460,0,1,3,22,30,0,0,0,3,20,0
tide,random,skip,10460,1,1,5,6,30,0,4,4,8,20,0
tide,random,skip,10460,2,1,6,18,30,0,20,7,12,20,0
tide,random,skip,10460,3,0,4,0,30,0,0,8,7,20,0
tide,random,skip,10460,4,0,3,0,30,0,0,14,6,20,0
tide,random,skip,10461,0,1,3,26,30,0,0,9,6,20,0
tide,random,skip,10461,1,1,4,16,30,0,7,4,7,20,0
tide,random,skip,10461,2,1,5,6,30,0,0,0,8,20,0
tide,random,skip,10461,3,0,6,0,30,0,12,10,10,20,0
tide,random,skip,10461,4,0,4,0,30,0,0,8,8,20,0
tide,random,skip,10462,0,1,4,30,30,0,8,3,7,20,0
tide,random,skip,10462,1,1,4,26,30,0,17,0,8,20,0
tide,random,skip,10462,2,1,9,6,30,0,32,3,15,20,0
tide,random,skip,10462,3,0,7,0,30,0,26,12,13,20,0
tide,random,skip,10462,4,0,6,0,30,0,32,0,11,20,0
tide,random,skip,10463,0,1,4,26,30,0,8,4,7,20,0
tide,random,skip,10463,1,1,6,6,30,0,11,10,11,20,0
tide,random,skip,10463,2,1,7,6,30,0,16,16,13,20,0
tide,random,skip,10463,3,0,4,0,30,0,0,16,8,20,0
tide,random,skip,10463,4,0,5,0,30,0,12,14,10,20,0
tide,random,skip,10464,0,1,3,30,30,0,4,3,5,20,0
tide,random,skip,10464,1,1,4,9,30,0,0,3,6,20,0
tide,random,skip,10464,2,1,11,18,30,0,60,11,21,20,0
tide,random,skip,10464,3,0,4,0,30,0,8,5,6,20,0
tide,random,skip,10464,4,0,5,0,30,0,8,9,9,20,0
tide,random,skip,10465,0,1,4,26,30,0,4,0,6,20,0
tide,random,skip,10465,1,1,5,17,30,0,15,0,9,20,0
tide,random,skip,10465,2,1,8,6,30,0,24,10,15,20,0
tide,random,skip,10465,3,0,7,0,30,0,32,17,14,20,0
tide,random,skip,10465,4,0,8,0,30,0,51,0,15,20,0
tide,random,skip,10466,0,1,3,26,30,0,0,3,5,20,0
tide,random,skip,10466,1,1,4,19,30,0,10,0,7,20,0
tide,random,skip,10466,2,0,9,0,30,0,32,13,16,20,0
tide,random,skip,10466,3,0,7,0,30,0,28,3,14,20,0
tide,random,skip,10466,4,0,6,0,30,0,24,8,12,20,0
tide,random,skip,10467,0,1,3,30,30,0,4,0,5,20,0
tide,random,skip,10467,1,1,5,10,30,0,8,7,8,20,0
tide,random,skip,10467,2,1,7,10,30,0,20,6,14,20,0
tide,random,skip,10467,3,0,5,0,30,0,0,19,9,20,0
tide,random,skip,10467,4,0,4,0,30,0,9,5,7,20,0
tide,random,skip,10468,0,1,3,26,30,0,4,3,5,20,0
tide,random,skip,10468,1,1,5,10,30,0,8,18,10,20,0
tide,random,skip,10468,2,1,8,20,30,0,38,7,15,20,0
tide,random,skip,10468,3,0,5,0,30,0,4,6,8,20,0
tide,random,skip,10468,4,0,4,0,30,0,0,13,7,20,0
tide,random,skip,10469,0,1,4,30,30,0,8,3,7,20,0
tide,random,skip,10469,1,1,4,9,30,0,0,8,6,20,0
tide,random,skip,10469,2,1,9,18,30,0,44,6,18,20,0
tide,random,skip,10469,3,0,7,0,30,0,34,9,13,20,0
tide,random,skip,10469,4,0,3,0,30,0,0,0,4,20,0
tide,random,skip,10470,0,1,3,22,30,0,0,0,4,20,0
tide,random,skip,10470,1,1,6,11,30,0,16,11,10,20,0
tide,random,skip,10470,2,1,5,10,30,0,4,6,10,20,0
tide,random,skip,10470,3,0,5,0,30,0,11,10,9,20,0
tide,random,skip,10470,4,0,5,0,30,0,24,0,9,20,0
tide,random,skip,10471,0,1,3,30,30,0,4,0,5,20,0
tide,random,skip,10471,1,1,4,14,30,0,5,3,8,20,0
tide,random,skip,10471,2,1,6,18,30,0,20,0,11,20,0
tide,random,skip,10471,3,0,5,0,30,0,15,9,10,20,0
tide,random,skip,10471,4,0,4,0,30,0,10,3,7,20,0
tide,random,skip,10472,0,1,4,30,30,0,8,0,7,20,0
tide,random,skip,10472,1,1,3,21,30,0,4,3,5,20,0
tide,random,skip,10472,2,1,7,14,30,0,23,3,13,20,0
tide,random,skip,10472,3,0,5,0,30,0,8,4,10,20,0
tide,random,skip,10472,4,0,3,0,30,0,0,5,5,20,0
tide,random,skip,10473,0,1,5,22,30,0,4,3,6,20,0
tide,random,skip,10473,1,1,4,16,30,0,7,0,7,20,0
tide,random,skip,10473,2,1,7,7,30,0,17,7,12,20,0
tide,random,skip,10473,3,0,5,0,30,0,5,5,9,20,0
tide,random,skip,10473,4,0,7,0,30,0,38,3,13,20,0
tide,random,skip,10474,0,1,5,30,30,0,12,6,9,20,0
tide,random,skip,10474,1,1,5,16,30,0,13,4,9,20,0
tide,random,skip,10474,2,1,7,14,30,0,24,3,13,20,0
tide,random,skip,10474,3,0,4,0,30,0,4,9,8,20,0
tide,random,skip,10474,4,0,5,0,30,0,15,3,9,20,0
tide,random,skip,10475,0,1,3,26,30,0,4,0,5,20,0
tide,random,skip,10475,1,1,4,13,30,0,4,3,6,20,0
tide,random,skip,10475,2,1,7,13,30,0,23,3,13,20,0
tide,random,skip,10475,3,0,4,0,30,0,0,10,6,20,0
tide,random,skip,10475,4,0,6,0,30,0,25,11,11,20,0
tide,random,skip,10476,0,1,2,26,30,0,0,3,4,20,0
tide,random,skip,10476,1,1,3,20,30,0,4,4,6,20,0
tide,random,skip,10476,2,1,7,12,30,0,22,5,12,20,0
tide,random,skip,10476,3,0,5,0,30,0,9,13,10,20,0
tide,random,skip,10476,4,0,6,0,30,0,26,0,11,20,0
tide,random,skip,10477,0,1,3,26,30,0,0,9,6,20,0
tide,random,skip,10477,1,1,4,16,30,0,7,3,7,20,0
tide,random,skip,10477,2,1,8,19,30,0,37,16,16,20,0
tide,random,skip,10477,3,0,5,0,30,0,0,13,10,20,0
tide,random,skip,10477,4,0,5,0,30,0,5,12,10,20,0
tide,random,skip,10478,0,1,5,26,30,0,8,9,9,20,0
tide,random,skip,10478,1,1,5,13,30,0,11,5,8,20,0
tide,random,skip,10478,2,1,11,11,30,0,53,7,20,20,0
tide,random,skip,10478,3,0,9,0,30,0,46,7,18,20,0
tide,random,skip,10478,4,0,5,0,30,0,9,11,10,20,0
tide,random,skip,10479,0,1,3,30,30,0,4,3,5,20,0
tide,random,skip,10479,1,1,7,23,30,0,34,6,12,20,0
tide,random,skip,10479,2,1,10,10,30,0,44,6,18,20,0
tide,random,skip,10479,3,0,7,0,30,0,26,3,12,20,0
tide,random,skip,10479,4,0,4,0,30,0,4,18,8,20,0
tide,random,skip,10480,0,1,6,22,30,0,8,22,12,20,0
tide,random,skip,10480,1,1,6,13,30,0,18,6,11,20,0
tide,random,skip,10480,2,1,7,24,30,0,34,9,14,20,0
tide,random,skip,10480,3,0,5,0,30,0,17,9,9,20,0
tide,random,skip,10480,4,0,3,0,30,0,4,9,5,20,0
tide,random,skip,10481,0,1,6,26,30,0,12,10,11,20,0
tide,random,skip,10481,1,1,4,21,30,0,11,0,7,20,0
tide,random,skip,10481,2,1,10,14,30,0,48,13,19,20,0
tide,random,skip,10481,3,0,8,0,30,0,31,12,15,20,0
tide,random,skip,10481,4,0,5,0,30,0,12,14,9,20,0
tide,random,skip,10482,0,1,4,26,30,0,4,6,6,20,0
tide,random,skip,10482,1,0,6,0,30,0,11,13,11,20,0
tide,random,skip,10482,2,0,7,0,30,0,17,7,12,20,0
tide,random,skip,10482,3,0,8,0,30,0,37,5,14,20,0
tide,random,skip,10482,4,0,7,0,30,0,42,0,13,20,0
tide,random,skip,10483,0,1,5,26,30,0,8,3,8,20,0
tide,random,skip,10483,1,1,3,16,30,0,0,9,6,20,0
tide,random,skip,10483,2,1,8,13,30,0,31,7,14,20,0
tide,random,skip,10483,3,0,9,0,30,0,54,6,15,20,0
tide,random,skip,10483,4,0,4,0,30,0,0,9,8,20,0
tide,random,skip,10484,0,1,2,30,30,0,4,3,4,20,0
tide,random,skip,10484,1,1,5,16,30,0,14,0,8,20,0
tide,random,skip,10484,2,1,6,11,30,0,13,4,10,20,0
tide,random,skip,10484,3,0,5,0,30,0,8,11,10,20,0
tide,random,skip,10484,4,0,5,0,30,0,24,16,10,20,0
tide,random,skip,10485,0,1,3,30,30,0,4,4,5,20,0
tide,random,skip,10485,1,1,5,10,30,0,8,3,9,20,0
tide,random,skip,10485,2,1,7,9,30,0,19,11,13,20,0
tide,random,skip,10485,3,0,7,0,30,0,26,12,14,20,0
tide,random,skip,10485,4,0,7,0,30,0,33,7,14,20,0
tide,random,skip,10486,0,1,7,26,30,0,16,12,12,20,0
tide,random,skip,10486,1,1,4,23,30,0,14,4,7,20,0
tide,random,skip,10486,2,1,8,12,30,0,30,8,15,20,0
tide,random,skip,10486,3,1,8,1,30,0,29,9,15,20,0
tide,random,skip,10486,4,0,9,0,30,0,57,13,17,20,0
tide,random,skip,10487,0,1,2,30,30,0,0,0,4,20,0
tide,random,skip,10487,1,1,7,3,30,0,15,8,11,20,0
tide,random,skip,10487,2,1,8,18,30,0,36,0,15,20,0
tide,random,skip,10487,3,0,4,0,30,0,4,0,7,20,0
tide,random,skip,10487,4,0,4,0,30,0,4,5,8,20,0
tide,random,skip,10488,0,1,2,30,30,0,0,0,4,20,0
tide,random,skip,10488,1,1,6,7,30,0,7,7,10,20,0
tide,random,skip,10488,2,1,9,1,30,0,27,14,16,20,0
tide,random,skip,10488,3,0,7,0,30,0,25,14,13,20,0
tide,random,skip,10488,4,0,4,0,30,0,12,0,7,20,0
tide,random,skip,10489,0,1,4,26,30,0,4,3,6,20,0
tide,random,skip,10489,1,1,4,20,30,0,11,3,7,20,0
tide,random,skip,10489,2,0,12,0,30,0,56,22,22,20,0
tide,random,skip,10489,3,0,4,0,30,0,0,3,6,20,0
tide,random,skip,10489,4,0,6,0,30,0,27,13,12,20,0
tide,random,skip,10490,0,1,4,26,30,0,4,6,6,20,0
tide,random,skip,10490,1,1,7,9,30,0,21,6,12,20,0
tide,random,skip,10490,2,1,8,15,30,0,33,8,14,20,0
tide,random,skip,10490,3,0,11,0,30,0,69,11,21,20,0
tide,random,skip,10490,4,0,4,0,30,0,6,0,6,20,0
tide,random,skip,10491,0,1,3,30,30,0,4,6,6,20,0
tide,random,skip,10491,1,1,3,16,30,0,0,0,5,20,0
tide,random,skip,10491,2,1,6,21,30,0,23,3,11,20,0
tide,random,skip,10491,3,1,7,4,30,0,20,5,12,20,0
tide,random,skip,10491,4,0,5,0,30,0,14,13,10,20,0
tide,random,skip,10492,0,1,3,30,30,0,4,3,6,20,0
tide,random,skip,10492,1,1,5,22,30,0,20,0,9,20,0
tide,random,skip,10492,2,1,9,6,30,0,32,12,18,20,0
tide,random,skip,10492,3,0,8,0,30,0,39,3,14,20,0
tide,random,skip,10492,4,0,4,0,30,0,0,9,7,20,0
tide,random,skip,10493,0,1,4,26,30,0,4,13,8,20,0
tide,random,skip,10493,1,1,5,13,30,0,11,0,8,20,0
tide,random,skip,10493,2,1,5,18,30,0,12,3,10,20,0
tide,random,skip,10493,3,0,7,0,30,0,21,8,12,20,0
tide,random,skip,10493,4,0,3,0,30,0,4,11,6,20,0
tide,random,skip,10494,0,1,4,26,30,0,4,8,7,20,0
tide,random,skip,10494,1,1,4,13,30,0,4,3,7,20,0
tide,random,skip,10494,2,1,6,10,30,0,12,7,11,20,0
tide,random,skip,10494,3,0,6,0,30,0,12,11,11,20,0
tide,random,skip,10494,4,0,4,0,30,0,14,0,7,20,0
tide,random,skip,10495,0,1,2,26,30,0,0,0,3,20,0
tide,random,skip,10495,1,1,4,17,30,0,8,3,7,20,0
tide,random,skip,10495,2,1,10,22,30,0,56,6,19,20,0
tide,random,skip,10495,3,0,8,0,30,0,36,5,15,20,0
tide,random,skip,10495,4,0,3,0,30,0,0,0,5,20,0
tide,random,skip,10496,0,1,3,22,30,0,0,0,4,20,0
tide,random,skip,10496,1,1,3,17,30,0,0,0,5,20,0
tide,random,skip,10496,2,1,11,7,30,0,49,9,19,20,0
tide,random,skip,10496,3,0,8,0,30,0,40,13,15,20,0
tide,random,skip,10496,4,0,6,0,30,0,18,4,11,20,0
tide,random,skip,10497,0,1,2,26,30,0,0,0,4,20,0
tide,random,skip,10497,1,1,4,9,30,0,0,0,7,20,0
tide,random,skip,10497,2,1,7,22,30,0,31,0,14,20,0
tide,random,skip,10497,3,1,8,7,30,0,37,11,15,20,0
tide,random,skip,10497,4,0,4,0,30,0,4,5,6,20,0
tide,random,skip,10498,0,1,3,30,30,0,4,11,6,20,0
tide,random,skip,10498,1,1,6,9,30,0,14,0,10,20,0
tide,random,skip,10498,2,1,8,16,30,0,34,3,14,20,0
tide,random,skip,10498,3,0,5,0,30,0,10,0,7,20,0
tide,random,skip,10498,4,0,5,0,30,0,18,8,10,20,0
tide,random,skip,10499,0,1,4,22,30,0,0,14,7,20,0
tide,random,skip,10499,1,1,6,10,30,0,14,10,10,20,0
tide,random,skip,10499,2,1,10,14,30,0,48,14,17,20,0
tide,random,skip,10499,3,0,4,0,30,0,0,10,8,20,0
tide,random,skip,10499,4,0,5,0,30,0,11,0,9,20,0
tide,random,random,10000,0,1,3,26,30,0,0,6,5,20,0
tide,random,random,10000,1,1,4,13,30,0,4,5,7,21,0
tide,random,random,10000,2,1,9,18,30,0,44,6,18,22,0
tide,random,random,10000,3,1,9,14,30,0,52,0,16,23,0
tide,random,random,10000,4,0,7,0,30,0,42,0,13,24,0
tide,random,random,10001,0,1,2,30,30,0,0,3,4,20,0
tide,random,random,10001,1,1,3,16,30,0,0,0,5,21,0
tide,random,random,10001,2,1,8,6,30,0,24,7,15,22,0
tide,random,random,10001,3,0,7,0,30,0,21,14,14,23,0
tide,random,random,10001,4,0,3,0,30,0,0,10,6,24,0
tide,random,random,10002,0,1,3,26,30,0,4,3,5,20,0
tide,random,random,10002,1,1,6,5,30,0,10,0,9,21,0
tide,random,random,10002,2,1,5,6,30,0,0,0,9,22,0
tide,random,random,10002,3,1,9,10,30,0,48,0,16,23,0
tide,random,random,10002,4,0,4,0,30,0,16,3,8,24,0
tide,random,random,10003,0,1,7,26,30,0,16,11,12,20,0
tide,random,random,10003,1,1,4,20,30,0,11,3,8,21,0
tide,random,random,10003,2,1,7,17,30,0,27,3,13,22,0
tide,random,random,10003,3,0,5,0,30,0,12,0,10,23,0
tide,random,random,10003,4,0,5,0,30,0,14,0,10,24,0
tide,random,random,10004,0,1,3,26,30,0,0,3,5,20,0
tide,random,random,10004,1,1,4,17,30,0,8,3,7,21,0
tide,random,random,10004,2,1,6,14,30,0,16,4,11,22,0
tide,random,random,10004,3,0,6,0,30,0,14,12,11,23,0
tide,random,random,10004,4,0,4,0,30,0,9,7,7,24,0
tide,random,random,10005,0,1,2,30,30,0,0,3,4,20,0
tide,random,random,10005,1,1,5,6,30,0,4,7,8,21,0
tide,random,random,10005,2,1,7,7,30,0,17,5,11,22,0
tide,random,random,10005,3,0,7,0,30,0,27,13,14,23,0
tide,random,random,10005,4,0,4,0,30,0,9,7,8,24,0
tide,random,random,10006,0,1,5,26,30,0,8,7,8,20,0
tide,random,random,10006,1,0,5,0,30,0,5,18,9,21,0
tide,random,random,10006,2,1,5,14,30,0,8,4,9,22,0
tide,random,random,10006,3,0,5,0,30,0,5,12,9,23,0
tide,random,random,10006,4,0,3,0,30,0,0,6,5,24,0
tide,random,random,10007,0,1,5,22,30,0,4,16,10,20,0
tide,random,random,10007,1,1,4,18,30,0,9,0,6,21,0
tide,random,random,10007,2,1,6,18,30,0,20,3,11,22,0
tide,random,random,10007,3,0,8,0,30,0,35,18,16,23,0
tide,random,random,10007,4,0,4,0,30,0,7,3,8,24,0
tide,random,random,10008,0,1,3,30,30,0,4,3,6,20,0
tide,random,random,10008,1,1,4,9,30,0,0,4,6,21,0
tide,random,random,10008,2,1,7,15,30,0,25,4,13,22,0
tide,random,random,10008,3,1,8,16,30,0,50,3,16,23,0
tide,random,random,10008,4,0,5,0,30,0,17,16,10,24,0
tide,random,random,10009,0,1,3,30,30,0,4,0,5,20,0
tide,random,random,10009,1,1,5,16,30,0,14,10,10,21,0
tide,random,random,10009,2,1,8,9,30,0,26,11,15,22,0
tide,random,random,10009,3,1,10,9,30,0,55,5,18,23,0
tide,random,random,10009,4,0,6,0,30,0,28,17,12,24,0
tide,random,random,10010,0,1,4,26,30,0,4,4,6,20,0
tide,random,random,10010,1,1,4,16,30,0,7,0,6,21,0
tide,random,random,10010,2,1,7,17,30,0,27,0,12,22,0
tide,random,random,10010,3,1,10,13,30,0,61,5,19,23,0
tide,random,random,10010,4,0,4,0,30,0,15,8,8,24,0
tide,random,random,10011,0,1,2,30,30,0,0,0,3,20,0
tide,random,random,10011,1,1,6,17,30,0,22,7,10,21,0
tide,random,random,10011,2,1,5,14,30,0,8,3,8,22,0
tide,random,random,10011,3,0,5,0,30,0,8,7,10,23,0
tide,random,random,10011,4,0,4,0,30,0,16,0,7,24,0
tide,random,random,10012,0,1,3,26,30,0,0,4,5,20,0
tide,random,random,10012,1,1,6,3,30,0,8,11,10,21,0
tide,random,random,10012,2,1,9,19,30,0,45,10,17,22,0
tide,random,random,10012,3,1,12,18,30,0,86,10,23,23,0
tide,random,random,10012,4,0,7,0,30,0,34,8,14,24,0
tide,random,random,10013,0,1,4,30,30,0,8,7,8,20,0
tide,random,random,10013,1,1,5,16,30,0,9,0,8,21,0
tide,random,random,10013,2,1,6,14,30,0,16,5,10,22,0
tide,random,random,10013,3,1,7,5,30,0,19,7,12,23,0
tide,random,random,10013,4,0,4,0,30,0,4,4,6,24,0
tide,random,random,10014,0,1,4,30,30,0,6,4,7,20,0
tide,random,random,10014,1,1,4,20,30,0,11,3,8,21,0
tide,random,random,10014,2,0,5,0,30,0,0,8,9,22,0
tide,random,random,10014,3,1,8,5,30,0,29,4,14,23,0
tide,random,random,10014,4,0,5,0,30,0,17,14,10,24,0
tide,random,random,10015,0,1,3,30,30,0,4,3,5,20,0
tide,random,random,10015,1,1,6,12,30,0,17,4,9,21,0
tide,random,random,10015,2,1,8,17,30,0,35,0,14,22,0
tide,random,random,10015,3,1,7,6,30,0,26,0,13,23,0
tide,random,random,10015,4,0,10,0,30,0,66,9,19,24,0
tide,random,random,10016,0,1,3,30,30,0,2,4,6,20,0
tide,random,random,10016,1,1,6,12,30,0,17,20,12,21,0
tide,random,random,10016,2,1,9,10,30,0,36,0,15,22,0
tide,random,random,10016,3,1,8,9,30,0,41,9,15,23,0
tide,random,random,10016,4,0,5,0,30,0,23,0,9,24,0
tide,random,random,10017,0,1,3,26,30,0,2,8,6,20,0
tide,random,random,10017,1,1,4,9,30,0,0,7,6,21,0
tide,random,random,10017,2,1,9,14,30,0,39,11,17,22,0
tide,random,random,10017,3,1,6,13,30,0,21,8,12,23,0
tide,random,random,10017,4,0,5,0,30,0,20,9,9,24,0
tide,random,random,10018,0,1,3,30,30,0,4,4,6,20,0
tide,random,random,10018,1,1,5,13,30,0,11,5,9,21,0
tide,random,random,10018,2,1,5,14,30,0,8,6,9,22,0
tide,random,random,10018,3,0,5,0,30,0,15,4,10,23,0
tide,random,random,10018,4,0,7,0,30,0,49,9,13,24,0
tide,random,random,10019,0,1,4,26,30,0,4,7,7,20,0
tide,random,random,10019,1,1,4,20,30,0,11,3,7,21,0
tide,random,random,10019,2,1,7,21,30,0,31,0,13,22,0
tide,random,random,10019,3,0,6,0,30,0,11,5,11,23,0
tide,random,random,10019,4,0,7,0,30,0,39,10,13,24,0
tide,random,random,10020,0,1,3,30,30,0,4,4,6,20,0
tide,random,random,10020,1,1,4,13,30,0,4,0,6,21,0
tide,random,random,10020,2,1,6,2,30,0,4,6,10,22,0
tide,random,random,10020,3,1,6,2,30,0,12,10,11,23,0
tide,random,random,10020,4,0,4,0,30,0,7,0,8,24,0
tide,random,random,10021,0,1,3,30,30,0,4,4,6,20,0
tide,random,random,10021,1,1,4,22,30,0,13,0,7,21,0
tide,random,random,10021,2,1,6,14,30,0,16,3,10,22,0
tide,random,random,10021,3,0,8,0,30,0,43,5,15,23,0
tide,random,random,10021,4,0,5,0,30,0,8,4,9,24,0
tide,random,random,10022,0,1,4,22,30,0,0,17,8,20,0
tide,random,random,10022,1,1,3,16,30,0,0,0,5,21,0
tide,random,random,10022,2,1,8,10,30,0,28,7,16,22,0
tide,random,random,10022,3,1,11,11,30,0,67,3,20,23,0
tide,random,random,10022,4,0,8,0,30,0,46,8,15,24,0
tide,random,random,10023,0,1,4,26,30,0,4,7,7,20,0
tide,random,random,10023,1,1,3,16,30,0,0,6,6,21,0
tide,random,random,10023,2,1,5,18,30,0,12,0,9,22,0
tide,random,random,10023,3,0,8,0,30,0,43,15,15,23,0
tide,random,random,10023,4,0,4,0,30,0,9,12,8,24,0
tide,random,random,10024,0,1,4,23,30,0,5,4,6,20,0
tide,random,random,10024,1,1,7,13,30,0,25,4,12,21,0
tide,random,random,10024,2,1,6,16,30,0,18,11,12,22,0
tide,random,random,10024,3,0,9,0,30,0,48,6,16,23,0
tide,random,random,10024,4,0,5,0,30,0,9,0,10,24,0
tide,random,random,10025,0,1,3,26,30,0,0,0,5,20,0
tide,random,random,10025,1,1,6,20,30,0,24,4,10,21,0
tide,random,random,10025,2,0,4,0,30,0,0,9,7,22,0
tide,random,random,10025,3,0,5,0,30,0,4,13,9,23,0
tide,random,random,10025,4,0,5,0,30,0,21,4,9,24,0
tide,random,random,10026,0,1,3,22,30,0,0,0,4,20,0
tide,random,random,10026,1,1,4,13,30,0,4,4,7,21,0
tide,random,random,10026,2,1,5,6,30,0,0,14,10,22,0
tide,random,random,10026,3,0,7,0,30,0,23,6,13,23,0
tide,random,random,10026,4,0,4,0,30,0,11,3,8,24,0
tide,random,random,10027,0,1,4,30,30,0,8,0,6,20,0
tide,random,random,10027,1,1,5,23,30,0,20,9,9,21,0
tide,random,random,10027,2,1,7,16,30,0,26,4,13,22,0
tide,random,random,10027,3,0,5,0,30,0,8,5,9,23,0
tide,random,random,10027,4,0,5,0,30,0,17,4,9,24,0
tide,random,random,10028,0,1,3,30,30,0,4,0,5,20,0
tide,random,random,10028,1,1,4,16,30,0,7,4,6,21,0
tide,random,random,10028,2,1,9,18,30,0,44,4,16,22,0
tide,random,random,10028,3,1,9,15,30,0,55,3,18,23,0
tide,random,random,10028,4,0,6,0,30,0,10,5,11,24,0
tide,random,random,10029,0,1,3,30,30,0,4,3,5,20,0
tide,random,random,10029,1,1,5,17,30,0,15,0,8,21,0
tide,random,random,10029,2,1,7,29,30,0,39,3,13,22,0
tide,random,random,10029,3,0,10,0,30,0,50,12,19,23,0
tide,random,random,10029,4,0,5,0,30,0,21,0,9,24,0
tide,random,random,10030,0,1,3,30,30,0,4,6,6,20,0
tide,random,random,10030,1,1,7,20,30,0,32,4,14,21,0
tide,random,random,10030,2,1,7,15,30,0,25,4,13,22,0
tide,random,random,10030,3,1,7,7,30,0,25,6,13,23,0
tide,random,random,10030,4,0,4,0,30,0,0,0,6,24,0
tide,random,random,10031,0,1,3,26,30,0,0,4,6,20,0
tide,random,random,10031,1,1,6,22,30,0,27,4,11,21,0
tide,random,random,10031,2,1,8,16,30,0,34,9,15,22,0
tide,random,random,10031,3,0,11,0,30,0,68,12,22,23,0
tide,random,random,10031,4,0,4,0,30,0,13,18,8,24,0
tide,random,random,10032,0,1,6,22,30,0,8,6,9,20,0
tide,random,random,10032,1,1,4,18,30,0,9,3,8,21,0
tide,random,random,10032,2,1,8,6,30,0,24,11,15,22,0
tide,random,random,10032,3,0,6,0,30,0,18,3,10,23,0
tide,random,random,10032,4,0,8,0,30,0,44,7,15,24,0
tide,random,random,10033,0,1,3,30,30,0,4,0,4,20,0
tide,random,random,10033,1,1,5,6,30,0,4,10,8,21,0
tide,random,random,10033,2,1,8,13,30,0,31,14,16,22,0
tide,random,random,10033,3,1,7,4,30,0,20,3,12,23,0
tide,random,random,10033,4,0,7,0,30,0,23,0,11,24,0
tide,random,random,10034,0,1,3,22,30,0,0,0,5,20,0
tide,random,random,10034,1,1,6,21,30,0,26,4,10,21,0
tide,random,random,10034,2,1,9,19,30,0,45,14,17,22,0
tide,random,random,10034,3,1,12,15,30,0,85,0,22,23,0
tide,random,random,10034,4,0,7,0,30,0,36,0,12,24,0
tide,random,random,10035,0,1,2,26,30,0,0,3,4,20,0
tide,random,random,10035,1,1,6,9,30,0,14,4,9,21,0
tide,random,random,10035,2,1,7,9,30,0,19,0,12,22,0
tide,random,random,10035,3,1,13,9,30,0,87,10,25,23,0
tide,random,random,10035,4,0,5,0,30,0,8,5,9,24,0
tide,random,random,10036,0,1,3,30,30,0,4,0,5,20,0
tide,random,random,10036,1,1,4,14,30,0,5,6,7,21,0
tide,random,random,10036,2,1,6,14,30,0,16,4,11,22,0
tide,random,random,10036,3,0,9,0,30,0,50,10,17,23,0
tide,random,random,10036,4,0,9,0,30,0,58,3,18,24,0
tide,random,random,10037,0,1,4,30,30,0,8,4,7,20,0
tide,random,random,10037,1,1,7,19,30,0,31,11,13,21,0
tide,random,random,10037,2,0,6,0,30,0,12,12,11,22,0
tide,random,random,10037,3,0,5,0,30,0,14,9,10,23,0
tide,random,random,10037,4,0,3,0,30,0,0,3,5,24,0
tide,random,random,10038,0,1,4,26,30,0,4,9,8,20,0
tide,random,random,10038,1,0,5,0,30,0,4,10,8,21,0
tide,random,random,10038,2,1,7,14,30,0,24,6,13,22,0
tide,random,random,10038,3,1,14,16,30,0,102,8,27,23,0
tide,random,random,10038,4,0,6,0,30,0,26,0,12,24,0
tide,random,random,10039,0,1,4,26,30,0,4,5,6,20,0
tide,random,random,10039,1,1,4,18,30,0,9,0,7,21,0
tide,random,random,10039,2,1,8,11,30,0,29,7,15,22,0
tide,random,random,10039,3,0,5,0,30,0,12,7,10,23,0
tide,random,random,10039,4,0,4,0,30,0,10,9,8,24,0
tide,random,random,10040,0,1,4,26,30,0,4,4,7,20,0
tide,random,random,10040,1,1,5,14,30,0,12,0,8,21,0
tide,random,random,10040,2,1,4,18,30,0,4,3,8,22,0
tide,random,random,10040,3,0,8,0,30,0,38,9,14,23,0
tide,random,random,10040,4,0,4,0,30,0,13,5,7,24,0
tide,random,random,10041,0,1,3,28,30,0,0,6,5,20,0
tide,random,random,10041,1,1,4,17,30,0,8,0,7,21,0
tide,random,random,10041,2,1,7,18,30,0,28,0,13,22,0
tide,random,random,10041,3,0,6,0,30,0,17,0,10,23,0
tide,random,random,10041,4,0,6,0,30,0,27,0,12,24,0
tide,random,random,10042,0,1,4,26,30,0,4,3,6,20,0
tide,random,random,10042,1,1,6,10,30,0,15,10,10,21,0
tide,random,random,10042,2,1,5,10,30,0,4,3,9,22,0
tide,random,random,10042,3,0,4,0,30,0,0,4,5,23,0
tide,random,random,10042,4,0,3,0,30,0,0,4,6,24,0
tide,random,random,10043,0,1,3,30,30,0,4,0,5,20,0
tide,random,random,10043,1,1,4,20,30,0,10,0,7,21,0
tide,random,random,10043,2,1,9,16,30,0,42,6,16,22,0
tide,random,random,10043,3,0,7,0,30,0,22,9,14,23,0
tide,random,random,10043,4,0,4,0,30,0,12,0,8,24,0
tide,random,random,10044,0,1,3,30,30,0,4,4,5,20,0
tide,random,random,10044,1,1,5,6,30,0,4,14,9,21,0
tide,random,random,10044,2,1,7,10,30,0,20,14,13,22,0
tide,random,random,10044,3,1,10,2,30,0,44,4,19,23,0
tide,random,random,10044,4,0,9,0,30,0,54,14,17,24,0
tide,random,random,10045,0,1,2,28,30,0,0,0,3,20,0
tide,random,random,10045,1,1,3,21,30,0,4,0,6,21,0
tide,random,random,10045,2,1,5,22,30,0,16,4,10,22,0
tide,random,random,10045,3,0,5,0,30,0,10,4,9,23,0
tide,random,random,10045,4,0,4,0,30,0,12,5,8,24,0
tide,random,random,10046,0,1,4,22,30,0,0,7,7,20,0
tide,random,random,10046,1,1,5,9,30,0,7,7,8,21,0
tide,random,random,10046,2,1,7,6,30,0,16,8,12,22,0
tide,random,random,10046,3,1,10,2,30,0,50,10,20,23,0
tide,random,random,10046,4,0,5,0,30,0,19,0,9,24,0
tide,random,random,10047,0,1,5,23,30,0,5,17,9,20,0
tide,random,random,10047,1,1,4,14,30,0,5,3,7,21,0
tide,random,random,10047,2,1,6,13,30,0,15,3,11,22,0
tide,random,random,10047,3,1,10,7,30,0,55,5,18,23,0
tide,random,random,10047,4,0,6,0,30,0,37,8,12,24,0
tide,random,random,10048,0,1,3,26,30,0,0,0,4,20,0
tide,random,random,10048,1,1,4,20,30,0,11,0,7,21,0
tide,random,random,10048,2,1,7,19,30,0,29,3,13,22,0
tide,random,random,10048,3,0,5,0,30,0,6,7,9,23,0
tide,random,random,10048,4,0,4,0,30,0,0,0,5,24,0
tide,random,random,10049,0,1,5,26,30,0,8,11,9,20,0
tide,random,random,10049,1,1,3,28,30,0,12,0,6,21,0
tide,random,random,10049,2,1,8,3,30,0,21,3,13,22,0
tide,random,random,10049,3,0,13,0,30,0,88,21,26,23,0
tide,random,random,10049,4,0,5,0,30,0,20,4,9,24,0
tide,random,random,10050,0,1,3,30,30,0,4,0,4,20,0
tide,random,random,10050,1,1,4,16,30,0,2,6,7,21,0
tide,random,random,10050,2,1,9,6,30,0,32,0,15,22,0
tide,random,random,10050,3,1,8,4,30,0,38,5,14,23,0
tide,random,random,10050,4,0,5,0,30,0,15,7,9,24,0
tide,random,random,10051,0,1,2,26,30,0,0,3,4,20,0
tide,random,random,10051,1,1,3,16,30,0,0,6,6,21,0
tide,random,random,10051,2,1,6,13,30,0,15,11,11,22,0
tide,random,random,10051,3,0,4,0,30,0,4,8,7,23,0
tide,random,random,10051,4,0,4,0,30,0,9,0,7,24,0
tide,random,random,10052,0,1,4,30,30,0,8,3,7,20,0
tide,random,random,10052,1,1,5,9,30,0,7,3,7,21,0
tide,random,random,10052,2,1,8,18,30,0,36,4,15,22,0
tide,random,random,10052,3,0,5,0,30,0,11,3,9,23,0
tide,random,random,10052,4,0,4,0,30,0,5,0,7,24,0
tide,random,random,10053,0,1,3,22,30,0,0,0,4,20,0
tide,random,random,10053,1,1,4,13,30,0,4,0,6,21,0
tide,random,random,10053,2,1,6,16,30,0,18,0,10,22,0
tide,random,random,10053,3,0,5,0,30,0,10,4,10,23,0
tide,random,random,10053,4,0,7,0,30,0,43,0,13,24,0
tide,random,random,10054,0,1,2,30,30,0,0,0,3,20,0
tide,random,random,10054,1,1,4,23,30,0,14,0,7,21,0
tide,random,random,10054,2,1,9,16,30,0,41,4,17,22,0
tide,random,random,10054,3,1,9,6,30,0,46,3,17,23,0
tide,random,random,10054,4,0,5,0,30,0,17,0,9,24,0
tide,random,random,10055,0,1,4,30,30,0,8,0,6,20,0
tide,random,random,10055,1,1,5,13,30,0,11,7,8,21,0
tide,random,random,10055,2,1,6,10,30,0,12,7,11,22,0
tide,random,random,10055,3,0,4,0,30,0,4,6,7,23,0
tide,random,random,10055,4,0,9,0,30,0,61,5,18,24,0
tide,random,random,10056,0,1,3,30,30,0,4,0,4,20,0
tide,random,random,10056,1,1,5,16,30,0,14,3,9,21,0
tide,random,random,10056,2,1,6,2,30,0,4,10,11,22,0
tide,random,random,10056,3,1,9,5,30,0,49,12,17,23,0
tide,random,random,10056,4,0,8,0,30,0,46,3,16,24,0
tide,random,random,10057,0,1,4,22,30,0,0,10,7,20,0
tide,random,random,10057,1,1,4,9,30,0,0,3,6,21,0
tide,random,random,10057,2,1,7,11,30,0,21,0,12,22,0
tide,random,random,10057,3,0,5,0,30,0,12,5,10,23,0
tide,random,random,10057,4,0,3,0,30,0,0,6,6,24,0
tide,random,random,10058,0,1,3,30,30,0,4,0,5,20,0
tide,random,random,10058,1,1,4,13,30,0,4,6,7,21,0
tide,random,random,10058,2,0,6,0,30,0,8,15,12,22,0
tide,random,random,10058,3,0,7,0,30,0,29,8,14,23,0
tide,random,random,10058,4,0,4,0,30,0,8,4,8,24,0
tide,random,random,10059,0,1,3,30,30,0,4,0,4,20,0
tide,random,random,10059,1,1,3,16,30,0,0,7,5,21,0
tide,random,random,10059,2,1,7,15,30,0,25,0,12,22,0
tide,random,random,10059,3,1,11,4,30,0,64,15,21,23,0
tide,random,random,10059,4,0,5,0,30,0,17,12,10,24,0
tide,random,random,10060,0,1,4,22,30,0,0,9,7,20,0
tide,random,random,10060,1,1,7,17,30,0,29,6,12,21,0
tide,random,random,10060,2,1,10,21,30,0,55,7,18,22,0
tide,random,random,10060,3,0,7,0,30,0,22,4,13,23,0
tide,random,random,10060,4,0,4,0,30,0,13,0,8,24,0
tide,random,random,10061,0,1,3,30,30,0,4,9,6,20,0
tide,random,random,10061,1,1,3,16,30,0,0,4,5,21,0
tide,random,random,10061,2,1,7,9,30,0,19,0,11,22,0
tide,random,random,10061,3,1,9,14,30,0,56,3,17,23,0
tide,random,random,10061,4,0,3,0,30,0,0,4,5,24,0
tide,random,random,10062,0,1,3,26,30,0,0,0,5,20,0
tide,random,random,10062,1,1,6,14,30,0,19,7,11,21,0
tide,random,random,10062,2,1,6,7,30,0,9,7,12,22,0
tide,random,random,10062,3,0,7,0,30,0,24,5,12,23,0
tide,random,random,10062,4,0,6,0,30,0,27,9,12,24,0
tide,random,random,10063,0,1,4,26,30,0,4,4,6,20,0
tide,random,random,10063,1,1,3,23,30,0,7,0,5,21,0
tide,random,random,10063,2,1,6,9,30,0,11,7,11,22,0
tide,random,random,10063,3,0,6,0,30,0,13,0,10,23,0
tide,random,random,10063,4,0,5,0,30,0,16,10,9,24,0
tide,random,random,10064,0,1,3,26,30,0,0,3,5,20,0
tide,random,random,10064,1,1,5,25,30,0,22,8,9,21,0
tide,random,random,10064,2,1,7,17,30,0,27,4,12,22,0
tide,random,random,10064,3,0,10,0,30,0,53,10,19,23,0
tide,random,random,10064,4,0,5,0,30,0,17,5,10,24,0
tide,random,random,10065,0,1,2,26,30,0,0,4,4,20,0
tide,random,random,10065,1,1,4,17,30,0,8,4,7,21,0
tide,random,random,10065,2,1,6,22,30,0,24,7,12,22,0
tide,random,random,10065,3,1,8,5,30,0,33,6,14,23,0
tide,random,random,10065,4,0,6,0,30,0,29,4,12,24,0
tide,random,random,10066,0,1,2,26,30,0,0,0,3,20,0
tide,random,random,10066,1,1,6,20,30,0,25,0,10,21,0
tide,random,random,10066,2,1,6,24,30,0,26,3,11,22,0
tide,random,random,10066,3,0,7,0,30,0,26,5,13,23,0
tide,random,random,10066,4,0,7,0,30,0,43,7,14,24,0
tide,random,random,10067,0,1,4,22,30,0,0,4,6,20,0
tide,random,random,10067,1,1,4,23,30,0,14,0,7,21,0
tide,random,random,10067,2,1,7,19,30,0,29,4,13,22,0
tide,random,random,10067,3,1,10,15,30,0,59,3,18,23,0
tide,random,random,10067,4,0,6,0,30,0,22,15,12,24,0
tide,random,random,10068,0,1,5,23,30,0,5,3,7,20,0
tide,random,random,10068,1,1,5,16,30,0,14,5,9,21,0
tide,random,random,10068,2,1,4,14,30,0,0,3,8,22,0
tide,random,random,10068,3,1,7,4,30,0,22,12,13,23,0
tide,random,random,10068,4,0,3,0,30,0,4,4,5,24,0
tide,random,random,10069,0,1,2,26,30,0,0,4,4,20,0
tide,random,random,10069,1,1,4,13,30,0,4,5,7,21,0
tide,random,random,10069,2,1,7,18,30,0,28,8,14,22,0
tide,random,random,10069,3,0,7,0,30,0,24,5,14,23,0
tide,random,random,10069,4,0,3,0,30,0,0,8,6,24,0
tide,random,random,10070,0,1,6,26,30,0,12,9,10,20,0
tide,random,random,10070,1,1,6,16,30,0,21,6,10,21,0
tide,random,random,10070,2,1,9,27,30,0,53,0,17,22,0
tide,random,random,10070,3,1,11,3,30,0,61,10,20,23,0
tide,random,random,10070,4,0,5,0,30,0,22,0,8,24,0
tide,random,random,10071,0,1,3,30,30,0,4,0,6,20,0
tide,random,random,10071,1,1,6,7,30,0,12,6,10,21,0
tide,random,random,10071,2,1,7,13,30,0,23,6,13,22,0
tide,random,random,10071,3,1,7,5,30,0,21,4,14,23,0
tide,random,random,10071,4,0,5,0,30,0,18,8,10,24,0
tide,random,random,10072,0,1,6,18,30,0,4,7,9,20,0
tide,random,random,10072,1,1,5,13,30,0,6,0,8,21,0
tide,random,random,10072,2,1,7,14,30,0,24,10,13,22,0
tide,random,random,10072,3,0,4,0,30,0,0,9,7,23,0
tide,random,random,10072,4,0,7,0,30,0,34,0,12,24,0
tide,random,random,10073,0,1,3,30,30,0,4,3,6,20,0
tide,random,random,10073,1,1,5,20,30,0,18,3,8,21,0
tide,random,random,10073,2,1,6,14,30,0,16,7,11,22,0
tide,random,random,10073,3,1,8,6,30,0,38,3,16,23,0
tide,random,random,10073,4,0,8,0,30,0,48,5,16,24,0
tide,random,random,10074,0,1,6,26,30,0,12,10,10,20,0
tide,random,random,10074,1,1,4,9,30,0,0,5,6,21,0
tide,random,random,10074,2,1,6,14,30,0,16,0,11,22,0
tide,random,random,10074,3,0,9,0,30,0,46,10,16,23,0
tide,random,random,10074,4,0,5,0,30,0,22,5,8,24,0
tide,random,random,10075,0,1,5,26,30,0,8,0,7,20,0
tide,random,random,10075,1,1,4,17,30,0,8,10,8,21,0
tide,random,random,10075,2,1,8,13,30,0,31,17,15,22,0
tide,random,random,10075,3,0,7,0,30,0,24,12,14,23,0
tide,random,random,10075,4,0,7,0,30,0,38,4,14,24,0
tide,random,random,10076,0,1,6,26,30,0,10,13,11,20,0
tide,random,random,10076,1,1,4,20,30,0,11,0,7,21,0
tide,random,random,10076,2,1,6,15,30,0,17,7,12,22,0
tide,random,random,10076,3,0,7,0,30,0,27,17,13,23,0
tide,random,random,10076,4,0,7,0,30,0,37,4,14,24,0
tide,random,random,10077,0,1,4,30,30,0,8,0,6,20,0
tide,random,random,10077,1,1,2,28,30,0,0,4,4,21,0
tide,random,random,10077,2,1,6,11,30,0,13,3,11,22,0
tide,random,random,10077,3,1,8,1,30,0,33,11,15,23,0
tide,random,random,10077,4,0,5,0,30,0,21,6,9,24,0
tide,random,random,10078,0,1,5,22,30,0,4,5,7,20,0
tide,random,random,10078,1,1,4,9,30,0,0,7,7,21,0
tide,random,random,10078,2,1,9,22,30,0,48,6,17,22,0
tide,random,random,10078,3,1,10,11,30,0,59,0,17,23,0
tide,random,random,10078,4,0,5,0,30,0,16,0,9,24,0
tide,random,random,10079,0,1,3,30,30,0,4,9,6,20,0
tide,random,random,10079,1,1,4,14,30,0,5,8,7,21,0
tide,random,random,10079,2,1,7,17,30,0,27,0,12,22,0
tide,random,random,10079,3,0,4,0,30,0,0,6,8,23,0
tide,random,random,10079,4,0,4,0,30,0,16,0,7,24,0
tide,random,random,10080,0,1,6,22,30,0,8,5,9,20,0
tide,random,random,10080,1,1,3,23,30,0,7,0,5,21,0
tide,random,random,10080,2,1,6,14,30,0,16,3,10,22,0
tide,random,random,10080,3,1,7,14,30,0,30,9,14,23,0
tide,random,random,10080,4,0,3,0,30,0,0,4,5,24,0
tide,random,random,10081,0,1,4,30,30,0,8,3,7,20,0
tide,random,random,10081,1,1,4,9,30,0,0,5,6,21,0
tide,random,random,10081,2,1,10,18,30,0,52,3,18,22,0
tide,random,random,10081,3,0,4,0,30,0,3,4,6,23,0
tide,random,random,10081,4,0,3,0,30,0,0,3,6,24,0
tide,random,random,10082,0,1,4,26,30,0,4,4,6,20,0
tide,random,random,10082,1,1,3,20,30,0,4,0,5,21,0
tide,random,random,10082,2,1,6,14,30,0,16,7,12,22,0
tide,random,random,10082,3,1,7,3,30,0,21,7,14,23,0
tide,random,random,10082,4,0,4,0,30,0,4,10,8,24,0
tide,random,random,10083,0,1,3,26,30,0,4,0,5,20,0
tide,random,random,10083,1,1,5,23,30,0,16,0,9,21,0
tide,random,random,10083,2,1,8,19,30,0,37,15,15,22,0
tide,random,random,10083,3,1,7,14,30,0,32,3,14,23,0
tide,random,random,10083,4,0,5,0,30,0,20,3,9,24,0
tide,random,random,10084,0,1,4,22,30,0,4,3,6,20,0
tide,random,random,10084,1,1,4,20,30,0,11,3,8,21,0
tide,random,random,10084,2,1,4,19,30,0,5,3,8,22,0
tide,random,random,10084,3,0,8,0,30,0,38,9,16,23,0
tide,random,random,10084,4,0,9,0,30,0,57,0,17,24,0
tide,random,random,10085,0,1,7,30,30,0,20,6,12,20,0
tide,random,random,10085,1,1,5,6,30,0,4,9,9,21,0
tide,random,random,10085,2,1,8,3,30,0,21,6,14,22,0
tide,random,random,10085,3,0,8,0,30,0,34,12,15,23,0
tide,random,random,10085,4,1,10,8,30,0,66,3,18,24,0
tide,random,random,10086,0,1,3,26,30,0,2,4,5,20,0
tide,random,random,10086,1,1,6,11,30,0,16,7,9,21,0
tide,random,random,10086,2,1,5,14,30,0,8,0,9,22,0
tide,random,random,10086,3,0,7,0,30,0,23,10,14,23,0
tide,random,random,10086,4,0,4,0,30,0,5,3,7,24,0
tide,random,random,10087,0,1,4,30,30,0,8,9,7,20,0
tide,random,random,10087,1,1,7,22,30,0,34,8,13,21,0
tide,random,random,10087,2,1,6,8,30,0,10,8,12,22,0
tide,random,random,10087,3,0,6,0,30,0,15,3,10,23,0
tide,random,random,10087,4,0,4,0,30,0,4,0,6,24,0
tide,random,random,10088,0,1,3,30,30,0,4,0,5,20,0
tide,random,random,10088,1,1,8,18,30,0,37,12,16,21,0
tide,random,random,10088,2,1,6,22,30,0,24,0,10,22,0
tide,random,random,10088,3,1,10,23,30,0,69,3,19,23,0
tide,random,random,10088,4,0,9,0,30,0,55,9,18,24,0
tide,random,random,10089,0,1,3,26,30,0,0,0,4,20,0
tide,random,random,10089,1,1,4,17,30,0,8,10,8,21,0
tide,random,random,10089,2,1,6,22,30,0,24,5,11,22,0
tide,random,random,10089,3,0,10,0,30,0,55,9,20,23,0
tide,random,random,10089,4,0,6,0,30,0,35,4,11,24,0
tide,random,random,10090,0,1,4,26,30,0,4,3,6,20,0
tide,random,random,10090,1,1,4,23,30,0,9,4,7,21,0
tide,random,random,10090,2,1,5,9,30,0,3,6,9,22,0
tide,random,random,10090,3,1,6,8,30,0,20,0,11,23,0
tide,random,random,10090,4,0,5,0,30,0,15,3,9,24,0
tide,random,random,10091,0,1,4,30,30,0,8,0,6,20,0
tide,random,random,10091,1,1,4,9,30,0,0,15,8,21,0
tide,random,random,10091,2,1,8,11,30,0,29,17,15,22,0
tide,random,random,10091,3,0,4,0,30,0,3,0,7,23,0
tide,random,random,10091,4,0,4,0,30,0,7,14,8,24,0
tide,random,random,10092,0,1,6,26,30,0,12,12,11,20,0
tide,random,random,10092,1,1,4,21,30,0,12,0,7,21,0
tide,random,random,10092,2,1,6,11,30,0,13,7,11,22,0
tide,random,random,10092,3,0,5,0,30,0,5,5,8,23,0
tide,random,random,10092,4,0,5,0,30,0,28,3,10,24,0
tide,random,random,10093,0,1,2,26,30,0,0,0,3,20,0
tide,random,random,10093,1,1,4,14,30,0,5,0,6,21,0
tide,random,random,10093,2,1,4,21,30,0,7,3,8,22,0
tide,random,random,10093,3,0,7,0,30,0,27,4,12,23,0
tide,random,random,10093,4,0,4,0,30,0,9,7,8,24,0
tide,random,random,10094,0,1,4,26,30,0,4,3,6,20,0
tide,random,random,10094,1,1,6,4,30,0,9,4,9,21,0
tide,random,random,10094,2,1,7,11,30,0,21,0,11,22,0
tide,random,random,10094,3,0,5,0,30,0,3,0,8,23,0
tide,random,random,10094,4,0,4,0,30,0,8,5,7,24,0
tide,random,random,10095,0,1,3,30,30,0,2,0,5,20,0
tide,random,random,10095,1,1,5,9,30,0,7,6,8,21,0
tide,random,random,10095,2,1,7,18,30,0,28,6,13,22,0
tide,random,random,10095,3,1,6,6,30,0,18,0,10,23,0
tide,random,random,10095,4,0,6,0,30,0,34,8,12,24,0
tide,random,random,10096,0,1,3,30,30,0,4,4,6,20,0
tide,random,random,10096,1,1,4,18,30,0,9,8,8,21,0
tide,random,random,10096,2,1,5,6,30,0,0,3,9,22,0
tide,random,random,10096,3,0,8,0,30,0,35,18,14,23,0
tide,random,random,10096,4,0,5,0,30,0,20,11,10,24,0
tide,random,random,10097,0,1,4,26,30,0,4,8,7,20,0
tide,random,random,10097,1,1,5,20,30,0,18,3,9,21,0
tide,random,random,10097,2,1,9,10,30,0,36,7,16,22,0
tide,random,random,10097,3,0,10,0,30,0,56,10,19,23,0
tide,random,random,10097,4,0,6,0,30,0,26,4,12,24,0
tide,random,random,10098,0,1,4,22,30,0,0,4,5,20,0
tide,random,random,10098,1,1,6,11,30,0,16,6,11,21,0
tide,random,random,10098,2,1,8,11,30,0,29,7,14,22,0
tide,random,random,10098,3,0,7,0,30,0,23,10,14,23,0
tide,random,random,10098,4,0,4,0,30,0,0,9,7,24,0
tide,random,random,10099,0,1,3,30,30,0,4,0,4,20,0
tide,random,random,10099,1,1,4,9,30,0,0,0,6,21,0
tide,random,random,10099,2,1,7,13,30,0,23,4,12,22,0
tide,random,random,10099,3,0,5,0,30,0,11,9,10,23,0
tide,random,random,10099,4,0,6,0,30,0,23,8,12,24,0
tide,random,random,10100,0,1,4,26,30,0,8,7,8,20,0
tide,random,random,10100,1,1,7,30,30,0,42,6,14,21,0
tide,random,random,10100,2,1,9,14,30,0,40,3,16,22,0
tide,random,random,10100,3,0,7,0,30,0,32,9,13,23,0
tide,random,random,10100,4,0,5,0,30,0,19,3,9,24,0
tide,random,random,10101,0,1,3,30,30,0,2,3,6,20,0
tide,random,random,10101,1,1,3,20,30,0,4,0,5,21,0
tide,random,random,10101,2,1,6,15,30,0,17,0,11,22,0
tide,random,random,10101,3,1,10,15,30,0,61,9,20,23,0
tide,random,random,10101,4,0,6,0,30,0,26,4,11,24,0
tide,random,random,10102,0,1,3,26,30,0,0,4,5,20,0
tide,random,random,10102,1,1,3,20,30,0,4,4,6,21,0
tide,random,random,10102,2,1,7,22,30,0,32,4,13,22,0
tide,random,random,10102,3,1,11,1,30,0,59,4,21,23,0
tide,random,random,10102,4,0,7,0,30,0,35,5,14,24,0
tide,random,random,10103,0,1,3,26,30,0,0,14,6,20,0
tide,random,random,10103,1,1,4,13,30,0,4,6,7,21,0
tide,random,random,10103,2,1,9,8,30,0,34,9,17,22,0
tide,random,random,10103,3,0,6,0,30,0,17,3,12,23,0
tide,random,random,10103,4,0,6,0,30,0,26,0,11,24,0
tide,random,random,10104,0,1,5,30,30,0,12,7,8,20,0
tide,random,random,10104,1,1,6,20,30,0,25,3,12,21,0
tide,random,random,10104,2,1,9,8,30,0,33,3,16,22,0
tide,random,random,10104,3,0,6,0,30,0,18,11,12,23,0
tide,random,random,10104,4,1,6,1,30,0,13,5,10,24,0
tide,random,random,10105,0,1,3,26,30,0,0,0,4,20,0
tide,random,random,10105,1,1,4,19,30,0,9,5,6,21,0
tide,random,random,10105,2,0,5,0,30,0,0,8,8,22,0
tide,random,random,10105,3,0,5,0,30,0,11,4,10,23,0
tide,random,random,10105,4,0,5,0,30,0,16,0,9,24,0
tide,random,random,10106,0,1,3,26,30,0,4,0,5,20,0
tide,random,random,10106,1,1,4,20,30,0,11,0,6,21,0
tide,random,random,10106,2,1,6,11,30,0,13,13,12,22,0
tide,random,random,10106,3,1,10,2,30,0,48,14,19,23,0
tide,random,random,10106,4,0,4,0,30,0,4,7,8,24,0
tide,random,random,10107,0,1,4,26,30,0,4,9,7,20,0
tide,random,random,10107,1,1,5,16,30,0,14,0,8,21,0
tide,random,random,10107,2,1,8,22,30,0,40,3,15,22,0
tide,random,random,10107,3,1,10,17,30,0,61,5,18,23,0
tide,random,random,10107,4,0,5,0,30,0,20,0,9,24,0
tide,random,random,10108,0,1,3,26,30,0,0,0,4,20,0
tide,random,random,10108,1,1,5,16,30,0,14,4,8,21,0
tide,random,random,10108,2,1,5,10,30,0,4,3,9,22,0
tide,random,random,10108,3,0,5,0,30,0,8,3,9,23,0
tide,random,random,10108,4,0,5,0,30,0,17,4,10,24,0
tide,random,random,10109,0,1,3,26,30,0,0,7,6,20,0
tide,random,random,10109,1,1,7,12,30,0,24,13,12,21,0
tide,random,random,10109,2,1,6,22,30,0,24,5,12,22,0
tide,random,random,10109,3,0,8,0,30,0,32,21,16,23,0
tide,random,random,10109,4,0,3,0,30,0,0,9,6,24,0
tide,random,random,10110,0,1,3,26,30,0,4,3,5,20,0
tide,random,random,10110,1,1,4,21,30,0,7,3,7,21,0
tide,random,random,10110,2,1,7,22,30,0,32,3,12,22,0
tide,random,random,10110,3,1,12,22,30,0,94,0,23,23,0
tide,random,random,10110,4,0,9,0,30,0,63,8,18,24,0
tide,random,random,10111,0,1,3,26,30,0,0,0,4,20,0
tide,random,random,10111,1,1,3,21,30,0,5,0,6,21,0
tide,random,random,10111,2,0,5,0,30,0,0,4,9,22,0
tide,random,random,10111,3,1,7,11,30,0,29,5,14,23,0
tide,random,random,10111,4,0,7,0,30,0,44,11,13,24,0
tide,random,random,10112,0,1,3,26,30,0,0,0,4,20,0
tide,random,random,10112,1,1,3,23,30,0,7,4,6,21,0
tide,random,random,10112,2,1,7,8,30,0,18,6,12,22,0
tide,random,random,10112,3,1,9,4,30,0,44,9,18,23,0
tide,random,random,10112,4,0,3,0,30,0,4,0,5,24,0
tide,random,random,10113,0,1,2,26,30,0,0,0,3,20,0
tide,random,random,10113,1,1,5,8,30,0,6,8,8,21,0
tide,random,random,10113,2,1,6,14,30,0,16,9,12,22,0
tide,random,random,10113,3,1,11,11,30,0,65,15,21,23,0
tide,random,random,10113,4,0,4,0,30,0,14,3,8,24,0
tide,random,random,10114,0,1,2,26,30,0,0,0,3,20,0
tide,random,random,10114,1,1,4,16,30,0,7,0,7,21,0
tide,random,random,10114,2,1,6,7,30,0,9,7,12,22,0
tide,random,random,10114,3,1,8,2,30,0,34,4,16,23,0
tide,random,random,10114,4,0,4,0,30,0,14,3,7,24,0
tide,random,random,10115,0,1,3,26,30,0,0,9,6,20,0
tide,random,random,10115,1,1,4,13,30,0,4,4,7,21,0
tide,random,random,10115,2,1,7,22,30,0,32,0,13,22,0
tide,random,random,10115,3,0,11,0,30,0,70,17,21,23,0
tide,random,random,10115,4,0,3,0,30,0,0,5,6,24,0
tide,random,random,10116,0,1,3,30,30,0,4,3,6,20,0
tide,random,random,10116,1,1,6,9,30,0,14,12,10,21,0
tide,random,random,10116,2,1,7,19,30,0,29,4,13,22,0
tide,random,random,10116,3,0,8,0,30,0,36,5,15,23,0
tide,random,random,10116,4,0,5,0,30,0,13,5,9,24,0
tide,random,random,10117,0,1,4,22,30,0,0,3,6,20,0
tide,random,random,10117,1,1,6,9,30,0,14,3,11,21,0
tide,random,random,10117,2,1,8,19,30,0,37,3,16,22,0
tide,random,random,10117,3,1,6,1,30,0,15,12,12,23,0
tide,random,random,10117,4,0,7,0,30,0,39,4,14,24,0
tide,random,random,10118,0,1,3,30,30,0,4,3,5,20,0
tide,random,random,10118,1,1,3,21,30,0,5,3,6,21,0
tide,random,random,10118,2,1,12,15,30,0,65,12,22,22,0
tide,random,random,10118,3,1,11,15,30,0,73,8,22,23,0
tide,random,random,10118,4,0,5,0,30,0,17,5,9,24,0
tide,random,random,10119,0,1,4,30,30,0,8,5,6,20,0
tide,random,random,10119,1,1,4,14,30,0,0,4,7,21,0
tide,random,random,10119,2,1,11,8,30,0,50,17,22,22,0
tide,random,random,10119,3,0,5,0,30,0,10,7,9,23,0
tide,random,random,10119,4,1,7,3,30,0,29,9,14,24,0
tide,random,random,10120,0,1,5,26,30,0,8,0,7,20,0
tide,random,random,10120,1,1,3,16,30,0,0,0,4,21,0
tide,random,random,10120,2,1,9,30,30,0,56,3,17,22,0
tide,random,random,10120,3,0,8,0,30,0,33,14,16,23,0
tide,random,random,10120,4,0,6,0,30,0,27,8,12,24,0
tide,random,random,10121,0,1,3,30,30,0,4,0,4,20,0
tide,random,random,10121,1,1,4,9,30,0,0,7,7,21,0
tide,random,random,10121,2,1,7,9,30,0,19,8,13,22,0
tide,random,random,10121,3,0,4,0,30,0,0,16,8,23,0
tide,random,random,10121,4,0,7,0,30,0,35,11,14,24,0
tide,random,random,10122,0,1,6,30,30,0,16,16,11,20,0
tide,random,random,10122,1,1,5,19,30,0,16,0,9,21,0
tide,random,random,10122,2,1,5,10,30,0,4,6,10,22,0
tide,random,random,10122,3,0,11,0,30,0,68,7,21,23,0
tide,random,random,10122,4,0,7,0,30,0,44,3,13,24,0
tide,random,random,10123,0,1,3,30,30,0,4,4,5,20,0
tide,random,random,10123,1,1,4,23,30,0,14,3,7,21,0
tide,random,random,10123,2,1,8,14,30,0,32,11,14,22,0
tide,random,random,10123,3,0,7,0,30,0,25,3,14,23,0
tide,random,random,10123,4,0,9,0,30,0,51,7,18,24,0
tide,random,random,10124,0,1,3,26,30,0,0,5,4,20,0
tide,random,random,10124,1,1,4,21,30,0,12,4,8,21,0
tide,random,random,10124,2,0,5,0,30,0,8,14,10,22,0
tide,random,random,10124,3,0,4,0,30,0,5,15,8,23,0
tide,random,random,10124,4,0,4,0,30,0,10,9,8,24,0
tide,random,random,10125,0,1,3,30,30,0,4,7,6,20,0
tide,random,random,10125,1,1,5,9,30,0,2,6,9,21,0
tide,random,random,10125,2,1,8,28,30,0,46,3,16,22,0
tide,random,random,10125,3,1,8,3,30,0,31,17,16,23,0
tide,random,random,10125,4,0,4,0,30,0,12,3,8,24,0
tide,random,random,10126,0,1,3,26,30,0,0,0,4,20,0
tide,random,random,10126,1,1,4,22,30,0,13,4,8,21,0
tide,random,random,10126,2,1,6,13,30,0,15,7,11,22,0
tide,random,random,10126,3,0,7,0,30,0,30,10,13,23,0
tide,random,random,10126,4,0,8,0,30,0,45,11,16,24,0
tide,random,random,10127,0,1,6,26,30,0,12,10,10,20,0
tide,random,random,10127,1,1,5,12,30,0,10,8,9,21,0
tide,random,random,10127,2,1,8,18,30,0,36,7,16,22,0
tide,random,random,10127,3,0,5,0,30,0,8,3,9,23,0
tide,random,random,10127,4,0,5,0,30,0,11,3,9,24,0
tide,random,random,10128,0,1,3,30,30,0,4,0,6,20,0
tide,random,random,10128,1,1,4,9,30,0,0,5,6,21,0
tide,random,random,10128,2,1,6,11,30,0,13,0,9,22,0
tide,random,random,10128,3,1,8,9,30,0,39,3,15,23,0
tide,random,random,10128,4,0,5,0,30,0,24,9,10,24,0
tide,random,random,10129,0,1,4,26,30,0,4,7,8,20,0
tide,random,random,10129,1,1,3,16,30,0,0,8,6,21,0
tide,random,random,10129,2,1,7,3,30,0,13,11,13,22,0
tide,random,random,10129,3,0,5,0,30,0,9,10,9,23,0
tide,random,random,10129,4,0,4,0,30,0,8,5,7,24,0
tide,random,random,10130,0,1,5,26,30,0,8,0,7,20,0
tide,random,random,10130,1,1,4,23,30,0,14,0,7,21,0
tide,random,random,10130,2,1,6,21,30,0,23,4,12,22,0
tide,random,random,10130,3,0,6,0,30,0,14,14,12,23,0
tide,random,random,10130,4,0,6,0,30,0,30,5,11,24,0
tide,random,random,10131,0,1,4,30,30,0,8,3,8,20,0
tide,random,random,10131,1,1,5,22,30,0,20,0,7,21,0
tide,random,random,10131,2,0,7,0,30,0,16,4,11,22,0
tide,random,random,10131,3,0,5,0,30,0,4,9,9,23,0
tide,random,random,10131,4,0,6,0,30,0,25,4,12,24,0
tide,random,random,10132,0,1,3,30,30,0,4,3,5,20,0
tide,random,random,10132,1,1,4,21,30,0,12,4,8,21,0
tide,random,random,10132,2,1,6,6,30,0,8,0,10,22,0
tide,random,random,10132,3,0,7,0,30,0,28,8,13,23,0
tide,random,random,10132,4,0,4,0,30,0,4,6,8,24,0
tide,random,random,10133,0,1,8,30,30,0,24,16,15,20,0
tide,random,random,10133,1,1,6,23,30,0,28,5,11,21,0
tide,random,random,10133,2,1,5,15,30,0,9,0,10,22,0
tide,random,random,10133,3,0,8,0,30,0,32,13,16,23,0
tide,random,random,10133,4,0,5,0,30,0,25,3,9,24,0
tide,random,random,10134,0,1,5,26,30,0,8,10,10,20,0
tide,random,random,10134,1,1,4,20,30,0,11,0,7,21,0
tide,random,random,10134,2,1,5,16,30,0,9,4,9,22,0
tide,random,random,10134,3,1,8,12,30,0,42,4,16,23,0
tide,random,random,10134,4,1,10,8,30,0,76,10,20,24,0
tide,random,random,10135,0,1,3,26,30,0,0,0,5,20,0
tide,random,random,10135,1,1,4,14,30,0,4,0,6,21,0
tide,random,random,10135,2,1,8,14,30,0,32,0,15,22,0
tide,random,random,10135,3,0,6,0,30,0,20,16,11,23,0
tide,random,random,10135,4,0,5,0,30,0,15,13,9,24,0
tide,random,random,10136,0,1,2,30,30,0,0,0,3,20,0
tide,random,random,10136,1,1,4,20,30,0,11,0,7,21,0
tide,random,random,10136,2,1,7,16,30,0,26,3,13,22,0
tide,random,random,10136,3,1,9,3,30,0,43,7,18,23,0
tide,random,random,10136,4,0,5,0,30,0,13,4,9,24,0
tide,random,random,10137,0,1,3,30,30,0,4,3,6,20,0
tide,random,random,10137,1,1,5,19,30,0,17,4,9,21,0
tide,random,random,10137,2,1,6,22,30,0,24,0,12,22,0
tide,random,random,10137,3,0,7,0,30,0,30,0,12,23,0
tide,random,random,10137,4,0,5,0,30,0,28,8,10,24,0
tide,random,random,10138,0,1,3,30,30,0,4,4,5,20,0
tide,random,random,10138,1,1,2,24,30,0,0,0,4,21,0
tide,random,random,10138,2,1,7,15,30,0,25,0,12,22,0
tide,random,random,10138,3,0,8,0,30,0,34,3,15,23,0
tide,random,random,10138,4,0,4,0,30,0,10,12,8,24,0
tide,random,random,10139,0,1,3,26,30,0,4,0,5,20,0
tide,random,random,10139,1,1,4,27,30,0,17,3,8,21,0
tide,random,random,10139,2,1,11,14,30,0,56,11,21,22,0
tide,random,random,10139,3,0,7,0,30,0,34,9,14,23,0
tide,random,random,10139,4,0,7,0,30,0,34,10,12,24,0
tide,random,random,10140,0,1,3,22,30,0,0,4,5,20,0
tide,random,random,10140,1,1,3,16,30,0,0,0,5,21,0
tide,random,random,10140,2,1,9,18,30,0,44,9,16,22,0
tide,random,random,10140,3,1,7,17,30,0,37,3,13,23,0
tide,random,random,10140,4,0,5,0,30,0,19,3,9,24,0
tide,random,random,10141,0,1,4,22,30,0,0,7,7,20,0
tide,random,random,10141,1,1,2,23,30,0,0,0,4,21,0
tide,random,random,10141,2,1,8,15,30,0,33,9,15,22,0
tide,random,random,10141,3,0,4,0,30,0,8,8,7,23,0
tide,random,random,10141,4,0,6,0,30,0,34,15,12,24,0
tide,random,random,10142,0,1,6,26,30,0,12,7,9,20,0
tide,random,random,10142,1,1,4,16,30,0,7,0,6,21,0
tide,random,random,10142,2,1,5,10,30,0,4,5,10,22,0
tide,random,random,10142,3,1,10,19,30,0,65,4,19,23,0
tide,random,random,10142,4,0,5,0,30,0,13,10,10,24,0
tide,random,random,10143,0,1,2,26,30,0,0,3,4,20,0
tide,random,random,10143,1,1,8,13,30,0,32,10,14,21,0
tide,random,random,10143,2,1,8,22,30,0,40,0,14,22,0
tide,random,random,10143,3,0,5,0,30,0,4,9,9,23,0
tide,random,random,10143,4,0,7,0,30,0,29,12,14,24,0
tide,random,random,10144,0,1,3,26,30,0,0,3,5,20,0
tide,random,random,10144,1,1,4,13,30,0,4,3,6,21,0
tide,random,random,10144,2,1,8,15,30,0,33,6,16,22,0
tide,random,random,10144,3,0,7,0,30,0,27,10,14,23,0
tide,random,random,10144,4,0,6,0,30,0,24,0,11,24,0
tide,random,random,10145,0,1,4,26,30,0,4,13,8,20,0
tide,random,random,10145,1,1,5,21,30,0,19,0,8,21,0
tide,random,random,10145,2,1,6,3,30,0,5,0,10,22,0
tide,random,random,10145,3,0,5,0,30,0,11,9,9,23,0
tide,random,random,10145,4,0,3,0,30,0,0,4,5,24,0
tide,random,random,10146,0,1,4,26,30,0,4,3,6,20,0
tide,random,random,10146,1,1,6,6,30,0,11,0,9,21,0
tide,random,random,10146,2,1,7,7,30,0,17,8,13,22,0
tide,random,random,10146,3,1,9,4,30,0,48,13,18,23,0
tide,random,random,10146,4,0,5,0,30,0,18,4,10,24,0
tide,random,random,10147,0,1,4,26,30,0,4,3,6,20,0
tide,random,random,10147,1,1,3,16,30,0,0,7,6,21,0
tide,random,random,10147,2,0,7,0,30,0,17,11,14,22,0
tide,random,random,10147,3,0,7,0,30,0,21,4,13,23,0
tide,random,random,10147,4,0,6,0,30,0,30,5,11,24,0
tide,random,random,10148,0,1,4,26,30,0,4,5,7,20,0
tide,random,random,10148,1,1,5,14,30,0,12,0,7,21,0
tide,random,random,10148,2,1,9,27,30,0,53,5,15,22,0
tide,random,random,10148,3,1,10,7,30,0,55,8,19,23,0
tide,random,random,10148,4,0,6,0,30,0,28,7,11,24,0
tide,random,random,10149,0,1,3,30,30,0,4,0,4,20,0
tide,random,random,10149,1,1,4,14,30,0,5,0,6,21,0
tide,random,random,10149,2,1,7,10,30,0,20,4,13,22,0
tide,random,random,10149,3,0,8,0,30,0,42,4,15,23,0
tide,random,random,10149,4,0,4,0,30,0,4,4,6,24,0
tide,random,random,10150,0,1,3,30,30,0,4,0,5,20,0
tide,random,random,10150,1,1,4,13,30,0,4,4,7,21,0
tide,random,random,10150,2,1,6,18,30,0,20,3,11,22,0
tide,random,random,10150,3,1,8,10,30,0,40,5,15,23,0
tide,random,random,10150,4,0,4,0,30,0,10,3,7,24,0
tide,random,random,10151,0,1,4,30,30,0,8,0,6,20,0
tide,random,random,10151,1,1,5,15,30,0,13,3,8,21,0
tide,random,random,10151,2,1,3,14,30,0,0,3,6,22,0
tide,random,random,10151,3,0,7,0,30,0,25,10,13,23,0
tide,random,random,10151,4,0,4,0,30,0,5,8,7,24,0
tide,random,random,10152,0,1,3,30,30,0,2,0,5,20,0
tide,random,random,10152,1,1,4,21,30,0,12,7,8,21,0
tide,random,random,10152,2,1,8,19,30,0,37,11,15,22,0
tide,random,random,10152,3,0,8,0,30,0,32,12,14,23,0
tide,random,random,10152,4,0,6,0,30,0,27,4,12,24,0
tide,random,random,10153,0,1,4,26,30,0,4,9,8,20,0
tide,random,random,10153,1,1,3,23,30,0,7,0,6,21,0
tide,random,random,10153,2,1,7,4,30,0,14,7,12,22,0
tide,random,random,10153,3,0,9,0,30,0,48,10,15,23,0
tide,random,random,10153,4,0,6,0,30,0,22,0,11,24,0
tide,random,random,10154,0,1,4,26,30,0,4,0,5,20,0
tide,random,random,10154,1,1,4,13,30,0,4,4,7,21,0
tide,random,random,10154,2,1,5,30,30,0,23,3,10,22,0
tide,random,random,10154,3,0,6,0,30,0,16,4,11,23,0
tide,random,random,10154,4,0,5,0,30,0,20,3,10,24,0
tide,random,random,10155,0,1,3,26,30,0,0,0,4,20,0
tide,random,random,10155,1,1,3,16,30,0,0,7,6,21,0
tide,random,random,10155,2,1,8,14,30,0,32,0,14,22,0
tide,random,random,10155,3,0,5,0,30,0,8,5,9,23,0
tide,random,random,10155,4,1,5,1,30,0,4,7,10,24,0
tide,random,random,10156,0,1,5,30,30,0,12,7,9,20,0
tide,random,random,10156,1,0,5,0,30,0,4,3,7,21,0
tide,random,random,10156,2,1,6,16,30,0,18,7,12,22,0
tide,random,random,10156,3,0,9,0,30,0,46,14,18,23,0
tide,random,random,10156,4,0,8,0,30,0,44,0,16,24,0
tide,random,random,10157,0,1,3,30,30,0,4,0,5,20,0
tide,random,random,10157,1,1,3,16,30,0,0,5,6,21,0
tide,random,random,10157,2,1,6,18,30,0,20,3,12,22,0
tide,random,random,10157,3,0,7,0,30,0,30,7,14,23,0
tide,random,random,10157,4,0,7,0,30,0,29,0,14,24,0
tide,random,random,10158,0,1,4,26,30,0,4,8,8,20,0
tide,random,random,10158,1,1,5,13,30,0,11,0,7,21,0
tide,random,random,10158,2,1,9,14,30,0,40,4,17,22,0
tide,random,random,10158,3,0,8,0,30,0,39,4,13,23,0
tide,random,random,10158,4,0,5,0,30,0,15,10,10,24,0
tide,random,random,10159,0,1,5,26,30,0,8,11,9,20,0
tide,random,random,10159,1,1,4,17,30,0,8,9,8,21,0
tide,random,random,10159,2,1,6,13,30,0,15,7,11,22,0
tide,random,random,10159,3,0,6,0,30,0,17,5,11,23,0
tide,random,random,10159,4,0,5,0,30,0,18,6,9,24,0
tide,random,random,10160,0,1,3,26,30,0,0,3,5,20,0
tide,random,random,10160,1,1,5,10,30,0,8,7,9,21,0
tide,random,random,10160,2,1,7,21,30,0,31,9,13,22,0
tide,random,random,10160,3,0,5,0,30,0,7,10,10,23,0
tide,random,random,10160,4,0,6,0,30,0,27,8,11,24,0
tide,random,random,10161,0,1,2,26,30,0,0,4,4,20,0
tide,random,random,10161,1,1,5,9,30,0,7,5,8,21,0
tide,random,random,10161,2,1,6,10,30,0,12,0,10,22,0
tide,random,random,10161,3,0,7,0,30,0,29,12,13,23,0
tide,random,random,10161,4,0,8,0,30,0,48,8,15,24,0
tide,random,random,10162,0,1,4,26,30,0,4,0,6,20,0
tide,random,random,10162,1,1,5,23,30,0,16,3,9,21,0
tide,random,random,10162,2,1,12,6,30,0,56,6,21,22,0
tide,random,random,10162,3,1,10,8,30,0,58,7,19,23,0
tide,random,random,10162,4,0,6,0,30,0,31,4,10,24,0
tide,random,random,10163,0,1,3,26,30,0,0,0,4,20,0
tide,random,random,10163,1,1,8,19,30,0,38,4,14,21,0
tide,random,random,10163,2,1,10,7,30,0,41,6,18,22,0
tide,random,random,10163,3,0,5,0,30,0,12,4,10,23,0
tide,random,random,10163,4,0,6,0,30,0,19,0,11,24,0
tide,random,random,10164,0,1,3,26,30,0,0,4,5,20,0
tide,random,random,10164,1,1,3,20,30,0,4,3,6,21,0
tide,random,random,10164,2,1,8,9,30,0,27,3,12,22,0
tide,random,random,10164,3,0,6,0,30,0,20,3,12,23,0
tide,random,random,10164,4,0,3,0,30,0,0,0,6,24,0
tide,random,random,10165,0,1,3,26,30,0,0,3,5,20,0
tide,random,random,10165,1,1,3,16,30,0,0,5,6,21,0
tide,random,random,10165,2,0,7,0,30,0,17,6,12,22,0
tide,random,random,10165,3,0,10,0,30,0,46,16,20,23,0
tide,random,random,10165,4,0,3,0,30,0,0,0,4,24,0
tide,random,random,10166,0,1,4,26,30,0,4,4,6,20,0
tide,random,random,10166,1,1,5,16,30,0,14,11,9,21,0
tide,random,random,10166,2,1,9,21,30,0,47,8,17,22,0
tide,random,random,10166,3,1,7,15,30,0,31,3,14,23,0
tide,random,random,10166,4,0,4,0,30,0,9,5,7,24,0
tide,random,random,10167,0,1,3,22,30,0,0,4,5,20,0
tide,random,random,10167,1,1,4,25,30,0,16,0,8,21,0
tide,random,random,10167,2,1,8,17,30,0,34,3,15,22,0
tide,random,random,10167,3,0,6,0,30,0,15,8,11,23,0
tide,random,random,10167,4,0,4,0,30,0,15,4,8,24,0
tide,random,random,10168,0,1,4,26,30,0,4,12,7,20,0
tide,random,random,10168,1,1,4,9,30,0,0,4,6,21,0
tide,random,random,10168,2,0,5,0,30,0,5,15,10,22,0
tide,random,random,10168,3,1,7,10,30,0,28,0,13,23,0
tide,random,random,10168,4,0,4,0,30,0,15,0,7,24,0
tide,random,random,10169,0,1,5,30,30,0,12,6,10,20,0
tide,random,random,10169,1,0,5,0,30,0,0,9,8,21,0
tide,random,random,10169,2,1,10,13,30,0,47,11,18,22,0
tide,random,random,10169,3,0,8,0,30,0,40,0,14,23,0
tide,random,random,10169,4,0,3,0,30,0,0,0,5,24,0
tide,random,random,10170,0,1,2,30,30,0,0,3,4,20,0
tide,random,random,10170,1,1,4,18,30,0,4,6,7,21,0
tide,random,random,10170,2,1,5,10,30,0,4,7,10,22,0
tide,random,random,10170,3,0,5,0,30,0,7,7,10,23,0
tide,random,random,10170,4,0,4,0,30,0,9,3,7,24,0
tide,random,random,10171,0,1,4,22,30,0,0,14,7,20,0
tide,random,random,10171,1,1,4,9,30,0,0,4,7,21,0
tide,random,random,10171,2,1,8,15,30,0,33,10,15,22,0
tide,random,random,10171,3,0,6,0,30,0,14,0,9,23,0
tide,random,random,10171,4,0,7,0,30,0,38,12,13,24,0
tide,random,random,10172,0,1,3,30,30,0,4,4,6,20,0
tide,random,random,10172,1,1,5,2,30,0,0,3,7,21,0
tide,random,random,10172,2,1,8,17,30,0,35,3,15,22,0
tide,random,random,10172,3,1,8,14,30,0,42,3,14,23,0
tide,random,random,10172,4,0,5,0,30,0,14,10,10,24,0
tide,random,random,10173,0,1,3,26,30,0,4,4,5,20,0
tide,random,random,10173,1,1,3,23,30,0,7,0,6,21,0
tide,random,random,10173,2,1,7,11,30,0,21,5,12,22,0
tide,random,random,10173,3,0,4,0,30,0,4,0,5,23,0
tide,random,random,10173,4,0,4,0,30,0,11,5,7,24,0
tide,random,random,10174,0,1,5,26,30,0,8,12,9,20,0
tide,random,random,10174,1,1,5,23,30,0,21,0,9,21,0
tide,random,random,10174,2,1,7,8,30,0,18,0,12,22,0
tide,random,random,10174,3,0,8,0,30,0,33,7,16,23,0
tide,random,random,10174,4,0,6,0,30,0,25,0,10,24,0
tide,random,random,10175,0,1,4,22,30,0,0,10,7,20,0
tide,random,random,10175,1,1,5,15,30,0,13,4,8,21,0
tide,random,random,10175,2,1,6,13,30,0,15,6,12,22,0
tide,random,random,10175,3,0,6,0,30,0,11,17,12,23,0
tide,random,random,10175,4,0,4,0,30,0,6,11,7,24,0
tide,random,random,10176,0,1,5,30,30,0,12,0,7,20,0
tide,random,random,10176,1,1,3,16,30,0,0,4,5,21,0
tide,random,random,10176,2,1,9,26,30,0,51,4,18,22,0
tide,random,random,10176,3,0,4,0,30,0,3,6,8,23,0
tide,random,random,10176,4,0,6,0,30,0,31,5,12,24,0
tide,random,random,10177,0,1,2,26,30,0,0,0,4,20,0
tide,random,random,10177,1,1,4,23,30,0,14,3,7,21,0
tide,random,random,10177,2,1,6,21,30,0,23,4,10,22,0
tide,random,random,10177,3,0,5,0,30,0,9,8,9,23,0
tide,random,random,10177,4,0,3,0,30,0,0,0,4,24,0
tide,random,random,10178,0,1,4,26,30,0,4,7,7,20,0
tide,random,random,10178,1,1,4,17,30,0,8,3,7,21,0
tide,random,random,10178,2,1,9,13,30,0,39,6,15,22,0
tide,random,random,10178,3,0,8,0,30,0,37,13,15,23,0
tide,random,random,10178,4,0,4,0,30,0,0,4,7,24,0
tide,random,random,10179,0,1,3,30,30,0,4,3,5,20,0
tide,random,random,10179,1,1,4,19,30,0,10,0,7,21,0
tide,random,random,10179,2,1,10,6,30,0,40,11,19,22,0
tide,random,random,10179,3,0,8,0,30,0,37,8,16,23,0
tide,random,random,10179,4,0,6,0,30,0,32,8,12,24,0
tide,random,random,10180,0,1,3,30,30,0,4,3,6,20,0
tide,random,random,10180,1,1,4,23,30,0,14,0,7,21,0
tide,random,random,10180,2,1,6,12,30,0,14,15,12,22,0
tide,random,random,10180,3,1,10,10,30,0,56,13,20,23,0
tide,random,random,10180,4,0,10,0,30,0,65,9,20,24,0
tide,random,random,10181,0,1,4,26,30,0,4,3,6,20,0
tide,random,random,10181,1,1,5,16,30,0,14,0,9,21,0
tide,random,random,10181,2,1,7,6,30,0,16,6,12,22,0
tide,random,random,10181,3,0,7,0,30,0,23,5,13,23,0
tide,random,random,10181,4,0,7,0,30,0,35,4,14,24,0
tide,random,random,10182,0,1,4,26,30,0,4,0,6,20,0
tide,random,random,10182,1,1,7,14,30,0,26,6,12,21,0
tide,random,random,10182,2,1,7,16,30,0,26,7,14,22,0
tide,random,random,10182,3,0,6,0,30,0,16,11,12,23,0
tide,random,random,10182,4,0,4,0,30,0,11,0,7,24,0
tide,random,random,10183,0,1,2,30,30,0,0,0,3,20,0
tide,random,random,10183,1,1,3,23,30,0,7,0,5,21,0
tide,random,random,10183,2,1,6,7,30,0,9,10,12,22,0
tide,random,random,10183,3,0,5,0,30,0,7,5,8,23,0
tide,random,random,10183,4,0,4,0,30,0,9,5,7,24,0
tide,random,random,10184,0,1,3,30,30,0,4,0,5,20,0
tide,random,random,10184,1,1,4,23,30,0,9,4,7,21,0
tide,random,random,10184,2,1,7,11,30,0,21,6,13,22,0
tide,random,random,10184,3,0,4,0,30,0,0,16,7,23,0
tide,random,random,10184,4,0,8,0,30,0,52,12,16,24,0
tide,random,random,10185,0,1,3,30,30,0,4,0,4,20,0
tide,random,random,10185,1,1,5,23,30,0,21,0,9,21,0
tide,random,random,10185,2,1,11,29,30,0,71,14,21,22,0
tide,random,random,10185,3,0,4,0,30,0,4,5,8,23,0
tide,random,random,10185,4,0,5,0,30,0,5,3,9,24,0
tide,random,random,10186,0,1,4,22,30,0,0,9,7,20,0
tide,random,random,10186,1,0,7,0,30,0,18,5,11,21,0
tide,random,random,10186,2,1,7,13,30,0,22,8,12,22,0
tide,random,random,10186,3,0,7,0,30,0,24,8,14,23,0
tide,random,random,10186,4,0,6,0,30,0,24,10,12,24,0
tide,random,random,10187,0,1,4,26,30,0,4,4,7,20,0
tide,random,random,10187,1,1,5,9,30,0,7,12,9,21,0
tide,random,random,10187,2,1,8,18,30,0,36,6,14,22,0
tide,random,random,10187,3,0,7,0,30,0,19,4,13,23,0
tide,random,random,10187,4,0,7,0,30,0,35,12,13,24,0
tide,random,random,10188,0,1,3,22,30,0,0,9,5,20,0
tide,random,random,10188,1,0,5,0,30,0,0,4,7,21,0
tide,random,random,10188,2,1,11,13,30,0,55,11,20,22,0
tide,random,random,10188,3,0,7,0,30,0,21,10,13,23,0
tide,random,random,10188,4,0,5,0,30,0,15,5,10,24,0
tide,random,random,10189,0,1,2,26,30,0,0,4,4,20,0
tide,random,random,10189,1,1,5,10,30,0,8,4,8,21,0
tide,random,random,10189,2,0,10,0,30,0,40,15,19,22,0
tide,random,random,10189,3,1,9,2,30,0,42,18,17,23,0
tide,random,random,10189,4,0,7,0,30,0,36,0,14,24,0
tide,random,random,10190,0,1,4,30,30,0,8,3,7,20,0
tide,random,random,10190,1,1,5,10,30,0,8,4,8,21,0
tide,random,random,10190,2,1,6,11,30,0,13,7,12,22,0
tide,random,random,10190,3,1,6,7,30,0,19,0,11,23,0
tide,random,random,10190,4,0,4,0,30,0,7,8,7,24,0
tide,random,random,10191,0,1,3,26,30,0,0,5,5,20,0
tide,random,random,10191,1,1,4,27,30,0,18,0,7,21,0
tide,random,random,10191,2,1,8,10,30,0,28,16,15,22,0
tide,random,random,10191,3,0,6,0,30,0,17,9,12,23,0
tide,random,random,10191,4,0,4,0,30,0,4,5,7,24,0
tide,random,random,10192,0,1,3,26,30,0,0,0,4,20,0
tide,random,random,10192,1,1,3,20,30,0,4,0,5,21,0
tide,random,random,10192,2,1,8,14,30,0,32,7,15,22,0
tide,random,random,10192,3,0,8,0,30,0,42,7,15,23,0
tide,random,random,10192,4,0,6,0,30,0,27,7,12,24,0
tide,random,random,10193,0,1,3,30,30,0,2,4,6,20,0
tide,random,random,10193,1,1,4,23,30,0,14,0,8,21,0
tide,random,random,10193,2,1,6,21,30,0,23,4,12,22,0
tide,random,random,10193,3,0,5,0,30,0,12,6,9,23,0
tide,random,random,10193,4,0,5,0,30,0,15,5,9,24,0
tide,random,random,10194,0,1,4,30,30,0,8,0,6,20,0
tide,random,random,10194,1,1,2,24,30,0,0,4,4,21,0
tide,random,random,10194,2,1,5,25,30,0,19,3,10,22,0
tide,random,random,10194,3,1,7,7,30,0,23,5,13,23,0
tide,random,random,10194,4,0,4,0,30,0,9,5,7,24,0
tide,random,random,10195,0,1,3,26,30,0,0,0,4,20,0
tide,random,random,10195,1,1,6,14,30,0,19,14,11,21,0
tide,random,random,10195,2,1,6,11,30,0,13,5,11,22,0
tide,random,random,10195,3,0,7,0,30,0,23,11,14,23,0
tide,random,random,10195,4,0,4,0,30,0,5,8,7,24,0
tide,random,random,10196,0,1,5,23,30,0,5,12,8,20,0
tide,random,random,10196,1,1,4,9,30,0,0,0,5,21,0
tide,random,random,10196,2,1,4,14,30,0,0,4,8,22,0
tide,random,random,10196,3,0,4,0,30,0,0,8,6,23,0
tide,random,random,10196,4,0,3,0,30,0,0,7,5,24,0
tide,random,random,10197,0,1,3,26,30,0,4,4,5,20,0
tide,random,random,10197,1,1,4,9,30,0,0,0,6,21,0
tide,random,random,10197,2,0,4,0,30,0,0,7,6,22,0
tide,random,random,10197,3,1,11,11,30,0,69,14,22,23,0
tide,random,random,10197,4,0,3,0,30,0,0,4,4,24,0
tide,random,random,10198,0,1,3,26,30,0,0,7,5,20,0
tide,random,random,10198,1,1,3,21,30,0,0,0,5,21,0
tide,random,random,10198,2,1,7,22,30,0,32,4,13,22,0
tide,random,random,10198,3,1,8,15,30,0,47,9,16,23,0
tide,random,random,10198,4,0,6,0,30,0,20,11,12,24,0
tide,random,random,10199,0,1,3,30,30,0,4,4,5,20,0
tide,random,random,10199,1,1,4,13,30,0,4,4,7,21,0
tide,random,random,10199,2,1,9,17,30,0,43,5,17,22,0
tide,random,random,10199,3,0,7,0,30,0,31,5,13,23,0
tide,random,random,10199,4,0,9,0,30,0,59,7,18,24,0
tide,random,random,10200,0,1,3,30,30,0,4,0,5,20,0
tide,random,random,10200,1,1,5,16,30,0,14,8,9,21,0
tide,random,random,10200,2,1,8,14,30,0,32,4,15,22,0
tide,random,random,10200,3,0,4,0,30,0,4,4,7,23,0
tide,random,random,10200,4,0,7,0,30,0,37,3,12,24,0
tide,random,random,10201,0,1,5,26,30,0,8,11,8,20,0
tide,random,random,10201,1,1,5,9,30,0,2,4,9,21,0
tide,random,random,10201,2,0,6,0,30,0,10,7,11,22,0
tide,random,random,10201,3,1,8,18,30,0,48,8,16,23,0
tide,random,random,10201,4,0,5,0,30,0,24,4,9,24,0
tide,random,random,10202,0,1,5,30,30,0,12,0,8,20,0
tide,random,random,10202,1,1,4,13,30,0,4,3,6,21,0
tide,random,random,10202,2,1,9,7,30,0,33,8,18,22,0
tide,random,random,10202,3,1,9,4,30,0,42,10,17,23,0
tide,random,random,10202,4,0,4,0,30,0,7,8,7,24,0
tide,random,random,10203,0,1,3,30,30,0,4,0,5,20,0
tide,random,random,10203,1,1,3,17,30,0,0,0,4,21,0
tide,random,random,10203,2,1,10,28,30,0,62,3,19,22,0
tide,random,random,10203,3,1,6,3,30,0,17,11,11,23,0
tide,random,random,10203,4,0,6,0,30,0,23,5,11,24,0
tide,random,random,10204,0,1,3,30,30,0,4,0,5,20,0
tide,random,random,10204,1,1,4,9,30,0,0,9,7,21,0
tide,random,random,10204,2,1,6,13,30,0,15,8,11,22,0
tide,random,random,10204,3,0,7,0,30,0,22,4,13,23,0
tide,random,random,10204,4,0,3,0,30,0,0,5,5,24,0
tide,random,random,10205,0,1,3,30,30,0,2,0,4,20,0
tide,random,random,10205,1,1,4,13,30,0,4,10,8,21,0
tide,random,random,10205,2,1,7,5,30,0,15,3,13,22,0
tide,random,random,10205,3,0,7,0,30,0,27,0,11,23,0
tide,random,random,10205,4,0,5,0,30,0,18,8,10,24,0
tide,random,random,10206,0,1,3,26,30,0,0,3,5,20,0
tide,random,random,10206,1,1,8,15,30,0,34,3,13,21,0
tide,random,random,10206,2,1,6,19,30,0,21,0,11,22,0
tide,random,random,10206,3,1,7,14,30,0,32,8,14,23,0
tide,random,random,10206,4,1,8,1,30,0,40,8,15,24,0
tide,random,random,10207,0,1,2,26,30,0,0,3,4,20,0
tide,random,random,10207,1,1,4,14,30,0,5,3,7,21,0
tide,random,random,10207,2,1,6,22,30,0,24,6,12,22,0
tide,random,random,10207,3,0,4,0,30,0,0,4,6,23,0
tide,random,random,10207,4,0,6,0,30,0,27,5,12,24,0
tide,random,random,10208,0,1,4,26,30,0,4,0,6,20,0
tide,random,random,10208,1,1,7,22,30,0,34,3,13,21,0
tide,random,random,10208,2,1,11,22,30,0,64,0,18,22,0
tide,random,random,10208,3,0,11,0,30,0,62,7,21,23,0
tide,random,random,10208,4,0,4,0,30,0,6,4,7,24,0
tide,random,random,10209,0,1,4,26,30,0,4,0,5,20,0
tide,random,random,10209,1,1,5,12,30,0,10,6,8,21,0
tide,random,random,10209,2,1,5,23,30,0,17,6,10,22,0
tide,random,random,10209,3,0,5,0,30,0,14,3,8,23,0
tide,random,random,10209,4,0,4,0,30,0,8,0,7,24,0
tide,random,random,10210,0,1,3,28,30,0,0,0,4,20,0
tide,random,random,10210,1,0,6,0,30,0,12,9,10,21,0
tide,random,random,10210,2,1,5,6,30,0,0,7,8,22,0
tide,random,random,10210,3,0,5,0,30,0,8,3,9,23,0
tide,random,random,10210,4,0,6,0,30,0,29,0,11,24,0
tide,random,random,10211,0,1,3,30,30,0,4,0,4,20,0
tide,random,random,10211,1,1,4,14,30,0,5,0,7,21,0
tide,random,random,10211,2,1,6,15,30,0,17,3,11,22,0
tide,random,random,10211,3,1,7,8,30,0,26,9,14,23,0
tide,random,random,10211,4,0,4,0,30,0,0,0,7,24,0
tide,random,random,10212,0,1,2,30,30,0,0,0,3,20,0
tide,random,random,10212,1,1,4,13,30,0,4,6,8,21,0
tide,random,random,10212,2,1,7,17,30,0,27,10,14,22,0
tide,random,random,10212,3,0,7,0,30,0,24,5,13,23,0
tide,random,random,10212,4,0,8,0,30,0,50,4,15,24,0
tide,random,random,10213,0,1,3,30,30,0,4,3,6,20,0
tide,random,random,10213,1,1,4,20,30,0,11,7,7,21,0
tide,random,random,10213,2,1,6,21,30,0,23,0,12,22,0
tide,random,random,10213,3,1,7,14,30,0,32,12,14,23,0
tide,random,random,10213,4,0,7,0,30,0,37,0,13,24,0
tide,random,random,10214,0,1,4,26,30,0,4,6,6,20,0
tide,random,random,10214,1,1,6,14,30,0,19,9,11,21,0
tide,random,random,10214,2,1,7,20,30,0,30,9,14,22,0
tide,random,random,10214,3,0,6,0,30,0,15,8,11,23,0
tide,random,random,10214,4,0,4,0,30,0,8,5,7,24,0
tide,random,random,10215,0,1,3,30,30,0,4,0,4,20,0
tide,random,random,10215,1,1,4,13,30,0,4,4,7,21,0
tide,random,random,10215,2,1,5,6,30,0,0,4,9,22,0
tide,random,random,10215,3,0,7,0,30,0,27,22,14,23,0
tide,random,random,10215,4,0,6,0,30,0,31,0,11,24,0
tide,random,random,10216,0,1,4,30,30,0,8,9,7,20,0
tide,random,random,10216,1,1,5,13,30,0,11,7,9,21,0
tide,random,random,10216,2,1,7,14,30,0,24,10,13,22,0
tide,random,random,10216,3,1,9,4,30,0,46,6,17,23,0
tide,random,random,10216,4,0,8,0,30,0,48,8,16,24,0
tide,random,random,10217,0,1,3,22,30,0,0,0,4,20,0
tide,random,random,10217,1,1,3,16,30,0,0,3,5,21,0
tide,random,random,10217,2,1,7,22,30,0,32,6,13,22,0
tide,random,random,10217,3,1,10,4,30,0,48,8,19,23,0
tide,random,random,10217,4,0,6,0,30,0,22,4,12,24,0
tide,random,random,10218,0,1,5,30,30,0,12,7,9,20,0
tide,random,random,10218,1,1,5,15,30,0,13,7,9,21,0
tide,random,random,10218,2,1,8,1,30,0,19,13,14,22,0
tide,random,random,10218,3,1,9,1,30,0,43,13,18,23,0
tide,random,random,10218,4,0,6,0,30,0,22,6,11,24,0
tide,random,random,10219,0,1,3,22,30,0,0,3,5,20,0
tide,random,random,10219,1,1,3,16,30,0,0,3,5,21,0
tide,random,random,10219,2,1,6,15,30,0,17,3,12,22,0
tide,random,random,10219,3,1,5,3,30,0,7,6,10,23,0
tide,random,random,10219,4,0,5,0,30,0,17,4,8,24,0
tide,random,random,10220,0,1,5,22,30,0,4,5,7,20,0
tide,random,random,10220,1,0,5,0,30,0,5,13,8,21,0
tide,random,random,10220,2,0,7,0,30,0,18,19,13,22,0
tide,random,random,10220,3,0,5,0,30,0,10,8,9,23,0
tide,random,random,10220,4,0,5,0,30,0,17,5,10,24,0
tide,random,random,10221,0,1,4,26,30,0,4,0,6,20,0
tide,random,random,10221,1,1,4,20,30,0,11,0,6,21,0
tide,random,random,10221,2,1,6,11,30,0,13,3,11,22,0
tide,random,random,10221,3,0,7,0,30,0,23,15,14,23,0
tide,random,random,10221,4,0,5,0,30,0,17,0,9,24,0
tide,random,random,10222,0,1,3,30,30,0,2,0,5,20,0
tide,random,random,10222,1,1,3,23,30,0,7,0,5,21,0
tide,random,random,10222,2,0,5,0,30,0,0,4,8,22,0
tide,random,random,10222,3,0,7,0,30,0,25,6,13,23,0
tide,random,random,10222,4,0,6,0,30,0,26,3,11,24,0
tide,random,random,10223,0,1,3,30,30,0,4,3,6,20,0
tide,random,random,10223,1,1,4,23,30,0,14,0,8,21,0
tide,random,random,10223,2,1,9,21,30,0,47,4,16,22,0
tide,random,random,10223,3,1,10,4,30,0,52,5,18,23,0
tide,random,random,10223,4,0,9,0,30,0,58,4,17,24,0
tide,random,random,10224,0,1,4,26,30,0,4,0,6,20,0
tide,random,random,10224,1,1,4,9,30,0,0,0,5,21,0
tide,random,random,10224,2,1,9,6,30,0,32,4,15,22,0
tide,random,random,10224,3,1,8,8,30,0,36,4,15,23,0
tide,random,random,10224,4,0,3,0,30,0,4,0,6,24,0
tide,random,random,10225,0,1,4,26,30,0,4,4,6,20,0
tide,random,random,10225,1,1,4,9,30,0,0,4,6,21,0
tide,random,random,10225,2,1,7,10,30,0,20,12,13,22,0
tide,random,random,10225,3,0,6,0,30,0,18,0,11,23,0
tide,random,random,10225,4,0,6,0,30,0,23,4,11,24,0
tide,random,random,10226,0,1,3,30,30,0,4,4,6,20,0
tide,random,random,10226,1,1,3,17,30,0,0,4,6,21,0
tide,random,random,10226,2,1,6,7,30,0,9,0,9,22,0
tide,random,random,10226,3,0,4,0,30,0,4,3,7,23,0
tide,random,random,10226,4,0,6,0,30,0,30,5,11,24,0
tide,random,random,10227,0,1,3,26,30,0,0,3,5,20,0
tide,random,random,10227,1,1,2,28,30,0,0,0,4,21,0
tide,random,random,10227,2,1,6,21,30,0,23,0,11,22,0
tide,random,random,10227,3,0,10,0,30,0,51,6,17,23,0
tide,random,random,10227,4,0,5,0,30,0,12,12,10,24,0
tide,random,random,10228,0,1,2,26,30,0,0,0,3,20,0
tide,random,random,10228,1,1,5,20,30,0,18,4,9,21,0
tide,random,random,10228,2,1,7,13,30,0,23,4,12,22,0
tide,random,random,10228,3,0,8,0,30,0,38,8,15,23,0
tide,random,random,10228,4,0,6,0,30,0,16,8,12,24,0
tide,random,random,10229,0,1,4,30,30,0,6,3,7,20,0
tide,random,random,10229,1,1,8,19,30,0,38,13,15,21,0
tide,random,random,10229,2,1,7,10,30,0,20,9,13,22,0
tide,random,random,10229,3,0,8,0,30,0,40,8,16,23,0
tide,random,random,10229,4,0,4,0,30,0,9,9,8,24,0
tide,random,random,10230,0,1,3,30,30,0,4,0,4,20,0
tide,random,random,10230,1,1,4,13,30,0,4,0,6,21,0
tide,random,random,10230,2,1,9,2,30,0,28,0,14,22,0
tide,random,random,10230,3,0,8,0,30,0,40,19,16,23,0
tide,random,random,10230,4,1,7,1,30,0,30,0,13,24,0
tide,random,random,10231,0,1,5,26,30,0,8,11,9,20,0
tide,random,random,10231,1,1,6,18,30,0,23,7,12,21,0
tide,random,random,10231,2,1,5,6,30,0,0,0,8,22,0
tide,random,random,10231,3,0,5,0,30,0,8,15,9,23,0
tide,random,random,10231,4,0,3,0,30,0,0,4,6,24,0
tide,random,random,10232,0,1,3,22,30,0,0,3,5,20,0
tide,random,random,10232,1,1,4,23,30,0,14,0,7,21,0
tide,random,random,10232,2,1,8,6,30,0,24,11,15,22,0
tide,random,random,10232,3,0,10,0,30,0,48,18,19,23,0
tide,random,random,10232,4,0,4,0,30,0,13,3,6,24,0
tide,random,random,10233,0,1,3,30,30,0,4,0,5,20,0
tide,random,random,10233,1,1,5,21,30,0,19,4,10,21,0
tide,random,random,10233,2,1,8,10,30,0,27,4,15,22,0
tide,random,random,10233,3,1,8,10,30,0,42,0,15,23,0
tide,random,random,10233,4,0,6,0,30,0,18,0,12,24,0
tide,random,random,10234,0,1,3,30,30,0,4,0,5,20,0
tide,random,random,10234,1,1,5,10,30,0,8,6,7,21,0
tide,random,random,10234,2,1,7,19,30,0,28,3,12,22,0
tide,random,random,10234,3,1,12,6,30,0,78,10,23,23,0
tide,random,random,10234,4,0,4,0,30,0,4,5,7,24,0
tide,random,random,10235,0,1,4,22,30,0,0,5,6,20,0
tide,random,random,10235,1,1,5,7,30,0,4,0,7,21,0
tide,random,random,10235,2,1,6,2,30,0,4,7,10,22,0
tide,random,random,10235,3,0,7,0,30,0,26,8,13,23,0
tide,random,random,10235,4,0,5,0,30,0,15,4,10,24,0
tide,random,random,10236,0,1,4,30,30,0,8,7,8,20,0
tide,random,random,10236,1,1,3,20,30,0,4,0,5,21,0
tide,random,random,10236,2,1,6,18,30,0,20,3,11,22,0
tide,random,random,10236,3,0,8,0,30,0,36,5,13,23,0
tide,random,random,10236,4,0,4,0,30,0,13,4,8,24,0
tide,random,random,10237,0,1,2,30,30,0,0,0,4,20,0
tide,random,random,10237,1,1,4,13,30,0,4,4,7,21,0
tide,random,random,10237,2,1,5,6,30,0,0,9,9,22,0
tide,random,random,10237,3,1,9,17,30,0,57,4,17,23,0
tide,random,random,10237,4,0,5,0,30,0,18,4,10,24,0
tide,random,random,10238,0,1,3,26,30,0,0,4,5,20,0
tide,random,random,10238,1,1,6,18,30,0,23,3,11,21,0
tide,random,random,10238,2,0,4,0,30,0,0,0,5,22,0
tide,random,random,10238,3,1,9,7,30,0,47,3,18,23,0
tide,random,random,10238,4,0,6,0,30,0,22,0,11,24,0
tide,random,random,10239,0,1,4,26,30,0,4,4,6,20,0
tide,random,random,10239,1,1,4,9,30,0,0,7,7,21,0
tide,random,random,10239,2,1,6,11,30,0,13,0,10,22,0
tide,random,random,10239,3,0,5,0,30,0,8,5,9,23,0
tide,random,random,10239,4,0,5,0,30,0,22,6,10,24,0
tide,random,random,10240,0,1,3,26,30,0,4,5,6,20,0
tide,random,random,10240,1,1,4,20,30,0,11,7,8,21,0
tide,random,random,10240,2,1,5,13,30,0,7,4,9,22,0
tide,random,random,10240,3,0,5,0,30,0,8,3,10,23,0
tide,random,random,10240,4,0,4,0,30,0,0,11,8,24,0
tide,random,random,10241,0,1,3,26,30,0,0,3,5,20,0
tide,random,random,10241,1,1,5,14,30,0,12,9,10,21,0
tide,random,random,10241,2,1,6,14,30,0,16,3,10,22,0
tide,random,random,10241,3,0,7,0,30,0,22,0,12,23,0
tide,random,random,10241,4,0,5,0,30,0,14,4,10,24,0
tide,random,random,10242,0,1,4,30,30,0,6,4,7,20,0
tide,random,random,10242,1,1,5,12,30,0,10,3,8,21,0
tide,random,random,10242,2,1,7,24,30,0,34,3,14,22,0
tide,random,random,10242,3,0,9,0,30,0,45,0,17,23,0
tide,random,random,10242,4,0,8,0,30,0,41,0,16,24,0
tide,random,random,10243,0,1,3,30,30,0,2,3,6,20,0
tide,random,random,10243,1,1,5,6,30,0,4,11,9,21,0
tide,random,random,10243,2,1,9,12,30,0,38,0,16,22,0
tide,random,random,10243,3,0,12,0,30,0,77,14,23,23,0
tide,random,random,10243,4,0,4,0,30,0,9,0,6,24,0
tide,random,random,10244,0,1,3,30,30,0,4,3,5,20,0
tide,random,random,10244,1,1,5,13,30,0,11,7,8,21,0
tide,random,random,10244,2,1,7,7,30,0,17,4,12,22,0
tide,random,random,10244,3,1,6,11,30,0,25,5,12,23,0
tide,random,random,10244,4,0,7,0,30,0,38,17,14,24,0
tide,random,random,10245,0,1,5,30,30,0,12,6,8,20,0
tide,random,random,10245,1,1,5,17,30,0,15,5,10,21,0
tide,random,random,10245,2,1,5,11,30,0,5,0,9,22,0
tide,random,random,10245,3,0,5,0,30,0,12,5,9,23,0
tide,random,random,10245,4,0,7,0,30,0,44,5,13,24,0
tide,random,random,10246,0,1,7,26,30,0,16,8,11,20,0
tide,random,random,10246,1,1,5,14,30,0,12,4,8,21,0
tide,random,random,10246,2,1,6,14,30,0,16,5,11,22,0
tide,random,random,10246,3,0,6,0,30,0,13,16,11,23,0
tide,random,random,10246,4,0,5,0,30,0,20,5,10,24,0
tide,random,random,10247,0,1,5,22,30,0,4,9,8,20,0
tide,random,random,10247,1,1,4,18,30,0,9,0,7,21,0
tide,random,random,10247,2,1,6,10,30,0,11,0,10,22,0
tide,random,random,10247,3,1,9,9,30,0,49,0,16,23,0
tide,random,random,10247,4,0,5,0,30,0,13,0,9,24,0
tide,random,random,10248,0,1,4,30,30,0,8,3,7,20,0
tide,random,random,10248,1,1,5,23,30,0,21,4,9,21,0
tide,random,random,10248,2,1,9,30,30,0,56,12,18,22,0
tide,random,random,10248,3,0,8,0,30,0,34,3,15,23,0
tide,random,random,10248,4,0,6,0,30,0,30,9,11,24,0
tide,random,random,10249,0,1,5,22,30,0,4,9,8,20,0
tide,random,random,10249,1,1,4,16,30,0,7,3,7,21,0
tide,random,random,10249,2,1,9,11,30,0,37,0,15,22,0
tide,random,random,10249,3,0,5,0,30,0,5,4,9,23,0
tide,random,random,10249,4,0,5,0,30,0,14,0,10,24,0
tide,random,random,10250,0,1,4,22,30,0,0,4,5,20,0
tide,random,random,10250,1,1,4,16,30,0,7,0,6,21,0
tide,random,random,10250,2,1,8,16,30,0,34,11,15,22,0
tide,random,random,10250,3,0,8,0,30,0,34,3,13,23,0
tide,random,random,10250,4,0,5,0,30,0,23,0,10,24,0
tide,random,random,10251,0,1,2,26,30,0,0,0,3,20,0
tide,random,random,10251,1,1,4,9,30,0,0,6,8,21,0
tide,random,random,10251,2,0,4,0,30,0,0,15,7,22,0
tide,random,random,10251,3,0,8,0,30,0,31,7,15,23,0
tide,random,random,10251,4,0,5,0,30,0,16,0,9,24,0
tide,random,random,10252,0,1,3,26,30,0,0,0,4,20,0
tide,random,random,10252,1,1,5,23,30,0,21,0,8,21,0
tide,random,random,10252,2,1,6,6,30,0,8,6,11,22,0
tide,random,random,10252,3,0,7,0,30,0,27,13,13,23,0
tide,random,random,10252,4,0,3,0,30,0,0,5,5,24,0
tide,random,random,10253,0,1,3,26,30,0,0,4,5,20,0
tide,random,random,10253,1,1,7,13,30,0,25,9,12,21,0
tide,random,random,10253,2,1,7,14,30,0,24,3,13,22,0
tide,random,random,10253,3,1,7,7,30,0,27,3,13,23,0
tide,random,random,10253,4,0,6,0,30,0,33,10,11,24,0
tide,random,random,10254,0,1,2,26,30,0,0,3,4,20,0
tide,random,random,10254,1,1,4,24,30,0,15,0,8,21,0
tide,random,random,10254,2,1,7,3,30,0,13,4,11,22,0
tide,random,random,10254,3,1,7,9,30,0,27,5,13,23,0
tide,random,random,10254,4,0,7,0,30,0,30,5,14,24,0
tide,random,random,10255,0,1,4,22,30,0,0,5,6,20,0
tide,random,random,10255,1,1,4,16,30,0,7,0,7,21,0
tide,random,random,10255,2,1,6,14,30,0,16,3,11,22,0
tide,random,random,10255,3,1,8,10,30,0,38,8,16,23,0
tide,random,random,10255,4,0,5,0,30,0,14,0,8,24,0
tide,random,random,10256,0,1,4,30,30,0,8,0,7,20,0
tide,random,random,10256,1,1,5,19,30,0,17,6,8,21,0
tide,random,random,10256,2,1,6,11,30,0,13,0,11,22,0
tide,random,random,10256,3,0,11,0,30,0,68,8,20,23,0
tide,random,random,10256,4,0,4,0,30,0,14,0,8,24,0
tide,random,random,10257,0,1,2,26,30,0,0,6,4,20,0
tide,random,random,10257,1,1,4,16,30,0,7,3,7,21,0
tide,random,random,10257,2,1,6,2,30,0,4,7,10,22,0
tide,random,random,10257,3,0,6,0,30,0,13,4,12,23,0
tide,random,random,10257,4,0,5,0,30,0,19,4,10,24,0
tide,random,random,10258,0,1,4,30,30,0,8,7,8,20,0
tide,random,random,10258,1,1,6,13,30,0,18,12,11,21,0
tide,random,random,10258,2,1,5,18,30,0,12,10,10,22,0
tide,random,random,10258,3,0,10,0,30,0,54,13,18,23,0
tide,random,random,10258,4,0,4,0,30,0,10,0,8,24,0
tide,random,random,10259,0,1,3,30,30,0,4,0,6,20,0
tide,random,random,10259,1,1,5,20,30,0,18,0,8,21,0
tide,random,random,10259,2,1,9,12,30,0,38,8,16,22,0
tide,random,random,10259,3,0,10,0,30,0,50,16,20,23,0
tide,random,random,10259,4,0,5,0,30,0,24,4,10,24,0
tide,random,random,10260,0,1,4,30,30,0,8,0,6,20,0
tide,random,random,10260,1,1,5,15,30,0,13,4,8,21,0
tide,random,random,10260,2,1,7,30,30,0,40,5,13,22,0
tide,random,random,10260,3,0,8,0,30,0,33,16,15,23,0
tide,random,random,10260,4,0,5,0,30,0,17,3,9,24,0
tide,random,random,10261,0,1,3,30,30,0,4,3,6,20,0
tide,random,random,10261,1,1,4,18,30,0,9,7,8,21,0
tide,random,random,10261,2,1,7,9,30,0,19,4,12,22,0
tide,random,random,10261,3,1,7,7,30,0,23,8,12,23,0
tide,random,random,10261,4,0,6,0,30,0,23,0,12,24,0
tide,random,random,10262,0,1,4,26,30,0,4,0,5,20,0
tide,random,random,10262,1,1,4,9,30,0,0,12,7,21,0
tide,random,random,10262,2,1,9,14,30,0,40,3,16,22,0
tide,random,random,10262,3,0,5,0,30,0,9,9,9,23,0
tide,random,random,10262,4,0,4,0,30,0,4,4,7,24,0
tide,random,random,10263,0,1,2,28,30,0,0,3,4,20,0
tide,random,random,10263,1,1,4,18,30,0,9,4,8,21,0
tide,random,random,10263,2,1,7,18,30,0,28,13,14,22,0
tide,random,random,10263,3,1,9,1,30,0,41,13,17,23,0
tide,random,random,10263,4,0,5,0,30,0,17,3,9,24,0
tide,random,random,10264,0,1,2,26,30,0,0,4,4,20,0
tide,random,random,10264,1,1,5,13,30,0,10,0,8,21,0
tide,random,random,10264,2,0,5,0,30,0,8,4,8,22,0
tide,random,random,10264,3,0,8,0,30,0,34,13,14,23,0
tide,random,random,10264,4,0,5,0,30,0,16,4,8,24,0
tide,random,random,10265,0,1,3,26,30,0,0,5,5,20,0
tide,random,random,10265,1,1,6,9,30,0,14,8,10,21,0
tide,random,random,10265,2,1,6,17,30,0,19,8,11,22,0
tide,random,random,10265,3,0,7,0,30,0,25,7,13,23,0
tide,random,random,10265,4,0,4,0,30,0,4,0,8,24,0
tide,random,random,10266,0,1,5,30,30,0,12,3,9,20,0
tide,random,random,10266,1,1,5,20,30,0,18,0,9,21,0
tide,random,random,10266,2,1,5,18,30,0,12,9,10,22,0
tide,random,random,10266,3,0,5,0,30,0,8,0,7,23,0
tide,random,random,10266,4,0,3,0,30,0,4,3,6,24,0
tide,random,random,10267,0,1,3,30,30,0,4,4,5,20,0
tide,random,random,10267,1,1,4,14,30,0,5,9,7,21,0
tide,random,random,10267,2,1,10,14,30,0,48,13,16,22,0
tide,random,random,10267,3,1,9,2,30,0,44,0,17,23,0
tide,random,random,10267,4,0,6,0,30,0,25,8,12,24,0
tide,random,random,10268,0,1,5,30,30,0,12,0,8,20,0
tide,random,random,10268,1,1,3,16,30,0,0,4,5,21,0
tide,random,random,10268,2,1,10,18,30,0,52,6,20,22,0
tide,random,random,10268,3,1,8,10,30,0,40,0,15,23,0
tide,random,random,10268,4,0,4,0,30,0,9,9,8,24,0
tide,random,random,10269,0,1,3,30,30,0,4,0,5,20,0
tide,random,random,10269,1,1,3,23,30,0,7,0,5,21,0
tide,random,random,10269,2,0,7,0,30,0,18,9,12,22,0
tide,random,random,10269,3,1,12,6,30,0,74,0,22,23,0
tide,random,random,10269,4,0,4,0,30,0,10,5,8,24,0
tide,random,random,10270,0,1,3,30,30,0,4,3,6,20,0
tide,random,random,10270,1,1,3,21,30,0,5,0,6,21,0
tide,random,random,10270,2,0,7,0,30,0,16,12,12,22,0
tide,random,random,10270,3,0,7,0,30,0,24,3,13,23,0
tide,random,random,10270,4,0,4,0,30,0,0,13,8,24,0
tide,random,random,10271,0,1,4,26,30,0,4,4,6,20,0
tide,random,random,10271,1,1,4,16,30,0,7,3,7,21,0
tide,random,random,10271,2,1,7,11,30,0,21,10,13,22,0
tide,random,random,10271,3,0,4,0,30,0,0,12,8,23,0
tide,random,random,10271,4,0,5,0,30,0,15,5,10,24,0
tide,random,random,10272,0,1,3,30,30,0,4,9,6,20,0
tide,random,random,10272,1,1,4,21,30,0,12,3,7,21,0
tide,random,random,10272,2,0,6,0,30,0,9,8,11,22,0
tide,random,random,10272,3,1,10,14,30,0,58,8,20,23,0
tide,random,random,10272,4,0,4,0,30,0,12,9,8,24,0
tide,random,random,10273,0,1,2,26,30,0,0,0,3,20,0
tide,random,random,10273,1,1,5,15,30,0,13,0,9,21,0
tide,random,random,10273,2,1,8,21,30,0,39,7,14,22,0
tide,random,random,10273,3,0,7,0,30,0,26,3,13,23,0
tide,random,random,10273,4,0,6,0,30,0,26,12,12,24,0
tide,random,random,10274,0,1,2,30,30,0,0,0,4,20,0
tide,random,random,10274,1,1,5,13,30,0,11,3,8,21,0
tide,random,random,10274,2,1,7,14,30,0,24,0,12,22,0
tide,random,random,10274,3,0,7,0,30,0,24,9,13,23,0
tide,random,random,10274,4,0,5,0,30,0,24,4,9,24,0
tide,random,random,10275,0,1,3,30,30,0,4,4,5,20,0
tide,random,random,10275,1,1,3,16,30,0,0,4,5,21,0
tide,random,random,10275,2,1,13,30,30,0,88,13,24,22,0
tide,random,random,10275,3,1,7,5,30,0,21,4,12,23,0
tide,random,random,10275,4,0,5,0,30,0,27,5,9,24,0
tide,random,random,10276,0,1,6,26,30,0,12,6,9,20,0
tide,random,random,10276,1,1,4,17,30,0,8,0,6,21,0
tide,random,random,10276,2,1,7,14,30,0,24,7,14,22,0
tide,random,random,10276,3,1,7,10,30,0,32,7,14,23,0
tide,random,random,10276,4,1,6,7,30,0,25,5,12,24,0
tide,random,random,10277,0,1,3,26,30,0,0,3,5,20,0
tide,random,random,10277,1,1,6,13,30,0,18,6,11,21,0
tide,random,random,10277,2,0,4,0,30,0,0,7,7,22,0
tide,random,random,10277,3,0,6,0,30,0,17,16,12,23,0
tide,random,random,10277,4,0,4,0,30,0,11,5,7,24,0
tide,random,random,10278,0,1,5,26,30,0,8,12,9,20,0
tide,random,random,10278,1,1,5,21,30,0,19,0,8,21,0
tide,random,random,10278,2,1,10,5,30,0,39,4,18,22,0
tide,random,random,10278,3,1,10,12,30,0,62,5,20,23,0
tide,random,random,10278,4,0,4,0,30,0,4,0,6,24,0
tide,random,random,10279,0,1,6,26,30,0,12,10,10,20,0
tide,random,random,10279,1,1,4,13,30,0,4,0,7,21,0
tide,random,random,10279,2,1,9,5,30,0,31,4,15,22,0
tide,random,random,10279,3,0,10,0,30,0,51,9,19,23,0
tide,random,random,10279,4,0,7,0,30,0,40,4,14,24,0
tide,random,random,10280,0,1,3,30,30,0,4,3,6,20,0
tide,random,random,10280,1,1,5,17,30,0,15,4,9,21,0
tide,random,random,10280,2,1,7,3,30,0,13,10,13,22,0
tide,random,random,10280,3,1,7,7,30,0,25,0,12,23,0
tide,random,random,10280,4,0,6,0,30,0,27,13,11,24,0
tide,random,random,10281,0,1,4,26,30,0,4,4,6,20,0
tide,random,random,10281,1,1,4,18,30,0,9,0,7,21,0
tide,random,random,10281,2,1,8,3,30,0,21,15,14,22,0
tide,random,random,10281,3,0,7,0,30,0,30,9,14,23,0
tide,random,random,10281,4,0,6,0,30,0,21,5,11,24,0
tide,random,random,10282,0,1,4,30,30,0,8,0,6,20,0
tide,random,random,10282,1,1,4,13,30,0,4,3,6,21,0
tide,random,random,10282,2,1,9,7,30,0,33,3,16,22,0
tide,random,random,10282,3,1,10,15,30,0,59,9,19,23,0
tide,random,random,10282,4,0,5,0,30,0,5,5,8,24,0
tide,random,random,10283,0,1,6,30,30,0,16,7,11,20,0
tide,random,random,10283,1,1,4,16,30,0,7,4,7,21,0
tide,random,random,10283,2,1,7,21,30,0,31,15,14,22,0
tide,random,random,10283,3,0,8,0,30,0,35,7,15,23,0
tide,random,random,10283,4,0,5,0,30,0,16,5,9,24,0
tide,random,random,10284,0,1,2,26,30,0,0,0,3,20,0
tide,random,random,10284,1,1,3,16,30,0,0,0,6,21,0
tide,random,random,10284,2,0,8,0,30,0,24,13,15,22,0
tide,random,random,10284,3,0,4,0,30,0,0,0,6,23,0
tide,random,random,10284,4,0,4,0,30,0,8,3,7,24,0
tide,random,random,10285,0,1,2,26,30,0,0,3,4,20,0
tide,random,random,10285,1,1,5,20,30,0,18,0,8,21,0
tide,random,random,10285,2,1,8,21,30,0,39,0,15,22,0
tide,random,random,10285,3,0,5,0,30,0,10,14,10,23,0
tide,random,random,10285,4,0,7,0,30,0,33,13,14,24,0
tide,random,random,10286,0,1,3,26,30,0,0,10,6,20,0
tide,random,random,10286,1,1,3,20,30,0,4,0,5,21,0
tide,random,random,10286,2,1,7,18,30,0,28,6,13,22,0
tide,random,random,10286,3,0,6,0,30,0,17,8,11,23,0
tide,random,random,10286,4,0,4,0,30,0,7,5,8,24,0
tide,random,random,10287,0,1,5,30,30,0,12,5,9,20,0
tide,random,random,10287,1,1,3,20,30,0,4,0,5,21,0
tide,random,random,10287,2,1,7,11,30,0,21,16,13,22,0
tide,random,random,10287,3,0,4,0,30,0,5,8,7,23,0
tide,random,random,10287,4,0,3,0,30,0,0,8,6,24,0
tide,random,random,10288,0,1,3,26,30,0,4,3,5,20,0
tide,random,random,10288,1,1,4,13,30,0,4,13,8,21,0
tide,random,random,10288,2,1,7,16,30,0,26,7,13,22,0
tide,random,random,10288,3,0,7,0,30,0,26,9,13,23,0
tide,random,random,10288,4,0,5,0,30,0,22,0,9,24,0
tide,random,random,10289,0,1,2,26,30,0,0,0,4,20,0
tide,random,random,10289,1,1,8,6,30,0,25,5,13,21,0
tide,random,random,10289,2,1,6,20,30,0,22,8,12,22,0
tide,random,random,10289,3,1,5,7,30,0,11,3,10,23,0
tide,random,random,10289,4,0,5,0,30,0,19,3,9,24,0
tide,random,random,10290,0,1,2,30,30,0,0,0,4,20,0
tide,random,random,10290,1,1,4,9,30,0,0,7,7,21,0
tide,random,random,10290,2,1,6,17,30,0,19,6,11,22,0
tide,random,random,10290,3,0,7,0,30,0,26,9,13,23,0
tide,random,random,10290,4,0,7,0,30,0,32,5,13,24,0
tide,random,random,10291,0,1,3,30,30,0,4,0,5,20,0
tide,random,random,10291,1,1,6,13,30,0,17,7,10,21,0
tide,random,random,10291,2,1,7,19,30,0,29,6,13,22,0
tide,random,random,10291,3,0,10,0,30,0,57,11,20,23,0
tide,random,random,10291,4,0,7,0,30,0,34,3,14,24,0
tide,random,random,10292,0,1,4,29,30,0,7,9,7,20,0
tide,random,random,10292,1,1,4,9,30,0,0,4,6,21,0
tide,random,random,10292,2,1,9,19,30,0,44,6,17,22,0
tide,random,random,10292,3,1,8,13,30,0,41,3,16,23,0
tide,random,random,10292,4,0,6,0,30,0,27,8,12,24,0
tide,random,random,10293,0,1,4,26,30,0,4,0,5,20,0
tide,random,random,10293,1,1,5,13,30,0,11,6,8,21,0
tide,random,random,10293,2,1,8,10,30,0,28,8,14,22,0
tide,random,random,10293,3,1,7,16,30,0,32,3,14,23,0
tide,random,random,10293,4,0,5,0,30,0,22,12,9,24,0
tide,random,random,10294,0,1,5,30,30,0,12,10,9,20,0
tide,random,random,10294,1,1,5,17,30,0,15,0,8,21,0
tide,random,random,10294,2,1,9,20,30,0,46,3,15,22,0
tide,random,random,10294,3,0,11,0,30,0,69,10,20,23,0
tide,random,random,10294,4,0,4,0,30,0,9,4,8,24,0
tide,random,random,10295,0,1,2,30,30,0,0,3,4,20,0
tide,random,random,10295,1,1,4,13,30,0,4,6,7,21,0
tide,random,random,10295,2,1,7,17,30,0,27,3,12,22,0
tide,random,random,10295,3,0,10,0,30,0,53,3,19,23,0
tide,random,random,10295,4,0,6,0,30,0,34,13,12,24,0
tide,random,random,10296,0,1,3,22,30,0,0,4,5,20,0
tide,random,random,10296,1,1,5,9,30,0,7,3,7,21,0
tide,random,random,10296,2,1,11,16,30,0,58,9,20,22,0
tide,random,random,10296,3,0,9,0,30,0,46,9,17,23,0
tide,random,random,10296,4,0,7,0,30,0,36,4,14,24,0
tide,random,random,10297,0,1,2,30,30,0,4,0,4,20,0
tide,random,random,10297,1,1,4,18,30,0,9,4,8,21,0
tide,random,random,10297,2,1,8,13,30,0,31,3,14,22,0
tide,random,random,10297,3,0,5,0,30,0,10,9,10,23,0
tide,random,random,10297,4,0,4,0,30,0,8,6,7,24,0
tide,random,random,10298,0,1,3,22,30,0,0,4,5,20,0
tide,random,random,10298,1,1,4,14,30,0,5,9,8,21,0
tide,random,random,10298,2,1,6,11,30,0,13,4,10,22,0
tide,random,random,10298,3,1,10,1,30,0,45,4,19,23,0
tide,random,random,10298,4,0,7,0,30,0,35,4,14,24,0
tide,random,random,10299,0,1,3,26,30,0,0,4,5,20,0
tide,random,random,10299,1,1,4,23,30,0,14,3,7,21,0
tide,random,random,10299,2,1,5,19,30,0,13,6,10,22,0
tide,random,random,10299,3,0,5,0,30,0,6,8,9,23,0
tide,random,random,10299,4,0,8,0,30,0,50,4,16,24,0
tide,random,random,10300,0,1,5,23,30,0,5,9,7,20,0
tide,random,random,10300,1,1,4,13,30,0,4,0,5,21,0
tide,random,random,10300,2,1,10,21,30,0,55,11,19,22,0
tide,random,random,10300,3,0,6,0,30,0,18,4,12,23,0
tide,random,random,10300,4,0,8,0,30,0,61,0,14,24,0
tide,random,random,10301,0,1,2,26,30,0,0,0,3,20,0
tide,random,random,10301,1,1,4,9,30,0,0,10,6,21,0
tide,random,random,10301,2,1,6,10,30,0,12,7,11,22,0
tide,random,random,10301,3,1,7,9,30,0,27,9,14,23,0
tide,random,random,10301,4,0,4,0,30,0,7,3,8,24,0
tide,random,random,10302,0,1,3,30,30,0,4,0,4,20,0
tide,random,random,10302,1,1,4,9,30,0,0,0,6,21,0
tide,random,random,10302,2,1,7,17,30,0,27,0,13,22,0
tide,random,random,10302,3,0,7,0,30,0,24,8,14,23,0
tide,random,random,10302,4,0,4,0,30,0,7,5,8,24,0
tide,random,random,10303,0,1,3,30,30,0,4,3,6,20,0
tide,random,random,10303,1,1,3,16,30,0,0,3,5,21,0
tide,random,random,10303,2,1,6,10,30,0,12,7,12,22,0
tide,random,random,10303,3,0,7,0,30,0,27,14,14,23,0
tide,random,random,10303,4,0,4,0,30,0,8,5,8,24,0
tide,random,random,10304,0,1,4,22,30,0,0,7,6,20,0
tide,random,random,10304,1,1,5,13,30,0,11,8,9,21,0
tide,random,random,10304,2,1,8,14,30,0,32,9,14,22,0
tide,random,random,10304,3,0,4,0,30,0,0,8,8,23,0
tide,random,random,10304,4,0,4,0,30,0,0,0,6,24,0
tide,random,random,10305,0,1,3,30,30,0,4,4,6,20,0
tide,random,random,10305,1,1,6,6,30,0,11,7,9,21,0
tide,random,random,10305,2,1,9,8,30,0,34,19,17,22,0
tide,random,random,10305,3,1,13,28,30,0,104,6,25,23,0
tide,random,random,10305,4,0,5,0,30,0,13,3,9,24,0
tide,random,random,10306,0,1,6,22,30,0,8,6,9,20,0
tide,random,random,10306,1,1,4,9,30,0,0,8,7,21,0
tide,random,random,10306,2,0,5,0,30,0,0,3,9,22,0
tide,random,random,10306,3,0,5,0,30,0,8,6,10,23,0
tide,random,random,10306,4,0,7,0,30,0,36,9,14,24,0
tide,random,random,10307,0,1,3,26,30,0,4,3,5,20,0
tide,random,random,10307,1,1,2,23,30,0,0,4,4,21,0
tide,random,random,10307,2,0,4,0,30,0,0,12,8,22,0
tide,random,random,10307,3,0,6,0,30,0,14,6,11,23,0
tide,random,random,10307,4,0,4,0,30,0,9,0,8,24,0
tide,random,random,10308,0,1,3,30,30,0,4,0,6,20,0
tide,random,random,10308,1,1,4,9,30,0,0,0,6,21,0
tide,random,random,10308,2,1,7,17,30,0,27,3,12,22,0
tide,random,random,10308,3,0,7,0,30,0,29,0,14,23,0
tide,random,random,10308,4,0,4,0,30,0,8,11,8,24,0
tide,random,random,10309,0,1,3,30,30,0,4,0,5,20,0
tide,random,random,10309,1,1,3,20,30,0,4,0,5,21,0
tide,random,random,10309,2,1,8,22,30,0,40,0,14,22,0
tide,random,random,10309,3,1,11,14,30,0,72,4,20,23,0
tide,random,random,10309,4,0,5,0,30,0,16,0,10,24,0
tide,random,random,10310,0,1,3,30,30,0,4,3,6,20,0
tide,random,random,10310,1,1,4,20,30,0,11,0,7,21,0
tide,random,random,10310,2,1,10,11,30,0,45,6,18,22,0
tide,random,random,10310,3,0,8,0,30,0,45,10,16,23,0
tide,random,random,10310,4,1,7,2,30,0,32,3,14,24,0
tide,random,random,10311,0,1,5,26,30,0,8,7,9,20,0
tide,random,random,10311,1,1,4,18,30,0,4,0,6,21,0
tide,random,random,10311,2,1,7,14,30,0,24,0,12,22,0
tide,random,random,10311,3,0,8,0,30,0,34,7,15,23,0
tide,random,random,10311,4,0,4,0,30,0,9,10,7,24,0
tide,random,random,10312,0,1,2,30,30,0,0,0,3,20,0
tide,random,random,10312,1,1,4,9,30,0,0,9,7,21,0
tide,random,random,10312,2,0,4,0,30,0,0,0,5,22,0
tide,random,random,10312,3,1,7,5,30,0,23,0,13,23,0
tide,random,random,10312,4,0,7,0,30,0,37,5,13,24,0
tide,random,random,10313,0,1,4,30,30,0,8,7,7,20,0
tide,random,random,10313,1,1,4,23,30,0,13,4,7,21,0
tide,random,random,10313,2,1,6,14,30,0,16,9,11,22,0
tide,random,random,10313,3,1,7,10,30,0,26,0,14,23,0
tide,random,random,10313,4,0,10,0,30,0,70,7,20,24,0
tide,random,random,10314,0,1,2,26,30,0,0,4,4,20,0
tide,random,random,10314,1,1,5,14,30,0,12,0,8,21,0
tide,random,random,10314,2,1,8,14,30,0,32,3,13,22,0
tide,random,random,10314,3,0,6,0,30,0,18,13,12,23,0
tide,random,random,10314,4,0,7,0,30,0,41,5,14,24,0
tide,random,random,10315,0,1,4,26,30,0,4,0,5,20,0
tide,random,random,10315,1,1,3,23,30,0,7,0,5,21,0
tide,random,random,10315,2,1,7,6,30,0,16,3,13,22,0
tide,random,random,10315,3,0,6,0,30,0,17,5,12,23,0
tide,random,random,10315,4,0,4,0,30,0,9,5,7,24,0
tide,random,random,10316,0,1,2,30,30,0,0,0,3,20,0
tide,random,random,10316,1,1,2,23,30,0,0,0,4,21,0
tide,random,random,10316,2,1,8,14,30,0,32,8,13,22,0
tide,random,random,10316,3,0,9,0,30,0,46,13,18,23,0
tide,random,random,10316,4,0,3,0,30,0,0,3,5,24,0
tide,random,random,10317,0,1,7,26,30,0,16,15,13,20,0
tide,random,random,10317,1,1,3,21,30,0,5,4,6,21,0
tide,random,random,10317,2,1,9,10,30,0,36,3,16,22,0
tide,random,random,10317,3,0,7,0,30,0,29,0,12,23,0
tide,random,random,10317,4,0,4,0,30,0,14,5,8,24,0
tide,random,random,10318,0,1,4,26,30,0,4,3,6,20,0
tide,random,random,10318,1,1,5,9,30,0,7,0,7,21,0
tide,random,random,10318,2,1,9,9,30,0,35,8,16,22,0
tide,random,random,10318,3,0,5,0,30,0,12,0,9,23,0
tide,random,random,10318,4,0,4,0,30,0,5,11,8,24,0
tide,random,random,10319,0,1,2,26,30,0,0,4,4,20,0
tide,random,random,10319,1,1,2,23,30,0,0,0,4,21,0
tide,random,random,10319,2,1,6,14,30,0,16,3,11,22,0
tide,random,random,10319,3,1,13,5,30,0,81,5,24,23,0
tide,random,random,10319,4,0,4,0,30,0,8,7,7,24,0
tide,random,random,10320,0,1,3,30,30,0,2,0,4,20,0
tide,random,random,10320,1,1,4,23,30,0,14,0,6,21,0
tide,random,random,10320,2,1,10,22,30,0,56,7,19,22,0
tide,random,random,10320,3,1,10,11,30,0,61,9,19,23,0
tide,random,random,10320,4,0,5,0,30,0,18,0,10,24,0
tide,random,random,10321,0,1,5,26,30,0,8,3,8,20,0
tide,random,random,10321,1,1,5,14,30,0,12,4,10,21,0
tide,random,random,10321,2,1,9,14,30,0,40,13,17,22,0
tide,random,random,10321,3,0,8,0,30,0,33,4,14,23,0
tide,random,random,10321,4,0,4,0,30,0,13,3,8,24,0
tide,random,random,10322,0,1,3,26,30,0,0,3,5,20,0
tide,random,random,10322,1,1,3,16,30,0,0,0,5,21,0
tide,random,random,10322,2,1,7,3,30,0,13,7,11,22,0
tide,random,random,10322,3,0,5,0,30,0,8,10,9,23,0
tide,random,random,10322,4,0,4,0,30,0,9,4,7,24,0
tide,random,random,10323,0,1,3,30,30,0,4,7,6,20,0
tide,random,random,10323,1,1,3,16,30,0,0,4,5,21,0
tide,random,random,10323,2,1,7,6,30,0,16,4,12,22,0
tide,random,random,10323,3,1,10,14,30,0,60,4,18,23,0
tide,random,random,10323,4,0,5,0,30,0,20,3,10,24,0
tide,random,random,10324,0,1,3,26,30,0,0,5,6,20,0
tide,random,random,10324,1,1,3,27,30,0,6,0,5,21,0
tide,random,random,10324,2,1,6,21,30,0,23,0,9,22,0
tide,random,random,10324,3,1,7,17,30,0,35,0,14,23,0
tide,random,random,10324,4,0,5,0,30,0,27,4,10,24,0
tide,random,random,10325,0,1,3,26,30,0,0,8,6,20,0
tide,random,random,10325,1,1,5,18,30,0,16,0,8,21,0
tide,random,random,10325,2,1,6,18,30,0,20,0,10,22,0
tide,random,random,10325,3,0,5,0,30,0,12,18,10,23,0
tide,random,random,10325,4,0,4,0,30,0,0,11,8,24,0
tide,random,random,10326,0,1,5,26,30,0,8,4,8,20,0
tide,random,random,10326,1,1,5,6,30,0,4,7,8,21,0
tide,random,random,10326,2,1,6,26,30,0,28,3,11,22,0
tide,random,random,10326,3,1,8,8,30,0,34,5,14,23,0
tide,random,random,10326,4,0,5,0,30,0,14,5,10,24,0
tide,random,random,10327,0,1,3,26,30,0,4,3,5,20,0
tide,random,random,10327,1,1,3,23,30,0,2,0,5,21,0
tide,random,random,10327,2,1,7,15,30,0,25,8,14,22,0
tide,random,random,10327,3,0,8,0,30,0,28,17,16,23,0
tide,random,random,10327,4,0,5,0,30,0,19,9,10,24,0
tide,random,random,10328,0,1,2,26,30,0,0,0,3,20,0
tide,random,random,10328,1,1,5,9,30,0,7,4,8,21,0
tide,random,random,10328,2,1,7,3,30,0,13,8,12,22,0
tide,random,random,10328,3,0,5,0,30,0,9,4,8,23,0
tide,random,random,10328,4,0,5,0,30,0,19,4,10,24,0
tide,random,random,10329,0,1,3,30,30,0,4,3,6,20,0
tide,random,random,10329,1,1,5,17,30,0,15,0,8,21,0
tide,random,random,10329,2,0,6,0,30,0,8,4,9,22,0
tide,random,random,10329,3,0,4,0,30,0,0,9,8,23,0
tide,random,random,10329,4,0,4,0,30,0,9,0,7,24,0
tide,random,random,10330,0,1,5,26,30,0,8,10,9,20,0
tide,random,random,10330,1,1,3,16,30,0,0,0,5,21,0
tide,random,random,10330,2,1,5,6,30,0,0,4,8,22,0
tide,random,random,10330,3,0,8,0,30,0,32,7,14,23,0
tide,random,random,10330,4,0,6,0,30,0,21,0,12,24,0
tide,random,random,10331,0,1,4,30,30,0,8,0,6,20,0
tide,random,random,10331,1,1,5,16,30,0,14,3,8,21,0
tide,random,random,10331,2,1,8,16,30,0,34,13,16,22,0
tide,random,random,10331,3,0,5,0,30,0,8,0,8,23,0
tide,random,random,10331,4,0,5,0,30,0,11,5,9,24,0
tide,random,random,10332,0,1,5,26,30,0,8,0,7,20,0
tide,random,random,10332,1,1,7,11,30,0,23,6,13,21,0
tide,random,random,10332,2,1,8,22,30,0,40,7,15,22,0
tide,random,random,10332,3,0,8,0,30,0,31,5,14,23,0
tide,random,random,10332,4,0,4,0,30,0,5,9,7,24,0
tide,random,random,10333,0,1,2,30,30,0,0,0,4,20,0
tide,random,random,10333,1,1,6,13,30,0,18,3,10,21,0
tide,random,random,10333,2,1,10,24,30,0,58,18,20,22,0
tide,random,random,10333,3,0,7,0,30,0,24,0,12,23,0
tide,random,random,10333,4,0,5,0,30,0,14,7,10,24,0
tide,random,random,10334,0,1,3,30,30,0,4,5,6,20,0
tide,random,random,10334,1,1,5,2,30,0,0,19,9,21,0
tide,random,random,10334,2,1,7,22,30,0,32,0,11,22,0
tide,random,random,10334,3,0,8,0,30,0,42,10,15,23,0
tide,random,random,10334,4,0,7,0,30,0,39,4,14,24,0
tide,random,random,10335,0,1,3,26,30,0,0,3,5,20,0
tide,random,random,10335,1,1,4,14,30,0,5,6,7,21,0
tide,random,random,10335,2,0,7,0,30,0,16,5,12,22,0
tide,random,random,10335,3,0,7,0,30,0,21,18,14,23,0
tide,random,random,10335,4,1,9,7,30,0,61,9,17,24,0
tide,random,random,10336,0,1,4,30,30,0,8,4,7,20,0
tide,random,random,10336,1,1,6,23,30,0,28,3,11,21,0
tide,random,random,10336,2,1,7,12,30,0,22,7,14,22,0
tide,random,random,10336,3,1,6,1,30,0,9,7,11,23,0
tide,random,random,10336,4,0,6,0,30,0,35,4,11,24,0
tide,random,random,10337,0,1,3,30,30,0,4,0,5,20,0
tide,random,random,10337,1,1,6,14,30,0,19,7,10,21,0
tide,random,random,10337,2,1,9,18,30,0,44,0,16,22,0
tide,random,random,10337,3,0,5,0,30,0,12,5,10,23,0
tide,random,random,10337,4,0,3,0,30,0,0,0,5,24,0
tide,random,random,10338,0,1,3,26,30,0,0,0,4,20,0
tide,random,random,10338,1,1,6,19,30,0,24,5,12,21,0
tide,random,random,10338,2,1,5,17,30,0,11,0,8,22,0
tide,random,random,10338,3,1,12,9,30,0,79,0,22,23,0
tide,random,random,10338,4,0,8,0,30,0,41,0,14,24,0
tide,random,random,10339,0,1,4,30,30,0,8,3,7,20,0
tide,random,random,10339,1,1,5,9,30,0,7,7,8,21,0
tide,random,random,10339,2,1,5,18,30,0,12,3,10,22,0
tide,random,random,10339,3,0,7,0,30,0,27,0,14,23,0
tide,random,random,10339,4,0,3,0,30,0,0,0,5,24,0
tide,random,random,10340,0,1,4,26,30,0,4,5,6,20,0
tide,random,random,10340,1,1,3,16,30,0,0,0,5,21,0
tide,random,random,10340,2,1,7,22,30,0,32,7,13,22,0
tide,random,random,10340,3,0,10,0,30,0,50,13,19,23,0
tide,random,random,10340,4,0,4,0,30,0,12,4,7,24,0
tide,random,random,10341,0,1,5,26,30,0,8,13,9,20,0
tide,random,random,10341,1,1,4,18,30,0,9,3,8,21,0
tide,random,random,10341,2,1,7,13,30,0,23,0,13,22,0
tide,random,random,10341,3,1,9,15,30,0,51,0,17,23,0
tide,random,random,10341,4,0,4,0,30,0,9,5,8,24,0
tide,random,random,10342,0,1,3,30,30,0,4,0,5,20,0
tide,random,random,10342,1,1,3,16,30,0,0,0,4,21,0
tide,random,random,10342,2,1,5,6,30,0,0,7,9,22,0
tide,random,random,10342,3,0,7,0,30,0,25,5,14,23,0
tide,random,random,10342,4,0,4,0,30,0,5,4,8,24,0
tide,random,random,10343,0,1,3,30,30,0,4,0,4,20,0
tide,random,random,10343,1,1,4,13,30,0,4,3,6,21,0
tide,random,random,10343,2,1,8,11,30,0,29,3,15,22,0
tide,random,random,10343,3,0,5,0,30,0,11,8,10,23,0
tide,random,random,10343,4,0,3,0,30,0,0,4,4,24,0
tide,random,random,10344,0,1,5,23,30,0,5,12,8,20,0
tide,random,random,10344,1,1,6,20,30,0,25,0,10,21,0
tide,random,random,10344,2,1,4,22,30,0,8,3,8,22,0
tide,random,random,10344,3,0,5,0,30,0,0,5,8,23,0
tide,random,random,10344,4,0,4,0,30,0,14,4,7,24,0
tide,random,random,10345,0,1,3,30,30,0,4,3,6,20,0
tide,random,random,10345,1,1,5,7,30,0,5,9,8,21,0
tide,random,random,10345,2,1,7,16,30,0,26,9,14,22,0
tide,random,random,10345,3,1,8,10,30,0,38,7,16,23,0
tide,random,random,10345,4,0,3,0,30,0,0,8,6,24,0
tide,random,random,10346,0,1,5,30,30,0,12,4,9,20,0
tide,random,random,10346,1,1,4,18,30,0,9,3,7,21,0
tide,random,random,10346,2,1,7,11,30,0,21,0,13,22,0
tide,random,random,10346,3,1,8,21,30,0,51,8,16,23,0
tide,random,random,10346,4,0,11,0,30,0,82,12,22,24,0
tide,random,random,10347,0,1,3,26,30,0,0,0,5,20,0
tide,random,random,10347,1,1,4,17,30,0,8,0,5,21,0
tide,random,random,10347,2,0,6,0,30,0,8,10,10,22,0
tide,random,random,10347,3,0,10,0,30,0,60,14,20,23,0
tide,random,random,10347,4,0,3,0,30,0,4,0,5,24,0
tide,random,random,10348,0,1,2,26,30,0,0,0,4,20,0
tide,random,random,10348,1,1,4,23,30,0,14,0,7,21,0
tide,random,random,10348,2,1,9,4,30,0,30,6,16,22,0
tide,random,random,10348,3,1,10,12,30,0,56,4,20,23,0
tide,random,random,10348,4,0,6,0,30,0,26,9,12,24,0
tide,random,random,10349,0,1,3,26,30,0,0,0,4,20,0
tide,random,random,10349,1,1,4,24,30,0,15,4,8,21,0
tide,random,random,10349,2,1,5,20,30,0,14,4,9,22,0
tide,random,random,10349,3,1,6,3,30,0,15,5,11,23,0
tide,random,random,10349,4,0,4,0,30,0,8,5,8,24,0
tide,random,random,10350,0,1,4,26,30,0,8,4,7,20,0
tide,random,random,10350,1,1,4,22,30,0,13,4,7,21,0
tide,random,random,10350,2,1,9,1,30,0,27,11,15,22,0
tide,random,random,10350,3,0,8,0,30,0,40,8,14,23,0
tide,random,random,10350,4,0,6,0,30,0,27,10,12,24,0
tide,random,random,10351,0,1,3,30,30,0,4,4,6,20,0
tide,random,random,10351,1,1,4,20,30,0,11,4,8,21,0
tide,random,random,10351,2,0,5,0,30,0,5,4,8,22,0
tide,random,random,10351,3,0,8,0,30,0,40,10,16,23,0
tide,random,random,10351,4,0,3,0,30,0,0,3,5,24,0
tide,random,random,10352,0,1,4,26,30,0,4,8,7,20,0
tide,random,random,10352,1,1,9,21,30,0,47,6,16,21,0
tide,random,random,10352,2,1,6,19,30,0,21,7,12,22,0
tide,random,random,10352,3,1,8,9,30,0,39,0,14,23,0
tide,random,random,10352,4,0,4,0,30,0,16,8,8,24,0
tide,random,random,10353,0,1,4,22,30,0,0,7,7,20,0
tide,random,random,10353,1,1,4,18,30,0,9,7,7,21,0
tide,random,random,10353,2,1,7,14,30,0,24,4,13,22,0
tide,random,random,10353,3,0,5,0,30,0,8,0,7,23,0
tide,random,random,10353,4,0,5,0,30,0,19,8,10,24,0
tide,random,random,10354,0,1,3,26,30,0,4,0,5,20,0
tide,random,random,10354,1,1,4,19,30,0,10,4,8,21,0
tide,random,random,10354,2,1,11,18,30,0,60,9,20,22,0
tide,random,random,10354,3,0,4,0,30,0,0,5,7,23,0
tide,random,random,10354,4,1,8,1,30,0,35,9,15,24,0
tide,random,random,10355,0,1,3,26,30,0,4,0,4,20,0
tide,random,random,10355,1,1,3,20,30,0,4,0,5,21,0
tide,random,random,10355,2,1,7,21,30,0,31,0,11,22,0
tide,random,random,10355,3,0,10,0,30,0,58,15,20,23,0
tide,random,random,10355,4,0,5,0,30,0,13,0,8,24,0
tide,random,random,10356,0,1,3,30,30,0,4,3,6,20,0
tide,random,random,10356,1,1,4,23,30,0,13,3,7,21,0
tide,random,random,10356,2,1,6,22,30,0,24,3,11,22,0
tide,random,random,10356,3,0,5,0,30,0,8,14,10,23,0
tide,random,random,10356,4,0,8,0,30,0,50,0,15,24,0
tide,random,random,10357,0,1,4,30,30,0,8,5,7,20,0
tide,random,random,10357,1,1,5,17,30,0,15,8,9,21,0
tide,random,random,10357,2,1,6,20,30,0,22,4,12,22,0
tide,random,random,10357,3,1,8,3,30,0,33,8,16,23,0
tide,random,random,10357,4,0,4,0,30,0,11,0,6,24,0
tide,random,random,10358,0,1,4,22,30,0,0,0,5,20,0
tide,random,random,10358,1,1,3,20,30,0,4,4,5,21,0
tide,random,random,10358,2,1,6,23,30,0,24,7,12,22,0
tide,random,random,10358,3,0,7,0,30,0,28,5,13,23,0
tide,random,random,10358,4,0,5,0,30,0,15,0,9,24,0
tide,random,random,10359,0,1,2,26,30,0,0,4,4,20,0
tide,random,random,10359,1,1,5,10,30,0,8,0,7,21,0
tide,random,random,10359,2,1,8,12,30,0,30,14,15,22,0
tide,random,random,10359,3,0,5,0,30,0,9,4,9,23,0
tide,random,random,10359,4,0,4,0,30,0,9,0,7,24,0
tide,random,random,10360,0,1,3,30,30,0,2,6,6,20,0
tide,random,random,10360,1,1,5,19,30,0,17,4,10,21,0
tide,random,random,10360,2,1,4,14,30,0,0,0,7,22,0
tide,random,random,10360,3,1,8,7,30,0,33,3,15,23,0
tide,random,random,10360,4,0,4,0,30,0,12,6,8,24,0
tide,random,random,10361,0,1,4,26,30,0,4,4,7,20,0
tide,random,random,10361,1,1,4,23,30,0,14,0,7,21,0
tide,random,random,10361,2,1,7,8,30,0,18,7,12,22,0
tide,random,random,10361,3,0,8,0,30,0,44,15,16,23,0
tide,random,random,10361,4,0,6,0,30,0,29,12,12,24,0
tide,random,random,10362,0,1,5,22,30,0,4,4,7,20,0
tide,random,random,10362,1,1,5,30,30,0,28,0,9,21,0
tide,random,random,10362,2,1,7,22,30,0,31,0,13,22,0
tide,random,random,10362,3,0,8,0,30,0,32,4,15,23,0
tide,random,random,10362,4,0,6,0,30,0,27,3,11,24,0
tide,random,random,10363,0,1,3,30,30,0,4,4,6,20,0
tide,random,random,10363,1,1,3,23,30,0,7,0,5,21,0
tide,random,random,10363,2,1,5,22,30,0,16,3,9,22,0
tide,random,random,10363,3,1,8,3,30,0,31,10,15,23,0
tide,random,random,10363,4,0,4,0,30,0,7,0,6,24,0
tide,random,random,10364,0,1,4,29,30,0,7,4,6,20,0
tide,random,random,10364,1,1,3,16,30,0,0,7,6,21,0
tide,random,random,10364,2,1,5,19,30,0,13,4,10,22,0
tide,random,random,10364,3,0,10,0,30,0,52,7,18,23,0
tide,random,random,10364,4,0,5,0,30,0,16,9,9,24,0
tide,random,random,10365,0,1,3,26,30,0,0,3,5,20,0
tide,random,random,10365,1,1,4,23,30,0,14,0,7,21,0
tide,random,random,10365,2,1,9,1,30,0,27,3,16,22,0
tide,random,random,10365,3,1,8,8,30,0,38,6,15,23,0
tide,random,random,10365,4,0,5,0,30,0,15,11,10,24,0
tide,random,random,10366,0,1,3,26,30,0,0,9,6,20,0
tide,random,random,10366,1,1,4,20,30,0,11,4,7,21,0
tide,random,random,10366,2,1,7,2,30,0,12,4,12,22,0
tide,random,random,10366,3,0,8,0,30,0,42,4,16,23,0
tide,random,random,10366,4,0,4,0,30,0,0,4,7,24,0
tide,random,random,10367,0,1,3,26,30,0,0,7,5,20,0
tide,random,random,10367,1,1,4,9,30,0,0,0,7,21,0
tide,random,random,10367,2,1,6,21,30,0,23,11,12,22,0
tide,random,random,10367,3,1,5,2,30,0,4,0,8,23,0
tide,random,random,10367,4,0,4,0,30,0,9,0,7,24,0
tide,random,random,10368,0,1,3,26,30,0,0,10,6,20,0
tide,random,random,10368,1,1,4,23,30,0,13,3,7,21,0
tide,random,random,10368,2,1,9,12,30,0,38,8,16,22,0
tide,random,random,10368,3,1,8,1,30,0,31,13,15,23,0
tide,random,random,10368,4,0,14,0,30,0,116,11,28,24,0
tide,random,random,10369,0,1,2,30,30,0,0,0,4,20,0
tide,random,random,10369,1,1,4,16,30,0,7,7,7,21,0
tide,random,random,10369,2,1,6,22,30,0,24,4,11,22,0
tide,random,random,10369,3,0,5,0,30,0,5,9,9,23,0
tide,random,random,10369,4,0,8,0,30,0,44,5,16,24,0
tide,random,random,10370,0,1,6,30,30,0,16,7,11,20,0
tide,random,random,10370,1,1,5,21,30,0,19,3,10,21,0
tide,random,random,10370,2,1,8,8,30,0,26,0,13,22,0
tide,random,random,10370,3,0,7,0,30,0,26,4,13,23,0
tide,random,random,10370,4,0,8,0,30,0,52,8,16,24,0
tide,random,random,10371,0,1,3,26,30,0,0,4,5,20,0
tide,random,random,10371,1,1,4,16,30,0,7,7,7,21,0
tide,random,random,10371,2,1,9,6,30,0,32,6,15,22,0
tide,random,random,10371,3,1,6,15,30,0,29,0,12,23,0
tide,random,random,10371,4,0,7,0,30,0,39,3,14,24,0
tide,random,random,10372,0,1,4,26,30,0,4,11,7,20,0
tide,random,random,10372,1,1,7,30,30,0,37,0,13,21,0
tide,random,random,10372,2,1,10,18,30,0,52,7,18,22,0
tide,random,random,10372,3,0,8,0,30,0,35,5,15,23,0
tide,random,random,10372,4,0,5,0,30,0,14,5,9,24,0
tide,random,random,10373,0,1,3,26,30,0,0,3,5,20,0
tide,random,random,10373,1,1,3,20,30,0,4,4,6,21,0
tide,random,random,10373,2,1,7,6,30,0,16,11,13,22,0
tide,random,random,10373,3,1,9,3,30,0,45,12,18,23,0
tide,random,random,10373,4,0,4,0,30,0,10,4,8,24,0
tide,random,random,10374,0,1,3,30,30,0,4,4,6,20,0
tide,random,random,10374,1,1,8,26,30,0,45,0,16,21,0
tide,random,random,10374,2,1,8,16,30,0,34,7,15,22,0
tide,random,random,10374,3,1,9,8,30,0,50,9,18,23,0
tide,random,random,10374,4,0,5,0,30,0,21,4,9,24,0
tide,random,random,10375,0,1,4,22,30,0,0,0,5,20,0
tide,random,random,10375,1,1,3,16,30,0,0,3,6,21,0
tide,random,random,10375,2,1,8,5,30,0,23,14,14,22,0
tide,random,random,10375,3,0,7,0,30,0,30,13,14,23,0
tide,random,random,10375,4,0,6,0,30,0,23,0,11,24,0
tide,random,random,10376,0,1,2,26,30,0,0,0,3,20,0
tide,random,random,10376,1,1,5,13,30,0,11,0,8,21,0
tide,random,random,10376,2,1,8,1,30,0,19,7,15,22,0
tide,random,random,10376,3,1,6,5,30,0,17,3,12,23,0
tide,random,random,10376,4,0,6,0,30,0,36,0,11,24,0
tide,random,random,10377,0,1,4,26,30,0,4,6,7,20,0
tide,random,random,10377,1,1,6,19,30,0,24,8,11,21,0
tide,random,random,10377,2,1,9,7,30,0,33,13,16,22,0
tide,random,random,10377,3,0,10,0,30,0,54,0,17,23,0
tide,random,random,10377,4,0,8,0,30,0,55,4,16,24,0
tide,random,random,10378,0,1,3,30,30,0,4,4,5,20,0
tide,random,random,10378,1,1,7,7,30,0,19,3,10,21,0
tide,random,random,10378,2,1,6,18,30,0,20,0,12,22,0
tide,random,random,10378,3,0,7,0,30,0,27,7,13,23,0
tide,random,random,10378,4,0,4,0,30,0,4,9,7,24,0
tide,random,random,10379,0,1,3,26,30,0,0,0,5,20,0
tide,random,random,10379,1,1,5,13,30,0,11,6,9,21,0
tide,random,random,10379,2,1,8,16,30,0,34,0,16,22,0
tide,random,random,10379,3,0,7,0,30,0,24,7,13,23,0
tide,random,random,10379,4,0,5,0,30,0,21,6,8,24,0
tide,random,random,10380,0,1,5,30,30,0,12,0,8,20,0
tide,random,random,10380,1,1,3,16,30,0,0,4,5,21,0
tide,random,random,10380,2,1,8,7,30,0,25,0,13,22,0
tide,random,random,10380,3,0,17,0,30,0,126,15,33,23,0
tide,random,random,10380,4,0,5,0,30,0,23,4,9,24,0
tide,random,random,10381,0,1,2,26,30,0,0,3,4,20,0
tide,random,random,10381,1,1,5,25,30,0,23,9,10,21,0
tide,random,random,10381,2,1,9,14,30,0,40,4,17,22,0
tide,random,random,10381,3,0,5,0,30,0,8,5,9,23,0
tide,random,random,10381,4,0,3,0,30,0,4,0,5,24,0
tide,random,random,10382,0,1,3,30,30,0,4,0,5,20,0
tide,random,random,10382,1,1,3,23,30,0,7,0,5,21,0
tide,random,random,10382,2,1,9,16,30,0,42,13,16,22,0
tide,random,random,10382,3,1,14,26,30,0,114,6,27,23,0
tide,random,random,10382,4,0,4,0,30,0,4,5,7,24,0
tide,random,random,10383,0,1,5,26,30,0,8,14,8,20,0
tide,random,random,10383,1,1,7,23,30,0,35,10,13,21,0
tide,random,random,10383,2,1,10,21,30,0,54,6,18,22,0
tide,random,random,10383,3,1,9,4,30,0,44,0,16,23,0
tide,random,random,10383,4,0,5,0,30,0,14,5,8,24,0
tide,random,random,10384,0,1,4,30,30,0,8,0,6,20,0
tide,random,random,10384,1,1,5,21,30,0,19,3,9,21,0
tide,random,random,10384,2,1,7,3,30,0,13,8,12,22,0
tide,random,random,10384,3,0,5,0,30,0,11,4,9,23,0
tide,random,random,10384,4,0,4,0,30,0,0,0,7,24,0
tide,random,random,10385,0,1,3,26,30,0,0,5,5,20,0
tide,random,random,10385,1,1,4,18,30,0,8,0,7,21,0
tide,random,random,10385,2,1,10,7,30,0,41,18,18,22,0
tide,random,random,10385,3,0,5,0,30,0,4,11,9,23,0
tide,random,random,10385,4,0,4,0,30,0,5,0,6,24,0
tide,random,random,10386,0,1,4,29,30,0,7,4,6,20,0
tide,random,random,10386,1,1,3,23,30,0,7,0,5,21,0
tide,random,random,10386,2,1,6,6,30,0,8,14,11,22,0
tide,random,random,10386,3,1,9,15,30,0,53,4,18,23,0
tide,random,random,10386,4,0,5,0,30,0,14,4,10,24,0
tide,random,random,10387,0,1,3,30,30,0,2,6,6,20,0
tide,random,random,10387,1,1,2,23,30,0,0,0,4,21,0
tide,random,random,10387,2,1,5,11,30,0,5,5,10,22,0
tide,random,random,10387,3,0,7,0,30,0,26,9,13,23,0
tide,random,random,10387,4,0,7,0,30,0,32,0,13,24,0
tide,random,random,10388,0,1,4,26,30,0,4,0,6,20,0
tide,random,random,10388,1,1,3,16,30,0,0,7,6,21,0
tide,random,random,10388,2,0,7,0,30,0,16,9,12,22,0
tide,random,random,10388,3,1,8,9,30,0,39,0,14,23,0
tide,random,random,10388,4,0,4,0,30,0,8,0,7,24,0
tide,random,random,10389,0,1,2,26,30,0,0,4,4,20,0
tide,random,random,10389,1,1,2,23,30,0,0,3,4,21,0
tide,random,random,10389,2,1,5,11,30,0,5,0,9,22,0
tide,random,random,10389,3,1,7,4,30,0,20,5,12,23,0
tide,random,random,10389,4,0,5,0,30,0,12,3,10,24,0
tide,random,random,10390,0,1,3,30,30,0,4,0,5,20,0
tide,random,random,10390,1,1,4,13,30,0,4,10,8,21,0
tide,random,random,10390,2,1,5,10,30,0,4,0,9,22,0
tide,random,random,10390,3,0,6,0,30,0,15,5,12,23,0
tide,random,random,10390,4,0,7,0,30,0,26,0,14,24,0
tide,random,random,10391,0,1,3,30,30,0,4,3,5,20,0
tide,random,random,10391,1,1,4,23,30,0,14,0,6,21,0
tide,random,random,10391,2,1,11,14,30,0,56,3,20,22,0
tide,random,random,10391,3,0,8,0,30,0,36,12,16,23,0
tide,random,random,10391,4,0,4,0,30,0,9,10,8,24,0
tide,random,random,10392,0,1,3,26,30,0,0,10,6,20,0
tide,random,random,10392,1,1,5,18,30,0,16,0,9,21,0
tide,random,random,10392,2,1,7,22,30,0,32,3,13,22,0
tide,random,random,10392,3,1,7,12,30,0,28,9,14,23,0
tide,random,random,10392,4,0,4,0,30,0,3,12,8,24,0
tide,random,random,10393,0,1,4,26,30,0,4,0,6,20,0
tide,random,random,10393,1,1,3,20,30,0,4,0,6,21,0
tide,random,random,10393,2,1,7,12,30,0,22,14,12,22,0
tide,random,random,10393,3,0,5,0,30,0,6,12,9,23,0
tide,random,random,10393,4,0,6,0,30,0,23,9,11,24,0
tide,random,random,10394,0,1,3,30,30,0,4,3,6,20,0
tide,random,random,10394,1,1,4,17,30,0,8,5,8,21,0
tide,random,random,10394,2,1,7,13,30,0,23,4,13,22,0
tide,random,random,10394,3,0,8,0,30,0,40,17,15,23,0
tide,random,random,10394,4,0,6,0,30,0,28,7,12,24,0
tide,random,random,10395,0,1,3,30,30,0,4,3,5,20,0
tide,random,random,10395,1,1,6,5,30,0,10,6,10,21,0
tide,random,random,10395,2,1,8,10,30,0,28,6,14,22,0
tide,random,random,10395,3,1,7,14,30,0,30,4,13,23,0
tide,random,random,10395,4,0,5,0,30,0,10,17,10,24,0
tide,random,random,10396,0,1,3,28,30,0,0,6,5,20,0
tide,random,random,10396,1,1,3,16,30,0,0,3,6,21,0
tide,random,random,10396,2,1,12,27,30,0,77,8,23,22,0
tide,random,random,10396,3,1,11,16,30,0,74,8,20,23,0
tide,random,random,10396,4,0,4,0,30,0,15,10,8,24,0
tide,random,random,10397,0,1,3,26,30,0,0,0,4,20,0
tide,random,random,10397,1,1,7,17,30,0,29,9,13,21,0
tide,random,random,10397,2,1,8,22,30,0,40,6,15,22,0
tide,random,random,10397,3,0,11,0,30,0,65,10,21,23,0
tide,random,random,10397,4,0,6,0,30,0,21,0,10,24,0
tide,random,random,10398,0,1,3,26,30,0,0,3,4,20,0
tide,random,random,10398,1,1,6,10,30,0,15,9,10,21,0
tide,random,random,10398,2,1,8,17,30,0,35,7,15,22,0
tide,random,random,10398,3,0,7,0,30,0,32,8,14,23,0
tide,random,random,10398,4,0,5,0,30,0,14,0,8,24,0
tide,random,random,10399,0,1,5,18,30,0,0,3,6,20,0
tide,random,random,10399,1,1,5,6,30,0,4,9,8,21,0
tide,random,random,10399,2,1,6,10,30,0,12,3,12,22,0
tide,random,random,10399,3,0,7,0,30,0,32,10,13,23,0
tide,random,random,10399,4,0,4,0,30,0,16,3,8,24,0
tide,random,random,10400,0,1,5,22,30,0,4,6,7,20,0
tide,random,random,10400,1,1,4,14,30,0,5,0,6,21,0
tide,random,random,10400,2,0,8,0,30,0,26,0,12,22,0
tide,random,random,10400,3,1,10,12,30,0,56,15,20,23,0
tide,random,random,10400,4,0,5,0,30,0,24,0,10,24,0
tide,random,random,10401,0,1,4,30,30,0,8,9,7,20,0
tide,random,random,10401,1,1,4,9,30,0,0,7,7,21,0
tide,random,random,10401,2,1,8,5,30,0,23,7,14,22,0
tide,random,random,10401,3,0,7,0,30,0,28,12,12,23,0
tide,random,random,10401,4,0,3,0,30,0,0,3,4,24,0
tide,random,random,10402,0,1,5,22,30,0,4,12,8,20,0
tide,random,random,10402,1,1,5,13,30,0,11,7,9,21,0
tide,random,random,10402,2,1,9,22,30,0,48,8,16,22,0
tide,random,random,10402,3,0,4,0,30,0,4,7,8,23,0
tide,random,random,10402,4,0,5,0,30,0,21,8,10,24,0
tide,random,random,10403,0,1,3,30,30,0,4,4,6,20,0
tide,random,random,10403,1,1,5,23,30,0,21,3,9,21,0
tide,random,random,10403,2,1,9,14,30,0,40,0,14,22,0
tide,random,random,10403,3,1,10,4,30,0,50,5,18,23,0
tide,random,random,10403,4,0,5,0,30,0,17,8,10,24,0
tide,random,random,10404,0,1,3,30,30,0,4,3,5,20,0
tide,random,random,10404,1,1,3,16,30,0,0,0,5,21,0
tide,random,random,10404,2,1,5,18,30,0,11,3,9,22,0
tide,random,random,10404,3,0,7,0,30,0,25,3,12,23,0
tide,random,random,10404,4,0,7,0,30,0,44,4,13,24,0
tide,random,random,10405,0,1,3,22,30,0,0,0,4,20,0
tide,random,random,10405,1,1,4,16,30,0,7,0,6,21,0
tide,random,random,10405,2,0,9,0,30,0,34,14,17,22,0
tide,random,random,10405,3,0,4,0,30,0,0,0,7,23,0
tide,random,random,10405,4,0,4,0,30,0,9,7,8,24,0
tide,random,random,10406,0,1,4,30,30,0,8,0,6,20,0
tide,random,random,10406,1,1,6,5,30,0,10,0,8,21,0
tide,random,random,10406,2,1,6,7,30,0,9,7,12,22,0
tide,random,random,10406,3,0,7,0,30,0,30,10,14,23,0
tide,random,random,10406,4,0,4,0,30,0,4,10,7,24,0
tide,random,random,10407,0,1,6,22,30,0,8,4,8,20,0
tide,random,random,10407,1,1,5,2,30,0,0,7,7,21,0
tide,random,random,10407,2,1,7,4,30,0,14,16,13,22,0
tide,random,random,10407,3,1,7,14,30,0,28,7,13,23,0
tide,random,random,10407,4,0,5,0,30,0,12,8,9,24,0
tide,random,random,10408,0,1,5,26,30,0,8,6,8,20,0
tide,random,random,10408,1,1,6,19,30,0,24,7,12,21,0
tide,random,random,10408,2,1,7,28,30,0,38,4,14,22,0
tide,random,random,10408,3,1,8,3,30,0,35,0,14,23,0
tide,random,random,10408,4,0,3,0,30,0,0,0,5,24,0
tide,random,random,10409,0,1,3,26,30,0,0,3,5,20,0
tide,random,random,10409,1,1,4,21,30,0,12,4,8,21,0
tide,random,random,10409,2,1,6,10,30,0,12,9,12,22,0
tide,random,random,10409,3,0,7,0,30,0,27,12,12,23,0
tide,random,random,10409,4,0,7,0,30,0,36,10,14,24,0
tide,random,random,10410,0,1,3,30,30,0,2,0,5,20,0
tide,random,random,10410,1,1,4,16,30,0,7,4,7,21,0
tide,random,random,10410,2,1,5,6,30,0,0,11,9,22,0
tide,random,random,10410,3,0,7,0,30,0,32,10,13,23,0
tide,random,random,10410,4,0,4,0,30,0,7,0,7,24,0
tide,random,random,10411,0,1,4,22,30,0,0,11,8,20,0
tide,random,random,10411,1,1,5,21,30,0,19,6,9,21,0
tide,random,random,10411,2,1,6,22,30,0,24,3,12,22,0
tide,random,random,10411,3,0,5,0,30,0,11,3,9,23,0
tide,random,random,10411,4,0,6,0,30,0,20,0,11,24,0
tide,random,random,10412,0,1,3,30,30,0,4,0,5,20,0
tide,random,random,10412,1,1,4,18,30,0,9,6,7,21,0
tide,random,random,10412,2,1,8,8,30,0,26,9,14,22,0
tide,random,random,10412,3,0,5,0,30,0,14,3,10,23,0
tide,random,random,10412,4,0,5,0,30,0,24,5,10,24,0
tide,random,random,10413,0,1,4,26,30,0,4,3,6,20,0
tide,random,random,10413,1,1,4,14,30,0,5,4,7,21,0
tide,random,random,10413,2,1,6,3,30,0,5,7,11,22,0
tide,random,random,10413,3,1,7,6,30,0,24,5,13,23,0
tide,random,random,10413,4,0,5,0,30,0,22,0,10,24,0
tide,random,random,10414,0,1,4,30,30,0,8,4,7,20,0
tide,random,random,10414,1,1,4,16,30,0,7,7,7,21,0
tide,random,random,10414,2,1,7,1,30,0,11,4,12,22,0
tide,random,random,10414,3,1,7,5,30,0,27,3,13,23,0
tide,random,random,10414,4,0,6,0,30,0,33,7,11,24,0
tide,random,random,10415,0,1,2,30,30,0,0,0,4,20,0
tide,random,random,10415,1,1,5,16,30,0,14,3,9,21,0
tide,random,random,10415,2,1,11,21,30,0,63,10,21,22,0
tide,random,random,10415,3,0,6,0,30,0,17,9,11,23,0
tide,random,random,10415,4,0,10,0,30,0,63,8,20,24,0
tide,random,random,10416,0,1,4,26,30,0,4,10,7,20,0
tide,random,random,10416,1,1,4,26,30,0,17,0,8,21,0
tide,random,random,10416,2,1,7,4,30,0,14,14,13,22,0
tide,random,random,10416,3,1,5,2,30,0,4,6,10,23,0
tide,random,random,10416,4,0,9,0,30,0,52,9,17,24,0
tide,random,random,10417,0,1,4,30,30,0,8,3,7,20,0
tide,random,random,10417,1,1,3,23,30,0,7,0,5,21,0
tide,random,random,10417,2,1,6,13,30,0,15,0,10,22,0
tide,random,random,10417,3,1,11,13,30,0,67,13,21,23,0
tide,random,random,10417,4,0,7,0,30,0,36,0,13,24,0
tide,random,random,10418,0,1,3,26,30,0,0,0,4,20,0
tide,random,random,10418,1,1,3,16,30,0,0,3,6,21,0
tide,random,random,10418,2,1,10,22,30,0,56,6,18,22,0
tide,random,random,10418,3,0,4,0,30,0,4,0,7,23,0
tide,random,random,10418,4,0,3,0,30,0,4,5,6,24,0
tide,random,random,10419,0,1,2,30,30,0,0,3,4,20,0
tide,random,random,10419,1,1,2,23,30,0,0,3,4,21,0
tide,random,random,10419,2,1,7,13,30,0,23,12,13,22,0
tide,random,random,10419,3,0,10,0,30,0,56,18,20,23,0
tide,random,random,10419,4,0,4,0,30,0,13,3,8,24,0
tide,random,random,10420,0,1,3,26,30,0,0,4,5,20,0
tide,random,random,10420,1,1,5,9,30,0,7,13,9,21,0
tide,random,random,10420,2,1,7,14,30,0,24,4,13,22,0
tide,random,random,10420,3,1,8,9,30,0,37,17,16,23,0
tide,random,random,10420,4,0,4,0,30,0,11,4,7,24,0
tide,random,random,10421,0,1,4,26,30,0,4,3,6,20,0
tide,random,random,10421,1,1,4,9,30,0,0,0,5,21,0
tide,random,random,10421,2,1,6,18,30,0,20,4,10,22,0
tide,random,random,10421,3,0,8,0,30,0,41,5,15,23,0
tide,random,random,10421,4,0,7,0,30,0,33,0,14,24,0
tide,random,random,10422,0,1,5,30,30,0,12,4,8,20,0
tide,random,random,10422,1,1,4,23,30,0,14,0,7,21,0
tide,random,random,10422,2,1,7,16,30,0,26,4,11,22,0
tide,random,random,10422,3,0,9,0,30,0,48,9,17,23,0
tide,random,random,10422,4,0,5,0,30,0,15,0,9,24,0
tide,random,random,10423,0,1,3,30,30,0,4,5,6,20,0
tide,random,random,10423,1,1,3,16,30,0,0,3,5,21,0
tide,random,random,10423,2,1,10,17,30,0,51,10,17,22,0
tide,random,random,10423,3,0,8,0,30,0,37,17,16,23,0
tide,random,random,10423,4,0,4,0,30,0,13,8,7,24,0
tide,random,random,10424,0,1,4,29,30,0,7,0,6,20,0
tide,random,random,10424,1,1,4,9,30,0,0,0,5,21,0
tide,random,random,10424,2,1,5,15,30,0,9,9,10,22,0
tide,random,random,10424,3,1,7,5,30,0,23,9,13,23,0
tide,random,random,10424,4,0,5,0,30,0,22,6,9,24,0
tide,random,random,10425,0,1,3,28,30,0,2,0,5,20,0
tide,random,random,10425,1,1,5,13,30,0,11,4,8,21,0
tide,random,random,10425,2,1,5,10,30,0,4,9,10,22,0
tide,random,random,10425,3,0,5,0,30,0,4,9,10,23,0
tide,random,random,10425,4,0,3,0,30,0,0,5,6,24,0
tide,random,random,10426,0,1,4,22,30,0,0,5,5,20,0
tide,random,random,10426,1,1,4,9,30,0,0,9,7,21,0
tide,random,random,10426,2,1,10,14,30,0,48,8,19,22,0
tide,random,random,10426,3,0,8,0,30,0,35,3,16,23,0
tide,random,random,10426,4,0,3,0,30,0,4,5,6,24,0
tide,random,random,10427,0,1,3,26,30,0,0,4,6,20,0
tide,random,random,10427,1,1,3,23,30,0,7,0,5,21,0
tide,random,random,10427,2,1,8,21,30,0,39,5,16,22,0
tide,random,random,10427,3,0,5,0,30,0,0,3,8,23,0
tide,random,random,10427,4,0,6,0,30,0,28,0,11,24,0
tide,random,random,10428,0,1,2,30,30,0,0,0,3,20,0
tide,random,random,10428,1,1,4,16,30,0,7,0,6,21,0
tide,random,random,10428,2,1,9,22,30,0,48,0,17,22,0
tide,random,random,10428,3,1,8,9,30,0,39,7,15,23,0
tide,random,random,10428,4,0,3,0,30,0,3,0,5,24,0
tide,random,random,10429,0,1,2,30,30,0,0,3,4,20,0
tide,random,random,10429,1,1,6,14,30,0,19,7,11,21,0
tide,random,random,10429,2,1,8,13,30,0,31,10,15,22,0
tide,random,random,10429,3,1,12,16,30,0,86,5,23,23,0
tide,random,random,10429,4,0,3,0,30,0,0,4,6,24,0
tide,random,random,10430,0,1,3,22,30,0,0,4,5,20,0
tide,random,random,10430,1,1,6,13,30,0,18,4,10,21,0
tide,random,random,10430,2,1,6,20,30,0,22,11,12,22,0
tide,random,random,10430,3,1,9,10,30,0,52,7,17,23,0
tide,random,random,10430,4,0,5,0,30,0,12,4,10,24,0
tide,random,random,10431,0,1,3,30,30,0,4,0,6,20,0
tide,random,random,10431,1,1,5,11,30,0,9,0,7,21,0
tide,random,random,10431,2,1,6,16,30,0,18,4,11,22,0
tide,random,random,10431,3,1,8,15,30,0,43,0,15,23,0
tide,random,random,10431,4,0,4,0,30,0,9,9,8,24,0
tide,random,random,10432,0,1,4,30,30,0,8,5,7,20,0
tide,random,random,10432,1,1,4,14,30,0,5,5,7,21,0
tide,random,random,10432,2,1,5,14,30,0,8,3,9,22,0
tide,random,random,10432,3,1,7,5,30,0,21,0,11,23,0
tide,random,random,10432,4,0,3,0,30,0,0,9,6,24,0
tide,random,random,10433,0,1,4,30,30,0,8,4,8,20,0
tide,random,random,10433,1,1,4,20,30,0,11,0,7,21,0
tide,random,random,10433,2,1,6,18,30,0,20,4,11,22,0
tide,random,random,10433,3,1,7,3,30,0,19,13,14,23,0
tide,random,random,10433,4,0,6,0,30,0,27,4,12,24,0
tide,random,random,10434,0,1,3,26,30,0,4,7,6,20,0
tide,random,random,10434,1,1,3,16,30,0,0,3,5,21,0
tide,random,random,10434,2,1,6,6,30,0,7,9,11,22,0
tide,random,random,10434,3,0,6,0,30,0,12,12,10,23,0
tide,random,random,10434,4,0,4,0,30,0,12,0,8,24,0
tide,random,random,10435,0,1,2,30,30,0,4,0,4,20,0
tide,random,random,10435,1,1,4,9,30,0,0,6,7,21,0
tide,random,random,10435,2,1,6,10,30,0,12,7,11,22,0
tide,random,random,10435,3,0,6,0,30,0,22,14,11,23,0
tide,random,random,10435,4,0,5,0,30,0,11,3,10,24,0
tide,random,random,10436,0,1,3,30,30,0,4,4,5,20,0
tide,random,random,10436,1,1,7,14,30,0,26,7,13,21,0
tide,random,random,10436,2,1,5,10,30,0,4,7,9,22,0
tide,random,random,10436,3,0,5,0,30,0,5,11,8,23,0
tide,random,random,10436,4,0,6,0,30,0,22,0,11,24,0
tide,random,random,10437,0,1,4,30,30,0,6,7,8,20,0
tide,random,random,10437,1,1,5,17,30,0,15,0,8,21,0
tide,random,random,10437,2,1,7,21,30,0,31,9,14,22,0
tide,random,random,10437,3,1,9,9,30,0,49,11,18,23,0
tide,random,random,10437,4,0,5,0,30,0,28,0,10,24,0
tide,random,random,10438,0,1,5,26,30,0,8,6,9,20,0
tide,random,random,10438,1,1,5,7,30,0,5,4,8,21,0
tide,random,random,10438,2,1,11,14,30,0,56,11,21,22,0
tide,random,random,10438,3,0,5,0,30,0,11,7,10,23,0
tide,random,random,10438,4,0,5,0,30,0,10,8,10,24,0
tide,random,random,10439,0,1,3,26,30,0,0,0,3,20,0
tide,random,random,10439,1,1,3,16,30,0,0,3,5,21,0
tide,random,random,10439,2,1,8,15,30,0,33,15,14,22,0
tide,random,random,10439,3,1,8,3,30,0,33,0,15,23,0
tide,random,random,10439,4,0,8,0,30,0,46,5,16,24,0
tide,random,random,10440,0,1,4,26,30,0,4,3,6,20,0
tide,random,random,10440,1,1,5,14,30,0,12,4,9,21,0
tide,random,random,10440,2,1,6,14,30,0,16,5,11,22,0
tide,random,random,10440,3,1,6,4,30,0,18,6,10,23,0
tide,random,random,10440,4,0,6,0,30,0,15,8,11,24,0
tide,random,random,10441,0,1,3,30,30,0,4,3,6,20,0
tide,random,random,10441,1,1,4,16,30,0,7,0,7,21,0
tide,random,random,10441,2,0,6,0,30,0,8,11,11,22,0
tide,random,random,10441,3,0,5,0,30,0,9,6,9,23,0
tide,random,random,10441,4,0,5,0,30,0,17,0,9,24,0
tide,random,random,10442,0,1,3,30,30,0,4,0,5,20,0
tide,random,random,10442,1,1,3,23,30,0,2,0,6,21,0
tide,random,random,10442,2,1,7,6,30,0,16,7,12,22,0
tide,random,random,10442,3,0,4,0,30,0,0,10,8,23,0
tide,random,random,10442,4,0,4,0,30,0,4,12,8,24,0
tide,random,random,10443,0,1,2,26,30,0,0,4,4,20,0
tide,random,random,10443,1,1,6,25,30,0,30,4,11,21,0
tide,random,random,10443,2,1,8,14,30,0,32,0,15,22,0
tide,random,random,10443,3,1,9,8,30,0,50,0,16,23,0
tide,random,random,10443,4,0,6,0,30,0,27,3,10,24,0
tide,random,random,10444,0,1,2,26,30,0,0,0,4,20,0
tide,random,random,10444,1,1,3,21,30,0,0,3,5,21,0
tide,random,random,10444,2,1,6,14,30,0,16,0,11,22,0
tide,random,random,10444,3,0,8,0,30,0,40,4,16,23,0
tide,random,random,10444,4,0,4,0,30,0,9,0,7,24,0
tide,random,random,10445,0,1,4,30,30,0,8,7,7,20,0
tide,random,random,10445,1,1,5,23,30,0,21,3,9,21,0
tide,random,random,10445,2,1,10,14,30,0,48,8,18,22,0
tide,random,random,10445,3,0,6,0,30,0,13,9,12,23,0
tide,random,random,10445,4,1,12,4,30,0,87,12,23,24,0
tide,random,random,10446,0,1,5,30,30,0,10,4,8,20,0
tide,random,random,10446,1,1,4,23,30,0,14,3,7,21,0
tide,random,random,10446,2,1,8,18,30,0,36,8,16,22,0
tide,random,random,10446,3,0,10,0,30,0,56,23,20,23,0
tide,random,random,10446,4,0,3,0,30,0,0,0,4,24,0
tide,random,random,10447,0,1,3,26,30,0,0,3,5,20,0
tide,random,random,10447,1,1,4,16,30,0,7,9,7,21,0
tide,random,random,10447,2,0,7,0,30,0,17,7,13,22,0
tide,random,random,10447,3,1,8,4,30,0,36,11,16,23,0
tide,random,random,10447,4,0,4,0,30,0,4,13,8,24,0
tide,random,random,10448,0,1,4,27,30,0,5,7,7,20,0
tide,random,random,10448,1,1,3,23,30,0,7,4,6,21,0
tide,random,random,10448,2,1,10,7,30,0,41,10,18,22,0
tide,random,random,10448,3,0,4,0,30,0,0,4,8,23,0
tide,random,random,10448,4,0,5,0,30,0,15,3,9,24,0
tide,random,random,10449,0,1,5,26,30,0,8,11,9,20,0
tide,random,random,10449,1,1,5,11,30,0,9,3,8,21,0
tide,random,random,10449,2,1,8,18,30,0,36,4,15,22,0
tide,random,random,10449,3,0,14,0,30,0,96,5,25,23,0
tide,random,random,10449,4,0,5,0,30,0,20,0,10,24,0
tide,random,random,10450,0,1,3,30,30,0,4,0,5,20,0
tide,random,random,10450,1,1,5,9,30,0,7,4,8,21,0
tide,random,random,10450,2,1,9,17,30,0,43,11,18,22,0
tide,random,random,10450,3,1,13,9,30,0,83,12,25,23,0
tide,random,random,10450,4,0,6,0,30,0,22,8,10,24,0
tide,random,random,10451,0,1,4,24,30,0,0,9,7,20,0
tide,random,random,10451,1,1,3,16,30,0,0,0,4,21,0
tide,random,random,10451,2,1,9,7,30,0,33,17,16,22,0
tide,random,random,10451,3,1,11,8,30,0,66,6,20,23,0
tide,random,random,10451,4,0,5,0,30,0,13,6,10,24,0
tide,random,random,10452,0,1,5,26,30,0,8,4,7,20,0
tide,random,random,10452,1,1,4,14,30,0,5,3,7,21,0
tide,random,random,10452,2,0,8,0,30,0,23,13,13,22,0
tide,random,random,10452,3,1,9,2,30,0,44,10,17,23,0
tide,random,random,10452,4,0,7,0,30,0,37,8,13,24,0
tide,random,random,10453,0,1,4,30,30,0,8,7,8,20,0
tide,random,random,10453,1,1,3,16,30,0,0,3,5,21,0
tide,random,random,10453,2,1,10,22,30,0,56,4,18,22,0
tide,random,random,10453,3,1,11,7,30,0,65,0,20,23,0
tide,random,random,10453,4,0,6,0,30,0,23,3,11,24,0
tide,random,random,10454,0,1,3,30,30,0,4,0,4,20,0
tide,random,random,10454,1,1,5,18,30,0,16,4,8,21,0
tide,random,random,10454,2,0,6,0,30,0,8,14,11,22,0
tide,random,random,10454,3,0,6,0,30,0,16,6,10,23,0
tide,random,random,10454,4,0,5,0,30,0,23,13,9,24,0
tide,random,random,10455,0,1,6,30,30,0,16,7,10,20,0
tide,random,random,10455,1,1,3,20,30,0,4,4,6,21,0
tide,random,random,10455,2,1,7,12,30,0,22,0,13,22,0
tide,random,random,10455,3,0,4,0,30,0,0,7,7,23,0
tide,random,random,10455,4,0,4,0,30,0,9,8,7,24,0
tide,random,random,10456,0,1,4,26,30,0,4,8,7,20,0
tide,random,random,10456,1,1,4,9,30,0,0,5,7,21,0
tide,random,random,10456,2,1,7,5,30,0,15,14,12,22,0
tide,random,random,10456,3,0,5,0,30,0,9,11,10,23,0
tide,random,random,10456,4,0,5,0,30,0,14,8,9,24,0
tide,random,random,10457,0,1,5,26,30,0,8,0,7,20,0
tide,random,random,10457,1,1,4,23,30,0,9,0,7,21,0
tide,random,random,10457,2,1,7,14,30,0,24,0,12,22,0
tide,random,random,10457,3,1,8,13,30,0,39,7,16,23,0
tide,random,random,10457,4,0,6,0,30,0,26,4,11,24,0
tide,random,random,10458,0,1,3,26,30,0,0,4,5,20,0
tide,random,random,10458,1,1,6,7,30,0,12,13,11,21,0
tide,random,random,10458,2,1,9,12,30,0,38,16,17,22,0
tide,random,random,10458,3,0,7,0,30,0,30,3,12,23,0
tide,random,random,10458,4,0,4,0,30,0,0,9,7,24,0
tide,random,random,10459,0,1,5,18,30,0,0,6,7,20,0
tide,random,random,10459,1,1,3,16,30,0,0,3,6,21,0
tide,random,random,10459,2,1,6,10,30,0,12,0,10,22,0
tide,random,random,10459,3,1,7,6,30,0,22,5,12,23,0
tide,random,random,10459,4,0,5,0,30,0,20,4,10,24,0
tide,random,random,10460,0,1,3,22,30,0,0,0,3,20,0
tide,random,random,10460,1,1,3,16,30,0,0,3,5,21,0
tide,random,random,10460,2,1,8,10,30,0,28,0,14,22,0
tide,random,random,10460,3,0,8,0,30,0,31,8,14,23,0
tide,random,random,10460,4,0,7,0,30,0,39,9,14,24,0
tide,random,random,10461,0,1,3,26,30,0,0,9,6,20,0
tide,random,random,10461,1,1,3,23,30,0,7,4,6,21,0
tide,random,random,10461,2,0,4,0,30,0,0,0,4,22,0
tide,random,random,10461,3,0,5,0,30,0,8,8,8,23,0
tide,random,random,10461,4,0,5,0,30,0,11,5,9,24,0
tide,random,random,10462,0,1,4,30,30,0,8,3,7,20,0
tide,random,random,10462,1,1,4,21,30,0,12,0,8,21,0
tide,random,random,10462,2,1,8,6,30,0,24,3,13,22,0
tide,random,random,10462,3,0,5,0,30,0,11,4,9,23,0
tide,random,random,10462,4,0,7,0,30,0,41,10,14,24,0
tide,random,random,10463,0,1,4,26,30,0,8,4,7,20,0
tide,random,random,10463,1,1,6,13,30,0,18,16,12,21,0
tide,random,random,10463,2,1,7,19,30,0,29,4,14,22,0
tide,random,random,10463,3,0,8,0,30,0,38,5,15,23,0
tide,random,random,10463,4,0,5,0,30,0,15,4,9,24,0
tide,random,random,10464,0,1,3,30,30,0,4,3,5,20,0
tide,random,random,10464,1,1,4,10,30,0,0,11,8,21,0
tide,random,random,10464,2,1,6,13,30,0,14,7,12,22,0
tide,random,random,10464,3,0,5,0,30,0,18,18,10,23,0
tide,random,random,10464,4,0,7,0,30,0,39,11,14,24,0
tide,random,random,10465,0,1,4,26,30,0,4,0,6,20,0
tide,random,random,10465,1,1,6,21,30,0,26,0,10,21,0
tide,random,random,10465,2,1,6,10,30,0,12,7,11,22,0
tide,random,random,10465,3,0,9,0,30,0,43,12,17,23,0
tide,random,random,10465,4,0,4,0,30,0,9,3,7,24,0
tide,random,random,10466,0,1,3,26,30,0,0,3,5,20,0
tide,random,random,10466,1,1,4,15,30,0,6,0,6,21,0
tide,random,random,10466,2,1,9,8,30,0,34,10,17,22,0
tide,random,random,10466,3,1,8,12,30,0,40,0,16,23,0
tide,random,random,10466,4,0,8,0,30,0,43,5,16,24,0
tide,random,random,10467,0,1,3,30,30,0,4,0,5,20,0
tide,random,random,10467,1,1,4,14,30,0,5,4,7,21,0
tide,random,random,10467,2,1,6,21,30,0,23,6,12,22,0
tide,random,random,10467,3,0,5,0,30,0,10,15,10,23,0
tide,random,random,10467,4,0,4,0,30,0,3,10,8,24,0
tide,random,random,10468,0,1,3,26,30,0,4,3,5,20,0
tide,random,random,10468,1,1,6,23,30,0,28,4,11,21,0
tide,random,random,10468,2,1,6,14,30,0,16,0,10,22,0
tide,random,random,10468,3,0,7,0,30,0,22,8,13,23,0
tide,random,random,10468,4,0,3,0,30,0,0,0,4,24,0
tide,random,random,10469,0,1,4,30,30,0,8,3,7,20,0
tide,random,random,10469,1,1,6,19,30,0,24,3,10,21,0
tide,random,random,10469,2,1,8,20,30,0,38,0,14,22,0
tide,random,random,10469,3,0,11,0,30,0,70,14,21,23,0
tide,random,random,10469,4,0,4,0,30,0,8,4,7,24,0
tide,random,random,10470,0,1,3,22,30,0,0,0,4,20,0
tide,random,random,10470,1,1,3,16,30,0,0,3,5,21,0
tide,random,random,10470,2,1,5,6,30,0,0,7,9,22,0
tide,random,random,10470,3,1,8,14,30,0,46,5,15,23,0
tide,random,random,10470,4,0,5,0,30,0,11,9,10,24,0
tide,random,random,10471,0,1,3,30,30,0,4,0,5,20,0
tide,random,random,10471,1,1,4,21,30,0,12,0,7,21,0
tide,random,random,10471,2,1,10,12,30,0,46,11,18,22,0
tide,random,random,10471,3,0,7,0,30,0,32,9,14,23,0
tide,random,random,10471,4,0,4,0,30,0,4,10,8,24,0
tide,random,random,10472,0,1,4,30,30,0,8,0,7,20,0
tide,random,random,10472,1,1,3,20,30,0,4,3,5,21,0
tide,random,random,10472,2,1,7,22,30,0,32,3,13,22,0
tide,random,random,10472,3,0,7,0,30,0,26,5,14,23,0
tide,random,random,10472,4,0,6,0,30,0,26,8,12,24,0
tide,random,random,10473,0,1,5,22,30,0,4,3,6,20,0
tide,random,random,10473,1,1,3,23,30,0,7,0,5,21,0
tide,random,random,10473,2,1,6,1,30,0,3,10,11,22,0
tide,random,random,10473,3,0,6,0,30,0,19,0,12,23,0
tide,random,random,10473,4,0,4,0,30,0,6,4,7,24,0
tide,random,random,10474,0,1,5,30,30,0,12,6,9,20,0
tide,random,random,10474,1,1,4,19,30,0,5,4,8,21,0
tide,random,random,10474,2,1,8,18,30,0,36,4,14,22,0
tide,random,random,10474,3,0,8,0,30,0,36,9,14,23,0
tide,random,random,10474,4,0,3,0,30,0,4,3,6,24,0
tide,random,random,10475,0,1,3,26,30,0,4,0,5,20,0
tide,random,random,10475,1,1,4,13,30,0,4,0,6,21,0
tide,random,random,10475,2,1,9,1,30,0,27,12,15,22,0
tide,random,random,10475,3,0,5,0,30,0,10,4,9,23,0
tide,random,random,10475,4,0,4,0,30,0,8,4,7,24,0
tide,random,random,10476,0,1,2,26,30,0,0,3,4,20,0
tide,random,random,10476,1,1,4,18,30,0,4,5,6,21,0
tide,random,random,10476,2,1,5,14,30,0,8,4,10,22,0
tide,random,random,10476,3,0,5,0,30,0,8,3,9,23,0
tide,random,random,10476,4,0,4,0,30,0,5,4,8,24,0
tide,random,random,10477,0,1,3,26,30,0,0,9,6,20,0
tide,random,random,10477,1,1,6,20,30,0,25,6,10,21,0
tide,random,random,10477,2,1,7,15,30,0,25,9,13,22,0
tide,random,random,10477,3,1,9,15,30,0,59,8,17,23,0
tide,random,random,10477,4,0,4,0,30,0,6,8,7,24,0
tide,random,random,10478,0,1,5,26,30,0,8,9,9,20,0
tide,random,random,10478,1,1,4,9,30,0,0,9,7,21,0
tide,random,random,10478,2,1,7,11,30,0,21,7,14,22,0
tide,random,random,10478,3,1,8,10,30,0,42,6,16,23,0
tide,random,random,10478,4,0,4,0,30,0,6,5,8,24,0
tide,random,random,10479,0,1,3,30,30,0,4,3,5,20,0
tide,random,random,10479,1,1,8,16,30,0,35,7,15,21,0
tide,random,random,10479,2,1,6,9,30,0,11,4,11,22,0
tide,random,random,10479,3,0,8,0,30,0,34,5,15,23,0
tide,random,random,10479,4,0,8,0,30,0,44,3,16,24,0
tide,random,random,10480,0,1,6,22,30,0,8,22,12,20,0
tide,random,random,10480,1,1,4,14,30,0,5,4,7,21,0
tide,random,random,10480,2,1,5,6,30,0,0,0,7,22,0
tide,random,random,10480,3,0,6,0,30,0,20,0,10,23,0
tide,random,random,10480,4,0,3,0,30,0,0,7,5,24,0
tide,random,random,10481,0,1,6,26,30,0,12,10,11,20,0
tide,random,random,10481,1,1,3,16,30,0,0,7,6,21,0
tide,random,random,10481,2,1,7,21,30,0,31,5,12,22,0
tide,random,random,10481,3,0,5,0,30,0,5,14,10,23,0
tide,random,random,10481,4,0,6,0,30,0,11,10,12,24,0
tide,random,random,10482,0,1,4,26,30,0,4,6,6,20,0
tide,random,random,10482,1,1,4,20,30,0,11,6,8,21,0
tide,random,random,10482,2,0,6,0,30,0,4,11,10,22,0
tide,random,random,10482,3,0,5,0,30,0,15,0,9,23,0
tide,random,random,10482,4,0,4,0,30,0,4,3,7,24,0
tide,random,random,10483,0,1,5,26,30,0,8,3,8,20,0
tide,random,random,10483,1,1,4,17,30,0,8,11,8,21,0
tide,random,random,10483,2,1,6,14,30,0,16,0,10,22,0
tide,random,random,10483,3,1,12,4,30,0,76,17,22,23,0
tide,random,random,10483,4,0,7,0,30,0,37,8,14,24,0
tide,random,random,10484,0,1,2,30,30,0,4,3,4,20,0
tide,random,random,10484,1,1,4,23,30,0,14,0,7,21,0
tide,random,random,10484,2,1,6,11,30,0,13,10,11,22,0
tide,random,random,10484,3,1,7,4,30,0,20,0,13,23,0
tide,random,random,10484,4,0,6,0,30,0,30,5,11,24,0
tide,random,random,10485,0,1,3,30,30,0,4,4,5,20,0
tide,random,random,10485,1,1,4,18,30,0,4,4,7,21,0
tide,random,random,10485,2,1,6,21,30,0,22,4,12,22,0
tide,random,random,10485,3,0,6,0,30,0,15,3,12,23,0
tide,random,random,10485,4,0,3,0,30,0,0,12,6,24,0
tide,random,random,10486,0,1,7,26,30,0,16,12,12,20,0
tide,random,random,10486,1,1,4,24,30,0,15,4,8,21,0
tide,random,random,10486,2,1,8,19,30,0,37,6,15,22,0
tide,random,random,10486,3,1,9,6,30,0,48,3,17,23,0
tide,random,random,10486,4,0,4,0,30,0,0,4,7,24,0
tide,random,random,10487,0,1,2,30,30,0,0,0,4,20,0
tide,random,random,10487,1,1,6,10,30,0,15,7,10,21,0
tide,random,random,10487,2,1,5,14,30,0,8,6,9,22,0
tide,random,random,10487,3,0,5,0,30,0,9,11,9,23,0
tide,random,random,10487,4,0,7,0,30,0,44,3,13,24,0
tide,random,random,10488,0,1,2,30,30,0,0,0,4,20,0
tide,random,random,10488,1,1,5,2,30,0,0,11,8,21,0
tide,random,random,10488,2,1,9,18,30,0,44,15,18,22,0
tide,random,random,10488,3,1,8,7,30,0,35,0,14,23,0
tide,random,random,10488,4,0,6,0,30,0,30,10,11,24,0
tide,random,random,10489,0,1,4,26,30,0,4,3,6,20,0
tide,random,random,10489,1,1,4,21,30,0,12,3,8,21,0
tide,random,random,10489,2,1,7,8,30,0,18,8,12,22,0
tide,random,random,10489,3,0,6,0,30,0,16,20,12,23,0
tide,random,random,10489,4,0,7,0,30,0,33,5,13,24,0
tide,random,random,10490,0,1,4,26,30,0,4,6,6,20,0
tide,random,random,10490,1,1,4,10,30,0,0,12,7,21,0
tide,random,random,10490,2,1,6,21,30,0,22,4,11,22,0
tide,random,random,10490,3,1,12,17,30,0,89,12,23,23,0
tide,random,random,10490,4,0,9,0,30,0,53,13,18,24,0
tide,random,random,10491,0,1,3,30,30,0,4,6,6,20,0
tide,random,random,10491,1,1,4,14,30,0,5,3,6,21,0
tide,random,random,10491,2,1,7,17,30,0,27,0,12,22,0
tide,random,random,10491,3,1,7,14,30,0,34,8,14,23,0
tide,random,random,10491,4,0,6,0,30,0,33,13,12,24,0
tide,random,random,10492,0,1,3,30,30,0,4,3,6,20,0
tide,random,random,10492,1,1,5,23,30,0,21,7,9,21,0
tide,random,random,10492,2,1,8,11,30,0,28,0,13,22,0
tide,random,random,10492,3,0,7,0,30,0,25,3,13,23,0
tide,random,random,10492,4,0,4,0,30,0,0,5,8,24,0
tide,random,random,10493,0,1,4,26,30,0,4,13,8,20,0
tide,random,random,10493,1,1,4,16,30,0,7,0,6,21,0
tide,random,random,10493,2,1,9,5,30,0,31,9,14,22,0
tide,random,random,10493,3,0,6,0,30,0,13,10,11,23,0
tide,random,random,10493,4,0,8,0,30,0,47,4,15,24,0
tide,random,random,10494,0,1,4,26,30,0,4,8,7,20,0
tide,random,random,10494,1,1,4,23,30,0,14,3,7,21,0
tide,random,random,10494,2,1,6,22,30,0,24,3,11,22,0
tide,random,random,10494,3,1,11,28,30,0,88,9,22,23,0
tide,random,random,10494,4,0,6,0,30,0,32,3,11,24,0
tide,random,random,10495,0,1,2,26,30,0,0,0,3,20,0
tide,random,random,10495,1,1,4,17,30,0,8,3,7,21,0
tide,random,random,10495,2,1,9,22,30,0,48,3,16,22,0
tide,random,random,10495,3,0,5,0,30,0,9,0,8,23,0
tide,random,random,10495,4,0,4,0,30,0,7,3,8,24,0
tide,random,random,10496,0,1,3,22,30,0,0,0,4,20,0
tide,random,random,10496,1,1,5,17,30,0,15,0,8,21,0
tide,random,random,10496,2,1,8,10,30,0,28,10,15,22,0
tide,random,random,10496,3,1,12,10,30,0,82,10,24,23,0
tide,random,random,10496,4,0,5,0,30,0,25,13,9,24,0
tide,random,random,10497,0,1,2,26,30,0,0,0,4,20,0
tide,random,random,10497,1,1,6,12,30,0,17,10,11,21,0
tide,random,random,10497,2,1,7,20,30,0,30,0,14,22,0
tide,random,random,10497,3,0,6,0,30,0,17,7,12,23,0
tide,random,random,10497,4,0,4,0,30,0,6,5,7,24,0
tide,random,random,10498,0,1,3,30,30,0,4,11,6,20,0
tide,random,random,10498,1,1,4,16,30,0,7,0,6,21,0
tide,random,random,10498,2,1,5,14,30,0,8,0,9,22,0
tide,random,random,10498,3,0,7,0,30,0,25,8,12,23,0
tide,random,random,10498,4,0,5,0,30,0,9,0,9,24,0
tide,random,random,10499,0,1,4,22,30,0,0,14,7,20,0
tide,random,random,10499,1,1,4,18,30,0,9,0,7,21,0
tide,random,random,10499,2,0,9,0,30,0,33,18,18,22,0
tide,random,random,10499,3,1,9,5,30,0,47,10,18,23,0
tide,random,random,10499,4,0,4,0,30,0,13,0,8,24,0
